signal_date,ticker,universe_type,name,entry_close,daily_history_count,trading_value,avg_trading_value_20d_prior,trading_value_ratio_20d_prior,volume_ratio_20d_prior,close_price,daily_return,daily_range_pct,market_cap,flat_candle,clv,upper_wick_ratio,lower_wick_ratio,recent_confirmed_swing_low,previous_confirmed_swing_low,higher_low_pct,support_level,low_vs_support_pct,close_vs_support_pct,prior_high_5,prior_low_5,breakout_pct_5,low_vs_prior_high_pct_5,close_vs_prior_low_pct_5,box_width_pct_5,prior_high_10,prior_low_10,breakout_pct_10,low_vs_prior_high_pct_10,close_vs_prior_low_pct_10,box_width_pct_10,prior_high_20,prior_low_20,breakout_pct_20,low_vs_prior_high_pct_20,close_vs_prior_low_pct_20,box_width_pct_20,prior_high_60,prior_low_60,breakout_pct_60,low_vs_prior_high_pct_60,close_vs_prior_low_pct_60,box_width_pct_60,next_trade_date,next_open,next_high,next_low,next_close,next_open_gap_return,next_close_return,mfe,mae,hit_plus_2pct,hit_minus_2pct,first_touch,intraday_path_available,split,universe_membership_mode,management_status_available,halt_status_available,listing_date_available,quote_spread_available,stock_return_5d,stock_return_20d,atr14_pct,avg_range_pct_5d,avg_range_pct_20d,atr_expansion_5d,stop_to_atr_ratio,volume_anchor_ratio,close_vs_swing_avwap_pct,close_vs_volume_anchor_avwap_pct,sampled_new_low_count,sampled_bar_count,afternoon_last_observation,afternoon_end_quality,return_after_1430,sampled_up_down_volume_ratio,sampled_afternoon_clv,close_vs_sampled_high_pct,close_vs_sampled_poc_pct,sampled_afternoon_volume_ratio,sector,prior_value_percentile,today_value_ratio_percentile,liquidity_pass,setup_a,setup_b_5,setup_b_10,setup_b_20,setup_b_60,setup_b,setup_c,price_action_pass,price_action_types,above_swing_avwap,above_volume_anchor_avwap,avwap_above_count,sampled_poc_recovered,location_data_available,location_pass,flow_price_not_weaker,flow_no_new_low,flow_up_volume_dominant,flow_strong_close,afternoon_data_available,afternoon_condition_count,afternoon_flow_pass,market_return_20d_proxy,sector_proxy_available,sector_return_5d_proxy,rs5_sector_proxy,rs20_market_proxy,sector_strength_percentile,market_strength_percentile,relative_strength_pass,relative_strength_quality,atr_percentile,volatility_pass,technical_pass,market_manual_state,final_pass,decision,stage_reason
2026-07-21,000080,market_cap_10000eok_plus,하이트진로,14620,127,1131857145,2080285844.25,0.5440873176772808,0.5495530700187335,14620,-0.010825439783491153,0.02435723951285521,1025353392820,False,0.3055555555555556,0.6388888888888888,0.3055555555555556,14580.0,13830.0,0.054229934924078016,14580.0,-0.004801097393689946,0.00274348422496562,15350.0,14480.0,-0.047557003257329034,-0.0547231270358306,0.00966850828729271,0.060082872928176795,15400.0,14480.0,-0.05064935064935061,-0.05779220779220784,0.00966850828729271,0.06353591160220995,15580.0,13830.0,-0.061617458279845994,-0.06867779204107827,0.057122198120028944,0.1265365148228489,17440.0,13830.0,-0.16169724770642202,-0.16800458715596334,0.057122198120028944,0.26102675343456255,,,,,,,,,,,,unavailable,False,outside_analysis,retrospective_snapshot,False,False,False,False,-0.022727272727272707,-0.0324288550628723,0.03400429939417628,0.03141850765098542,0.03517650651123152,-0.07025320298743087,0.5881609195402299,1.306302161972772,-0.021247739237024166,-0.023408699716045533,,,,,,,,,,,,0.03832752613240418,0.33797909407665505,False,False,False,False,False,False,False,False,False,,False,False,0,False,False,False,False,False,False,False,False,0,False,-0.12028639618138426,False,-0.038828337874659447,0.01610106514738674,0.08785754111851196,0.627177700348432,0.7142857142857143,True,universe_proxy,0.017421602787456445,False,False,pending,False,기술조건 탈락,"탈락: 유동성, Price Action, AVWAP·위치, 오후 흐름, 변동성"
2026-07-21,000100,market_cap_10000eok_plus,유한양행,69600,127,12891777250,21642789880.0,0.5956615261470163,0.6016702314381301,69600,0.005780346820809301,0.031791907514450865,5543473029600,False,0.7727272727272727,0.22727272727272727,0.045454545454545456,66200.0,66600.0,-0.006006006006005982,66200.0,0.025679758308157163,0.051359516616314105,71300.0,66200.0,-0.02384291725105192,-0.04768583450210384,0.051359516616314105,0.0770392749244713,71300.0,66200.0,-0.02384291725105192,-0.04768583450210384,0.051359516616314105,0.0770392749244713,75900.0,65000.0,-0.08300395256916993,-0.1054018445322793,0.0707692307692307,0.1676923076923077,97700.0,65000.0,-0.28761514841351077,-0.3050153531218014,0.0707692307692307,0.5030769230769231,,,,,,,,,,,,unavailable,False,outside_analysis,retrospective_snapshot,False,False,False,False,0.022026431718061623,-0.05177111716621252,0.04233374384236453,0.03743635051166263,0.049824366878691774,-0.2341367859713407,0.47243636363636365,1.4698730184709807,0.010786884348672698,0.0004582507490615839,,,,,,,,,,,,0.4634146341463415,0.4529616724738676,True,False,False,False,False,False,False,False,False,,True,True,2,False,False,False,False,False,False,False,False,0,False,-0.12028639618138426,False,-0.038828337874659447,0.06085476959272107,0.06851527901517174,0.8850174216027874,0.6550522648083623,True,universe_proxy,0.0627177700348432,False,False,pending,False,기술조건 탈락,"탈락: Price Action, AVWAP·위치, 오후 흐름, 변동성"
2026-07-21,000120,market_cap_10000eok_plus,CJ대한통운,71300,127,1919060850,4081965940.0,0.47013151951973414,0.4885418877038513,71300,-0.002797202797202747,0.023776223776223775,1626520127200,False,0.4117647058823529,0.47058823529411764,0.4117647058823529,71100.0,69500.0,0.02302158273381294,71100.0,-0.007032348804500654,0.002812939521800173,75900.0,71000.0,-0.06060606060606055,-0.06982872200263501,0.004225352112676051,0.06901408450704226,78000.0,71000.0,-0.08589743589743593,-0.09487179487179487,0.004225352112676051,0.09859154929577464,80000.0,69500.0,-0.10875000000000001,-0.11750000000000005,0.025899280575539585,0.1510791366906475,109100.0,69500.0,-0.34647112740604946,-0.3528872593950504,0.025899280575539585,0.5697841726618705,,,,,,,,,,,,unavailable,False,outside_analysis,retrospective_snapshot,False,False,False,False,-0.03125,-0.07161458333333337,0.04167501502704869,0.02853130912891566,0.04493188097688448,-0.18516251453755272,0.4799038461538461,1.4021264079866227,-0.020429089939778988,-0.020429089939778988,,,,,,,,,,,,0.10452961672473868,0.23693379790940766,False,False,False,False,False,False,False,False,False,,False,False,0,False,False,False,False,False,False,False,False,0,False,-0.12028639618138426,False,-0.038828337874659447,0.0075783378746594465,0.04867181284805089,0.5749128919860628,0.6202090592334495,False,universe_proxy,0.04878048780487805,False,False,pending,False,기술조건 탈락,"탈락: 유동성, Price Action, AVWAP·위치, 오후 흐름, 상대강도, 변동성"
2026-07-21,000150,market_cap_10000eok_plus,두산,1123000,127,53626661000,124605347425.0,0.4303720675573567,0.5355001611270066,1123000,0.003574620196604039,0.1063449508489723,18185676705000,False,0.4789915966386555,0.5210084033613446,0.453781512605042,1160000.0,1160000.0,0.0,1160000.0,-0.08103448275862069,-0.03189655172413797,1428000.0,1101000.0,-0.2135854341736695,-0.2535014005602241,0.019981834695731227,0.2970027247956403,1503000.0,1101000.0,-0.2528276779773786,-0.2907518296739854,0.019981834695731227,0.3651226158038147,1768500.0,1101000.0,-0.36499858637263216,-0.3972292903590614,0.019981834695731227,0.6062670299727521,2489000.0,1101000.0,-0.5488147850542386,-0.5717155484130172,0.019981834695731227,1.2606721162579473,,,,,,,,,,,,unavailable,False,outside_analysis,retrospective_snapshot,False,False,False,False,-0.09289176090468498,-0.31146535867565905,0.13465207988805494,0.0867700868553601,0.102334824958994,0.07399440801646029,0.14853094000944736,2.366016861949187,-0.06874775897790375,-0.06874775897790375,,,,,,,,,,,,0.8745644599303136,0.1672473867595819,True,False,False,False,False,False,False,False,False,,False,False,0,False,False,False,False,False,False,False,False,0,False,-0.12028639618138426,False,-0.038828337874659447,-0.05406342303002554,-0.1911789624942748,0.1951219512195122,0.18118466898954705,False,universe_proxy,0.89198606271777,False,False,pending,False,기술조건 탈락,"탈락: Price Action, AVWAP·위치, 오후 흐름, 상대강도, 변동성"
2026-07-21,000240,market_cap_10000eok_plus,한국앤컴퍼니,25150,127,1549648400,2414088547.5,0.6419186245694246,0.6257361295293393,25150,0.018218623481781382,0.05668016194331984,2387621286000,False,0.6785714285714286,0.32142857142857145,0.17857142857142858,24300.0,23850.0,0.018867924528301883,24300.0,-0.004115226337448541,0.034979423868312765,25800.0,24300.0,-0.025193798449612448,-0.06201550387596899,0.034979423868312765,0.06172839506172839,26450.0,23850.0,-0.04914933837429114,-0.0850661625708885,0.05450733752620551,0.1090146750524109,26450.0,22200.0,-0.04914933837429114,-0.0850661625708885,0.13288288288288297,0.19144144144144143,32000.0,22100.0,-0.21406250000000004,-0.24375000000000002,0.1380090497737556,0.4479638009049774,,,,,,,,,,,,unavailable,False,outside_analysis,retrospective_snapshot,False,False,False,False,0.020283975659229236,0.034979423868312765,0.05041181482533371,0.04271875629284434,0.047588408298271614,0.032469869212027325,0.3967323943661972,0.9656425590416988,0.009673649088476788,0.009673649088476788,,,,,,,,,,,,0.059233449477351915,0.5435540069686411,False,True,False,False,False,False,False,False,True,A,True,True,2,False,False,False,False,False,False,False,False,0,False,-0.12028639618138426,False,-0.038828337874659447,0.05911231353388868,0.15526582004969702,0.8815331010452961,0.8571428571428571,True,universe_proxy,0.14634146341463414,False,False,pending,False,기술조건 탈락,"탈락: 유동성, AVWAP·위치, 오후 흐름, 변동성"
2026-07-21,000250,market_cap_10000eok_plus,삼천당제약,167800,127,244400038000,26988371492.5,9.055753440622311,10.479366142624148,167800,-0.29790794979079493,0.3619246861924686,3936163801600,False,0.003468208092485549,0.028901734104046242,0.003468208092485549,173100.0,183300.0,-0.0556464811783961,173100.0,-0.03235124205661466,-0.030618139803581745,239000.0,173100.0,-0.29790794979079493,-0.299163179916318,-0.030618139803581745,0.3807047949162334,239000.0,173100.0,-0.29790794979079493,-0.299163179916318,-0.030618139803581745,0.3807047949162334,252000.0,173100.0,-0.33412698412698416,-0.33531746031746035,-0.030618139803581745,0.4558058925476603,502000.0,173100.0,-0.6657370517928287,-0.6663346613545817,-0.030618139803581745,1.9000577700751011,,,,,,,,,,,,unavailable,False,outside_analysis,retrospective_snapshot,False,False,False,False,-0.09248242293131426,-0.30517598343685304,0.1462625574663715,0.11032470180369032,0.09535205757578466,0.33928283076565013,0.13674039580908035,10.479366142624148,-0.1424788711291265,-0.14576616324453162,0.0,61.0,15:30,exact_1530,0.0017910447761193549,9.826347305389222,0.5,-0.0017846519928613747,0.0,0.05919739136193737,제약,0.5156794425087108,1.0,True,False,False,False,False,False,False,False,False,,False,False,0,True,True,False,True,True,True,False,True,3,True,-0.12028639618138426,False,-0.038828337874659447,-0.05365408505665481,-0.18488958725546878,0.1986062717770035,0.18466898954703834,False,universe_proxy,0.9337979094076655,False,False,pending,False,기술조건 탈락,"탈락: Price Action, AVWAP·위치, 상대강도, 변동성"
2026-07-21,000270,market_cap_10000eok_plus,기아,144600,127,123980957250,162033460959.55,0.7651565085124645,0.7843468598309716,144600,0.03285714285714292,0.054285714285714284,56453719510800,False,0.9605263157894737,0.039473684210526314,0.2894736842105263,138700.0,130000.0,0.06692307692307686,138700.0,-0.010093727469358327,0.04253785147801015,151100.0,138100.0,-0.043017868960953054,-0.09133024487094643,0.047067342505430876,0.0941346850108617,162900.0,138100.0,-0.11233885819521183,-0.15715162676488648,0.047067342505430876,0.17958001448225924,162900.0,130000.0,-0.11233885819521183,-0.15715162676488648,0.11230769230769222,0.2530769230769231,184200.0,130000.0,-0.21498371335504884,-0.254614549402823,0.11230769230769222,0.4169230769230769,,,,,,,,,,,,unavailable,False,outside_analysis,retrospective_snapshot,False,False,False,False,0.0076655052264809065,-0.044914134742404244,0.06559968385694527,0.048510493591435645,0.06058588936364678,0.006797287002315189,0.30487951807228914,1.4375255020394968,0.009174382968581085,-0.017111629293519837,3.0,61.0,15:30,exact_1530,0.004166666666666652,5.045983691408024,0.8823529411764706,-0.0013812154696132284,0.0,0.38232645954972044,로봇,0.9059233449477352,0.7247386759581882,True,False,False,False,False,False,False,False,False,,True,False,1,True,True,True,True,False,True,True,True,3,True,-0.12028639618138426,True,-0.016410256410256396,0.024075761636737303,0.07537226143898001,1.0,0.6724738675958188,True,sector_constituent_proxy,0.37282229965156793,True,False,pending,False,기술조건 탈락,탈락: Price Action
2026-07-21,000500,market_cap_10000eok_plus,가온전선,181100,127,23837876400,56656866642.5,0.4207411707113097,0.5325103686614924,181100,0.04020677771395742,0.06547960941987363,2995958126500,False,0.35964912280701755,0.5964912280701754,0.35964912280701755,210500.0,157258.0,0.33856465171883143,210500.0,-0.15914489311163893,-0.139667458432304,260500.0,170600.0,-0.3047984644913627,-0.32053742802303264,0.061547479484173495,0.5269636576787807,292000.0,170600.0,-0.37979452054794516,-0.3938356164383562,0.061547479484173495,0.7116060961313013,326000.0,157258.0,-0.44447852760736195,-0.4570552147239264,0.15161072886594007,1.0730264914980479,352859.0,84130.0,-0.48676383484621333,-0.49838320689000426,1.152620943777487,3.1942113395934864,,,,,,,,,,,,unavailable,False,outside_analysis,retrospective_snapshot,False,False,False,False,-0.26828282828282823,-0.03720912923513686,0.20623964660408614,0.10323264654793365,0.12952761705307086,0.3522260675169562,0.09697456492637216,1.6987422905171252,-0.18147000146300107,-0.2151408638173279,,,,,,,,,,,,0.686411149825784,0.14285714285714285,True,False,False,False,False,False,False,False,False,,False,False,0,False,False,False,False,False,False,False,False,0,False,-0.12028639618138426,False,-0.038828337874659447,-0.2294544904081688,0.0830772669462474,0.006968641114982578,0.6933797909407665,False,universe_proxy,0.9965156794425087,False,False,pending,False,기술조건 탈락,"탈락: Price Action, AVWAP·위치, 오후 흐름, 상대강도, 변동성"
2026-07-21,000660,market_cap_10000eok_plus,SK하이닉스,1836000,127,8463537080489,15113455766572.8,0.5600001224874218,0.7141545253653805,1836000,0.04081632653061229,0.08900226757369614,1308521542140000,False,0.6624203821656051,0.3375796178343949,0.27388535031847133,1678000.0,2076000.0,-0.1917148362235067,1678000.0,0.03218116805721105,0.09415971394517286,2171000.0,1678000.0,-0.1543067710732381,-0.2022109626900046,0.09415971394517286,0.2938021454112038,2497000.0,1678000.0,-0.2647176611934321,-0.3063676411694033,0.09415971394517286,0.48808104886769965,2987000.0,1678000.0,-0.3853364579845999,-0.4201540006695681,0.09415971394517286,0.7800953516090584,2987000.0,1183000.0,-0.3853364579845999,-0.4201540006695681,0.551986475063398,1.5249366018596788,,,,,,,,,,,,unavailable,False,outside_analysis,retrospective_snapshot,False,False,False,False,-0.004878048780487809,-0.37101747173689614,0.1357376283846872,0.08278797744159783,0.09764050679468277,-0.06354088109602818,0.14734307824591575,1.700721003524943,-0.02505788950578869,-0.02505788950578869,2.0,61.0,15:30,exact_1530,-0.007567567567567601,3.9343779348962484,0.0625,-0.01607717041800638,0.0,0.24009421435727824,반도체 메모리,1.0,0.3832752613240418,True,False,False,False,False,False,False,False,False,,False,False,0,True,True,False,False,False,True,False,True,1,False,-0.12028639618138426,True,0.017681728880157177,-0.022559777660644986,-0.2507310755555119,0.3333333333333333,0.07317073170731707,False,sector_constituent_proxy,0.9059233449477352,False,False,pending,False,기술조건 탈락,"탈락: Price Action, AVWAP·위치, 오후 흐름, 상대강도, 변동성"
2026-07-21,000720,market_cap_10000eok_plus,현대건설,93800,127,34858269350,72374632960.0,0.48163656138008276,0.5699332536342951,93800,0.03076923076923066,0.07692307692307693,10445170757000,False,0.7142857142857143,0.2857142857142857,0.17142857142857143,94200.0,96400.0,-0.022821576763485507,94200.0,-0.0573248407643312,-0.00424628450106157,109200.0,90100.0,-0.14102564102564108,-0.18681318681318682,0.04106548279689237,0.21198668146503885,120200.0,90100.0,-0.21963394342762066,-0.2612312811980033,0.04106548279689237,0.3340732519422864,132100.0,90100.0,-0.28993186979560936,-0.32778198334595,0.04106548279689237,0.46614872364039955,179500.0,90100.0,-0.47743732590529253,-0.5052924791086351,0.04106548279689237,0.9922308546059934,,,,,,,,,,,,unavailable,False,outside_analysis,retrospective_snapshot,False,False,False,False,-0.07586206896551728,-0.2660406885758998,0.08802924154736522,0.058717485621615974,0.07621308148367609,-0.02426246303583479,0.22719723183391002,1.1001278464498259,-0.028138719190859085,-0.11261369394495524,,,,,,,,,,,,0.7665505226480837,0.25435540069686413,True,False,False,False,False,False,False,False,False,,False,False,0,False,False,False,False,False,False,False,False,0,False,-0.12028639618138426,False,-0.038828337874659447,-0.037033731090857835,-0.14575429239451554,0.28222996515679444,0.2578397212543554,False,universe_proxy,0.578397212543554,False,False,pending,False,기술조건 탈락,"탈락: Price Action, AVWAP·위치, 오후 흐름, 상대강도, 변동성"
2026-07-21,000810,market_cap_10000eok_plus,삼성화재,618000,127,58794567000,89616047056.6,0.6560718635900814,0.6905443744996921,618000,0.02657807308970095,0.06478405315614617,27592138314000,False,0.8717948717948718,0.1282051282051282,0.41025641025641024,599000.0,597000.0,0.003350083752093891,599000.0,-0.025041736227045086,0.03171953255425719,701000.0,601000.0,-0.11840228245363771,-0.166904422253923,0.028286189683860208,0.16638935108153077,701000.0,599000.0,-0.11840228245363771,-0.166904422253923,0.03171953255425719,0.17028380634390652,715000.0,597000.0,-0.13566433566433567,-0.18321678321678325,0.035175879396984966,0.19765494137353434,757000.0,451000.0,-0.18361955085865256,-0.2285336856010568,0.3702882483370289,0.6784922394678492,,,,,,,,,,,,unavailable,False,outside_analysis,retrospective_snapshot,False,False,False,False,-0.032863849765258246,-0.09781021897810216,0.07466481738326398,0.07040412400037073,0.06370392521175314,0.22559900240491682,0.2678637770897833,1.6852755088699234,-0.037084994214544253,-0.037084994214544253,1.0,61.0,15:30,exact_1530,0.0016207455429497752,6.2179607109448085,0.4444444444444444,-0.008025682182985605,0.0,0.32131256766885985,밸류업금융,0.8118466898954704,0.5749128919860628,True,False,False,False,False,False,False,False,False,,False,False,0,True,True,False,True,False,True,False,True,2,False,-0.12028639618138426,True,-0.032863849765258246,0.0,0.0224761772032821,0.5555555555555556,0.5505226480836237,False,sector_constituent_proxy,0.47038327526132406,True,False,pending,False,기술조건 탈락,"탈락: Price Action, AVWAP·위치, 오후 흐름, 상대강도"
2026-07-21,000880,market_cap_10000eok_plus,한화,86700,127,11215001900,17791748562.5,0.6303484933256122,0.7247296175359639,86700,-0.005733944954128489,0.07224770642201835,6113036577300,False,0.7301587301587301,0.1746031746031746,0.7301587301587301,85800.0,87100.0,-0.014925373134328401,85800.0,-0.04312354312354316,0.010489510489510412,99500.0,85800.0,-0.12864321608040197,-0.17487437185929644,0.010489510489510412,0.15967365967365968,115300.0,85800.0,-0.2480485689505637,-0.2879444926279271,0.010489510489510412,0.34382284382284384,116900.0,85800.0,-0.2583404619332763,-0.2976903336184773,0.010489510489510412,0.36247086247086246,166400.0,85800.0,-0.47896634615384615,-0.5066105769230769,0.010489510489510412,0.9393939393939394,,,,,,,,,,,,unavailable,False,outside_analysis,retrospective_snapshot,False,False,False,False,-0.06067172264355358,-0.23274336283185837,0.0954852529246993,0.07078691747684154,0.07565306379967175,0.0333839516691492,0.20945642795513372,1.4585120220085894,-0.03360059207948607,-0.04808163093355,,,,,,,,,,,,0.42857142857142855,0.5331010452961672,True,False,False,False,False,False,False,False,False,,False,False,0,False,False,False,False,False,False,False,False,0,False,-0.12028639618138426,False,-0.038828337874659447,-0.021843384768894136,-0.11245696665047411,0.3797909407665505,0.32752613240418116,False,universe_proxy,0.6411149825783972,False,False,pending,False,기술조건 탈락,"탈락: Price Action, AVWAP·위치, 오후 흐름, 상대강도, 변동성"
2026-07-21,000990,market_cap_10000eok_plus,DB하이텍,104700,127,23544289550,100181351537.5,0.23501668912089765,0.3040962018646251,104700,0.026470588235294024,0.047058823529411764,4554930363600,False,0.8541666666666666,0.14583333333333334,0.2916666666666667,105900.0,107200.0,-0.012126865671641784,105900.0,-0.050047214353163394,-0.011331444759206777,123600.0,101500.0,-0.15291262135922334,-0.18608414239482196,0.03152709359605921,0.21773399014778325,124100.0,101500.0,-0.15632554391619657,-0.1893634165995165,0.03152709359605921,0.22266009852216748,174300.0,101500.0,-0.39931153184165236,-0.4228341939185313,0.03152709359605921,0.7172413793103448,230500.0,101500.0,-0.5457700650759219,-0.5635574837310195,0.03152709359605921,1.270935960591133,,,,,,,,,,,,unavailable,False,outside_analysis,retrospective_snapshot,False,False,False,False,-0.054200542005420016,-0.3982758620689655,0.0996043116386956,0.07097088908098427,0.08725612679442775,-0.11537672104498309,0.2007945205479452,2.683587050351582,-0.05616727465150684,-0.1309955250259971,,,,,,,,,,,,0.8257839721254355,0.024390243902439025,False,False,False,False,False,False,False,False,False,,False,False,0,False,False,False,False,False,False,False,False,0,False,-0.12028639618138426,False,-0.038828337874659447,-0.01537220413076057,-0.2779894658875812,0.4146341463414634,0.04878048780487805,False,universe_proxy,0.6655052264808362,False,False,pending,False,기술조건 탈락,"탈락: 유동성, Price Action, AVWAP·위치, 오후 흐름, 상대강도, 변동성"
2026-07-21,001040,market_cap_10000eok_plus,CJ,130100,127,9360040250,17755358155.0,0.5271670764559692,0.6074460120618216,130100,0.01087801087801088,0.05128205128205128,3795927439800,False,0.7121212121212122,0.2878787878787879,0.0,134000.0,148300.0,-0.09642616318273767,134000.0,-0.06417910447761199,-0.02910447761194035,149400.0,127300.0,-0.12918340026773767,-0.1606425702811245,0.021995286724273422,0.17360565593087196,157800.0,127300.0,-0.17553865652724965,-0.2053231939163498,0.021995286724273422,0.23959151610369206,180300.0,127300.0,-0.27842484747642815,-0.3044925124792013,0.021995286724273422,0.41633935585231735,234500.0,127300.0,-0.4452025586353945,-0.46524520255863544,0.021995286724273422,0.8421052631578947,,,,,,,,,,,,unavailable,False,outside_analysis,retrospective_snapshot,False,False,False,False,-0.08765778401122015,-0.22835112692763937,0.07472274074887449,0.05559420782009496,0.0634779910600431,0.015496798033036274,0.2676561351947098,1.6123692737160142,-0.04966491927734196,-0.02193491142692139,,,,,,,,,,,,0.4250871080139373,0.3170731707317073,True,False,False,False,False,False,False,False,False,,False,False,0,False,False,False,False,False,False,False,False,0,False,-0.12028639618138426,False,-0.038828337874659447,-0.048829446136560706,-0.10806473074625511,0.2264808362369338,0.33797909407665505,False,universe_proxy,0.4738675958188153,True,False,pending,False,기술조건 탈락,"탈락: Price Action, AVWAP·위치, 오후 흐름, 상대강도"
2026-07-21,001120,market_cap_10000eok_plus,LX인터내셔널,37500,127,2085342700,4822496678.75,0.4324197275633012,0.41880546408674046,37500,0.025991792065663377,0.0533515731874145,1453500000000,False,0.7435897435897436,0.2564102564102564,0.0,35800.0,36000.0,-0.005555555555555536,35800.0,0.006983240223463749,0.04748603351955305,38350.0,35800.0,-0.022164276401564487,-0.059973924380704036,0.04748603351955305,0.0712290502793296,38600.0,35800.0,-0.02849740932642486,-0.06606217616580312,0.04748603351955305,0.0782122905027933,38600.0,33050.0,-0.02849740932642486,-0.06606217616580312,0.13464447806354007,0.16792738275340394,57700.0,33050.0,-0.3500866551126517,-0.37521663778162917,0.13464447806354007,0.745839636913767,,,,,,,,,,,,unavailable,False,outside_analysis,retrospective_snapshot,False,False,False,False,0.008064516129032251,0.05337078651685401,0.04114285714285714,0.040772259423882275,0.04380577520142528,-0.034810810810810944,0.48611111111111116,1.1036522061846434,0.01895085040262212,0.027470810836319304,,,,,,,,,,,,0.1254355400696864,0.17073170731707318,False,False,False,False,False,False,False,False,False,,True,True,2,False,False,False,False,False,False,False,False,0,False,-0.12028639618138426,False,-0.038828337874659447,0.0468928540036917,0.17365718269823827,0.8397212543554007,0.8710801393728222,True,universe_proxy,0.041811846689895474,False,False,pending,False,기술조건 탈락,"탈락: 유동성, Price Action, AVWAP·위치, 오후 흐름, 변동성"
2026-07-21,001430,market_cap_10000eok_plus,세아베스틸지주,30950,127,2569928875,6176823300.0,0.41605996321766237,0.44925923317643457,30950,-0.020569620253164556,0.0490506329113924,1109932583050,False,0.3870967741935484,0.6129032258064516,0.25806451612903225,29400.0,29400.0,0.0,29400.0,0.03231292517006801,0.05272108843537415,33950.0,29400.0,-0.08836524300441828,-0.10603829160530187,0.05272108843537415,0.15476190476190477,33950.0,29400.0,-0.08836524300441828,-0.10603829160530187,0.05272108843537415,0.15476190476190477,40950.0,29400.0,-0.24420024420024422,-0.2588522588522588,0.05272108843537415,0.39285714285714285,83900.0,29400.0,-0.6311084624553039,-0.6382598331346842,0.05272108843537415,1.8537414965986394,,,,,,,,,,,,unavailable,False,outside_analysis,retrospective_snapshot,False,False,False,False,0.023140495867768562,-0.2134688691232529,0.07096699746134319,0.06390598172766995,0.067307979714332,-0.07524543308065113,0.2818211382113821,1.3698096164345117,-0.023314694090149968,-0.06534000662526251,,,,,,,,,,,,0.18118466898954705,0.13240418118466898,False,False,False,False,False,False,False,False,False,,False,False,0,False,False,False,False,False,False,False,False,0,False,-0.12028639618138426,False,-0.038828337874659447,0.06196883374242801,-0.09318247294186865,0.8989547038327527,0.37630662020905925,False,universe_proxy,0.42160278745644597,True,False,pending,False,기술조건 탈락,"탈락: 유동성, Price Action, AVWAP·위치, 오후 흐름, 상대강도"
2026-07-21,001440,market_cap_10000eok_plus,대한전선,26550,127,48354232300,87097971810.0,0.5551705888798698,0.6972041339977303,26550,0.03913894324853229,0.11154598825831702,5203603423800,False,0.7192982456140351,0.2807017543859649,0.2631578947368421,26650.0,26950.0,-0.011131725417439675,26650.0,-0.08067542213883683,-0.0037523452157598447,31500.0,25050.0,-0.15714285714285714,-0.2222222222222222,0.05988023952095811,0.25748502994011974,33400.0,25050.0,-0.20508982035928147,-0.2664670658682635,0.05988023952095811,0.3333333333333333,38850.0,25050.0,-0.31660231660231664,-0.36936936936936937,0.05988023952095811,0.5508982035928144,75900.0,25050.0,-0.650197628458498,-0.6772068511198945,0.05988023952095811,2.029940119760479,,,,,,,,,,,,unavailable,False,outside_analysis,retrospective_snapshot,False,False,False,False,-0.06183745583038869,-0.2882037533512064,0.10909335485606672,0.07402566049169257,0.08496483347956608,-0.0017832056819021558,0.18332922318125772,1.8818920308172171,-0.03605775418482848,-0.15240016150433333,,,,,,,,,,,,0.8013937282229965,0.3693379790940767,True,False,False,False,False,False,False,False,False,,False,False,0,False,False,False,False,False,False,False,False,0,False,-0.12028639618138426,False,-0.038828337874659447,-0.02300911795572924,-0.16791735716982215,0.3693379790940767,0.22996515679442509,False,universe_proxy,0.7491289198606271,False,False,pending,False,기술조건 탈락,"탈락: Price Action, AVWAP·위치, 오후 흐름, 상대강도, 변동성"
2026-07-21,001450,market_cap_10000eok_plus,현대해상,37150,127,10058087875,15998116664.1,0.6287044960467435,0.6197637520958721,37150,0.012261580381471404,0.047683923705722074,3166972487500,False,0.6,0.4,0.34285714285714286,35550.0,33600.0,0.05803571428571419,35550.0,0.015471167369901506,0.04500703234880454,39950.0,35600.0,-0.07008760951188986,-0.09637046307884856,0.0435393258426966,0.12219101123595505,39950.0,35550.0,-0.07008760951188986,-0.09637046307884856,0.04500703234880454,0.12376933895921238,39950.0,33300.0,-0.07008760951188986,-0.09637046307884856,0.11561561561561562,0.1996996996996997,43250.0,29550.0,-0.1410404624277457,-0.16531791907514448,0.25719120135363793,0.46362098138747887,,,,,,,,,,,,unavailable,False,outside_analysis,retrospective_snapshot,False,False,False,False,-0.036316472114137466,0.009510869565217295,0.062295712363007114,0.05796129020162748,0.059011069507624116,0.09336572235170526,0.3210493827160494,1.2832986208164887,-0.014101396830753732,0.015258827252368379,,,,,,,,,,,,0.3902439024390244,0.5226480836236934,True,False,False,False,False,False,False,False,False,,False,True,1,False,False,False,False,False,False,False,False,0,False,-0.12028639618138426,False,-0.038828337874659447,0.0025118657605219807,0.12979726574660155,0.5261324041811847,0.818815331010453,False,universe_proxy,0.313588850174216,True,False,pending,False,기술조건 탈락,"탈락: Price Action, AVWAP·위치, 오후 흐름, 상대강도"
2026-07-21,001720,market_cap_10000eok_plus,신영증권,142700,127,909405400,2141131020.0,0.4247313179368164,0.47969488211014993,142700,0.012056737588652444,0.04113475177304964,2345988000000,False,0.7758620689655172,0.22413793103448276,0.13793103448275862,145300.0,146200.0,-0.006155950752393946,145300.0,-0.048864418444597435,-0.01789401238816246,161000.0,139300.0,-0.11366459627329195,-0.14161490683229816,0.024407753050969205,0.15577889447236182,179000.0,139300.0,-0.20279329608938546,-0.22793296089385473,0.024407753050969205,0.28499641062455133,179000.0,139300.0,-0.20279329608938546,-0.22793296089385473,0.024407753050969205,0.28499641062455133,222000.0,139300.0,-0.3572072072072072,-0.3774774774774775,0.024407753050969205,0.5936826992103375,,,,,,,,,,,,unavailable,False,outside_analysis,retrospective_snapshot,False,False,False,False,-0.0580858085808581,-0.16304985337243405,0.06817499249174092,0.046179759228949326,0.06020574013122139,-0.0203309005759994,0.2933627019089574,0.996074871905021,-0.031500530640726,-0.025916518920649834,,,,,,,,,,,,0.04529616724738676,0.14982578397212543,False,False,False,False,False,False,False,False,False,,False,False,0,False,False,False,False,False,False,False,False,0,False,-0.12028639618138426,False,-0.038828337874659447,-0.019257470706198654,-0.04276345719104979,0.397212543554007,0.45993031358885017,False,universe_proxy,0.40069686411149824,True,False,pending,False,기술조건 탈락,"탈락: 유동성, Price Action, AVWAP·위치, 오후 흐름, 상대강도"
2026-07-21,001740,market_cap_10000eok_plus,SK네트웍스,7560,127,8401224035,39737286207.75,0.2114191691671562,0.27437300339001136,7560,0.020242914979757165,0.04048582995951417,1516489800840,False,0.8,0.2,0.2,7670.0,8050.0,-0.047204968944099424,7670.0,-0.04563233376792697,-0.014341590612777066,8880.0,7340.0,-0.14864864864864868,-0.17567567567567566,0.02997275204359684,0.2098092643051771,9610.0,7340.0,-0.21331945889698234,-0.23829344432882416,0.02997275204359684,0.30926430517711173,11000.0,7340.0,-0.31272727272727274,-0.3345454545454546,0.02997275204359684,0.4986376021798365,16240.0,5280.0,-0.5344827586206897,-0.5492610837438423,0.4318181818181819,2.0757575757575757,,,,,,,,,,,,unavailable,False,outside_analysis,retrospective_snapshot,False,False,False,False,-0.07239263803680984,-0.2551724137931034,0.09004157218442932,0.0628440998056157,0.08153873615433287,-0.17280649064062925,0.2221196222455404,1.0608483117194947,-0.04828093847845194,-0.21541727430662927,,,,,,,,,,,,0.6202090592334495,0.010452961672473868,False,False,False,False,False,False,False,False,False,,False,False,0,False,False,False,False,False,False,False,False,0,False,-0.12028639618138426,False,-0.038828337874659447,-0.033564300162150396,-0.13488601761171914,0.30313588850174217,0.2787456445993031,False,universe_proxy,0.5958188153310104,False,False,pending,False,기술조건 탈락,"탈락: 유동성, Price Action, AVWAP·위치, 오후 흐름, 상대강도, 변동성"
2026-07-21,001800,market_cap_10000eok_plus,오리온홀딩스,25150,127,1872793375,2586630303.75,0.7240282356102046,0.723211818425058,25150,-0.007889546351084853,0.0631163708086785,1512939797800,False,0.65625,0.34375,0.5,24650.0,22200.0,0.11036036036036045,24650.0,-0.022312373225152116,0.020283975659229236,28050.0,24850.0,-0.10338680926916222,-0.14081996434937616,0.012072434607645954,0.12877263581488935,28050.0,24650.0,-0.10338680926916222,-0.14081996434937616,0.020283975659229236,0.13793103448275862,28050.0,22200.0,-0.10338680926916222,-0.14081996434937616,0.13288288288288297,0.2635135135135135,29950.0,22200.0,-0.1602671118530885,-0.19532554257095158,0.13288288288288297,0.3490990990990991,,,,,,,,,,,,unavailable,False,outside_analysis,retrospective_snapshot,False,False,False,False,-0.06156716417910446,0.006000000000000005,0.05154785572280602,0.044735740538486196,0.05536524360413085,-0.005616685491166007,0.3879889807162535,1.1620814813974036,-0.03407898615418292,-0.03889340666775454,,,,,,,,,,,,0.06968641114982578,0.6689895470383276,False,False,False,False,False,False,False,False,False,,False,False,0,False,False,False,False,False,False,False,False,0,False,-0.12028639618138426,False,-0.038828337874659447,-0.022738826304445015,0.12628639618138426,0.37282229965156793,0.8013937282229965,False,universe_proxy,0.17073170731707318,True,False,pending,False,기술조건 탈락,"탈락: 유동성, Price Action, AVWAP·위치, 오후 흐름, 상대강도"
2026-07-21,002380,market_cap_10000eok_plus,KCC,408500,127,10200887250,16741755012.5,0.6093081186759481,0.7185369918017169,408500,0.04475703324808178,0.08184143222506395,3510198016000,False,0.796875,0.203125,0.203125,408000.0,445500.0,-0.08417508417508412,408000.0,-0.06127450980392157,0.001225490196078427,463000.0,388500.0,-0.1177105831533477,-0.17278617710583155,0.051480051480051525,0.19176319176319176,504000.0,388500.0,-0.18948412698412698,-0.24007936507936511,0.051480051480051525,0.2972972972972973,555000.0,388500.0,-0.26396396396396393,-0.30990990990990996,0.051480051480051525,0.42857142857142855,656000.0,388500.0,-0.3772865853658537,-0.41615853658536583,0.051480051480051525,0.6885456885456885,,,,,,,,,,,,unavailable,False,outside_analysis,retrospective_snapshot,False,False,False,False,-0.05875576036866359,-0.20986460348162472,0.07413883546074489,0.057620146247315526,0.07032272498253636,-0.12700084445836057,0.26976415094339623,2.0060376672531213,-0.016808066517700393,-0.12870446817413828,,,,,,,,,,,,0.4146341463414634,0.4912891986062718,True,False,False,False,False,False,False,False,False,,False,False,0,False,False,False,False,False,False,False,False,0,False,-0.12028639618138426,False,-0.038828337874659447,-0.019927422494004143,-0.08957820730024046,0.39372822299651566,0.3867595818815331,False,universe_proxy,0.4564459930313589,True,False,pending,False,기술조건 탈락,"탈락: Price Action, AVWAP·위치, 오후 흐름, 상대강도"
2026-07-21,002790,market_cap_10000eok_plus,아모레퍼시픽홀딩스,24100,127,1652060175,3313738480.5,0.49854874931190274,0.48397065541611806,24100,-0.010266940451745366,0.043121149897330596,1842642138000,False,0.7142857142857143,0.2857142857142857,0.7142857142857143,23500.0,23050.0,0.01952277657266821,23500.0,-0.006382978723404209,0.025531914893617058,25350.0,23500.0,-0.04930966469428011,-0.07889546351084809,0.025531914893617058,0.07872340425531915,25350.0,23050.0,-0.04930966469428011,-0.07889546351084809,0.045553145336225676,0.09978308026030369,25350.0,19950.0,-0.04930966469428011,-0.07889546351084809,0.20802005012531333,0.2706766917293233,32150.0,19950.0,-0.25038880248833595,-0.2737169517884914,0.20802005012531333,0.6115288220551378,,,,,,,,,,,,unavailable,False,outside_analysis,retrospective_snapshot,False,False,False,False,0.004166666666666652,0.09794988610478361,0.0540901007705987,0.04246516434903858,0.05351922052143535,-0.038398208522689825,0.36975342465753425,1.9600140528734602,-0.01347319950324255,-0.008501700123498601,,,,,,,,,,,,0.08710801393728224,0.27526132404181186,False,False,False,False,False,False,False,False,False,,False,False,0,False,False,False,False,False,False,False,False,0,False,-0.12028639618138426,False,-0.038828337874659447,0.0429950045413261,0.21823628228616787,0.818815331010453,0.9198606271777003,True,universe_proxy,0.21254355400696864,True,False,pending,False,기술조건 탈락,"탈락: 유동성, Price Action, AVWAP·위치, 오후 흐름"
2026-07-21,003230,market_cap_10000eok_plus,삼양식품,1117000,127,76086393000,57389016500.0,1.325800608553729,1.3460023931465943,1117000,0.06077872744539414,0.08452041785375118,8414377755000,False,0.797752808988764,0.20224719101123595,0.06741573033707865,1036000.0,1050000.0,-0.013333333333333308,1036000.0,0.009652509652509744,0.0781853281853282,1159000.0,1029000.0,-0.036238136324417636,-0.09749784296807595,0.08551992225461613,0.12633624878522837,1246000.0,1029000.0,-0.1035313001605136,-0.1605136436597111,0.08551992225461613,0.2108843537414966,1246000.0,1011000.0,-0.1035313001605136,-0.1605136436597111,0.10484668644906026,0.2324431256181998,1484000.0,1011000.0,-0.24730458221024254,-0.29514824797843664,0.10484668644906026,0.4678536102868447,,,,,,,,,,,,unavailable,False,outside_analysis,retrospective_snapshot,False,False,False,False,0.006306306306306242,0.043925233644859896,0.06784755083770304,0.05394757348849144,0.07049272886298481,-0.1147347271050333,0.2947785108388313,2.481800752120576,0.036596524657216856,-0.004018073675633671,3.0,61.0,15:30,exact_1530,-0.0017873100983020196,2.5542014111610007,0.3076923076923077,-0.007992895204262829,0.0,0.16190156174670192,식품,0.6933797909407665,0.9616724738675958,True,False,False,False,False,False,False,False,False,,True,False,1,True,True,True,False,False,True,False,True,1,False,-0.12028639618138426,False,-0.038828337874659447,0.04513464418096569,0.16421162982624415,0.8292682926829268,0.8641114982578397,True,universe_proxy,0.397212543554007,True,False,pending,False,기술조건 탈락,"탈락: Price Action, 오후 흐름"
2026-07-21,003380,market_cap_10000eok_plus,하림지주,9490,127,3858749625,6563233464.75,0.5879342317661991,0.6147975369857251,9490,-0.009394572025052228,0.038622129436325675,1062933343290,False,0.5405405405405406,0.4594594594594595,0.40540540540540543,9510.0,9560.0,-0.005230125523012608,9510.0,-0.023133543638275467,-0.002103049421661396,10990.0,9320.0,-0.13648771610555055,-0.15468607825295722,0.018240343347639465,0.1791845493562232,10990.0,9320.0,-0.13648771610555055,-0.15468607825295722,0.018240343347639465,0.1791845493562232,10990.0,8880.0,-0.13648771610555055,-0.15468607825295722,0.06869369369369371,0.2376126126126126,14350.0,8880.0,-0.3386759581881533,-0.3526132404181185,0.06869369369369371,0.615990990990991,,,,,,,,,,,,unavailable,False,outside_analysis,retrospective_snapshot,False,False,False,False,-0.06869479882237484,-0.051000000000000045,0.05923528526268252,0.050111035268572066,0.059631157250206825,-0.023062913806440655,0.3376365946632783,1.6157735386639227,-0.044968550587005995,-0.03686511607302234,,,,,,,,,,,,0.1986062717770035,0.43902439024390244,False,False,False,False,False,False,False,False,False,,False,False,0,False,False,False,False,False,False,False,False,0,False,-0.12028639618138426,False,-0.038828337874659447,-0.02986646094771539,0.06928639618138421,0.3240418118466899,0.662020905923345,False,universe_proxy,0.2787456445993031,True,False,pending,False,기술조건 탈락,"탈락: 유동성, Price Action, AVWAP·위치, 오후 흐름, 상대강도"
2026-07-21,003490,market_cap_10000eok_plus,대한항공,25350,127,41326903650,89349376166.25,0.4625315298576247,0.5024883225073346,25350,0.0,0.029585798816568046,9334393756350,False,0.4666666666666667,0.5333333333333333,0.26666666666666666,25400.0,26850.0,-0.054003724394785846,25400.0,-0.015748031496062964,-0.0019685039370078705,27950.0,25000.0,-0.09302325581395354,-0.10554561717352418,0.014000000000000012,0.118,29500.0,25000.0,-0.14067796610169492,-0.15254237288135597,0.014000000000000012,0.18,29700.0,25000.0,-0.14646464646464652,-0.1582491582491582,0.014000000000000012,0.188,31200.0,23650.0,-0.1875,-0.19871794871794868,0.07188160676532762,0.3192389006342495,,,,,,,,,,,,unavailable,False,outside_analysis,retrospective_snapshot,False,False,False,False,-0.01934235976789167,-0.06284658040665436,0.05438151591997746,0.041215726330740755,0.04910944091205564,-0.09928280954508728,0.3677720207253886,2.2825566121614598,-0.03458356782479788,-0.07616995485494227,,,,,,,,,,,,0.8083623693379791,0.21951219512195122,True,False,False,False,False,False,False,False,False,,False,False,0,False,False,False,False,False,False,False,False,0,False,-0.12028639618138426,False,-0.038828337874659447,0.019485978106767776,0.057439815774729897,0.6585365853658537,0.6306620209059234,True,universe_proxy,0.21602787456445993,True,False,pending,False,기술조건 탈락,"탈락: Price Action, AVWAP·위치, 오후 흐름"
2026-07-21,003540,market_cap_10000eok_plus,대신증권,25450,127,1408622675,2563574868.75,0.5494759260480834,0.5943426170708509,25450,0.005928853754940677,0.02766798418972332,1213102906700,False,0.6428571428571429,0.35714285714285715,0.2857142857142857,24900.0,25950.0,-0.040462427745664775,24900.0,0.004016064257028162,0.02208835341365467,28350.0,24800.0,-0.10229276895943562,-0.11816578483245155,0.02620967741935476,0.1431451612903226,30850.0,24800.0,-0.17504051863857373,-0.1896272285251216,0.02620967741935476,0.2439516129032258,30850.0,24800.0,-0.17504051863857373,-0.1896272285251216,0.02620967741935476,0.2439516129032258,42850.0,24800.0,-0.40606767794632437,-0.41656942823803966,0.02620967741935476,0.7278225806451613,,,,,,,,,,,,unavailable,False,outside_analysis,retrospective_snapshot,False,False,False,False,-0.030476190476190435,-0.10701754385964912,0.0604827392646646,0.03433588840395403,0.05417702618503377,-0.07770096764463719,0.3306728538283063,1.7591849754004079,-0.010691715860324358,-0.0264589285386706,,,,,,,,,,,,0.06620209059233449,0.3554006968641115,False,False,False,False,False,False,False,False,False,,False,False,0,False,False,False,False,False,False,False,False,0,False,-0.12028639618138426,False,-0.038828337874659447,0.008352147398469012,0.013268852321735136,0.5853658536585366,0.5261324041811847,False,universe_proxy,0.2961672473867596,True,False,pending,False,기술조건 탈락,"탈락: 유동성, Price Action, AVWAP·위치, 오후 흐름, 상대강도"
2026-07-21,003550,market_cap_10000eok_plus,LG,97300,127,20845472600,43342507652.5,0.4809475438553134,0.5012494598505008,97300,0.02421052631578946,0.06210526315789474,14710981989200,False,0.8813559322033898,0.11864406779661017,0.0,94600.0,97200.0,-0.026748971193415683,94600.0,-0.026427061310782207,0.02854122621564481,107200.0,94600.0,-0.09235074626865669,-0.14085820895522383,0.02854122621564481,0.1331923890063425,107900.0,94600.0,-0.09823911028730303,-0.14643188137164043,0.02854122621564481,0.14059196617336153,114500.0,93200.0,-0.15021834061135375,-0.1956331877729257,0.04399141630901293,0.22854077253218885,185900.0,93200.0,-0.47660032275416886,-0.5045723507261969,0.04399141630901293,0.9946351931330472,,,,,,,,,,,,unavailable,False,outside_analysis,retrospective_snapshot,False,False,False,False,-0.020140986908358527,-0.1146496815286624,0.06027015122595801,0.04583458521372121,0.059935162967750845,-0.016577884573628743,0.3318392204628502,0.9883695286599486,-0.006939184056547254,-0.006939184056547254,,,,,,,,,,,,0.6445993031358885,0.2508710801393728,True,False,False,False,False,False,False,False,False,,False,False,0,False,False,False,False,False,False,False,False,0,False,-0.12028639618138426,False,-0.038828337874659447,0.01868735096630092,0.005636714652721864,0.6515679442508711,0.5087108013937283,False,universe_proxy,0.2926829268292683,True,False,pending,False,기술조건 탈락,"탈락: Price Action, AVWAP·위치, 오후 흐름, 상대강도"
2026-07-21,003570,market_cap_10000eok_plus,SNT다이내믹스,32200,127,590061800,2543321622.5,0.23200439723387756,0.2566508775574801,32200,0.0,0.04192546583850932,1070736843400,False,0.7407407407407407,0.25925925925925924,0.2222222222222222,32150.0,33550.0,-0.041728763040238426,32150.0,-0.029548989113530322,0.0015552099533437946,36500.0,32000.0,-0.11780821917808215,-0.14520547945205475,0.006250000000000089,0.140625,37450.0,32000.0,-0.14018691588785048,-0.16688918558077437,0.006250000000000089,0.1703125,41150.0,32000.0,-0.21749696233292826,-0.2417982989064399,0.006250000000000089,0.2859375,62800.0,32000.0,-0.4872611464968153,-0.5031847133757962,0.006250000000000089,0.9625,,,,,,,,,,,,unavailable,False,outside_analysis,retrospective_snapshot,False,False,False,False,-0.11780821917808215,-0.17647058823529416,0.07386867790594498,0.05867411249315635,0.07277798594007054,0.018809565720320665,0.2707507507507508,2.654966573826542,-0.050886494968506724,-0.0720999583107439,,,,,,,,,,,,0.0627177700348432,0.020905923344947737,False,False,False,False,False,False,False,False,False,,False,False,0,False,False,False,False,False,False,False,False,0,False,-0.12028639618138426,False,-0.038828337874659447,-0.0789798813034227,-0.0561841920539099,0.09059233449477352,0.43902439024390244,False,universe_proxy,0.4425087108013937,True,False,pending,False,기술조건 탈락,"탈락: 유동성, Price Action, AVWAP·위치, 오후 흐름, 상대강도"
2026-07-21,003670,market_cap_10000eok_plus,포스코퓨처엠,138600,127,26812421500,53617533867.5,0.5000681599093877,0.5922549398423708,138600,0.013157894736842035,0.04751461988304093,12327946092000,False,0.8615384615384616,0.13846153846153847,0.27692307692307694,140600.0,142000.0,-0.009859154929577452,140600.0,-0.05405405405405406,-0.014224751066856278,159700.0,135200.0,-0.13212273011897302,-0.16718847839699436,0.025147928994082802,0.1812130177514793,163800.0,135200.0,-0.15384615384615385,-0.18803418803418803,0.025147928994082802,0.21153846153846154,201000.0,135200.0,-0.31044776119402984,-0.3383084577114428,0.025147928994082802,0.48668639053254437,299500.0,135200.0,-0.537228714524207,-0.5559265442404007,0.025147928994082802,1.2152366863905326,,,,,,,,,,,,unavailable,False,outside_analysis,retrospective_snapshot,False,False,False,False,-0.08029197080291972,-0.27812499999999996,0.08266336837765409,0.06667361688190664,0.07924876655277334,-0.08832632199072343,0.24194513715710725,2.0206382320379856,-0.04593511666847361,-0.06179856267503425,,,,,,,,,,,,0.6829268292682927,0.28222996515679444,True,False,False,False,False,False,False,False,False,,False,False,0,False,False,False,False,False,False,False,False,0,False,-0.12028639618138426,False,-0.038828337874659447,-0.041463632928260274,-0.1578386038186157,0.2578397212543554,0.24390243902439024,False,universe_proxy,0.5296167247386759,False,False,pending,False,기술조건 탈락,"탈락: Price Action, AVWAP·위치, 오후 흐름, 상대강도, 변동성"
2026-07-21,003690,market_cap_10000eok_plus,코리안리,13380,127,1549547615,5105552318.5,0.3035024456384875,0.2984363322586352,13380,-0.00962250185048108,0.018504811250925242,2364527394780,False,0.48,0.08,0.48,12990.0,13030.0,-0.003069838833461236,12990.0,0.020785219399538146,0.03002309468822162,14400.0,12990.0,-0.0708333333333333,-0.07916666666666672,0.03002309468822162,0.10854503464203233,14400.0,12990.0,-0.0708333333333333,-0.07916666666666672,0.03002309468822162,0.10854503464203233,14400.0,12150.0,-0.0708333333333333,-0.07916666666666672,0.10123456790123453,0.18518518518518517,14920.0,11450.0,-0.10321715817694366,-0.11126005361930291,0.16855895196506543,0.30305676855895197,,,,,,,,,,,,unavailable,False,outside_analysis,retrospective_snapshot,False,False,False,False,-0.03948312993539127,0.04531250000000009,0.04601751014307068,0.04421134282273889,0.0442143559244975,0.07220248842313537,0.43461716937354994,1.2974871717968612,-0.023780521797300835,0.008245345685408578,,,,,,,,,,,,0.13937282229965156,0.03484320557491289,False,False,False,False,False,False,False,False,False,,False,True,1,False,False,False,False,False,False,False,False,0,False,-0.12028639618138426,False,-0.038828337874659447,-0.0006547920607318236,0.16559889618138435,0.4878048780487805,0.867595818815331,False,universe_proxy,0.10801393728222997,False,False,pending,False,기술조건 탈락,"탈락: 유동성, Price Action, AVWAP·위치, 오후 흐름, 상대강도, 변동성"
2026-07-21,004000,market_cap_10000eok_plus,롯데정밀화학,45450,127,2325108950,2881770717.5,0.8068334291414702,0.7931729475022723,45450,0.010000000000000009,0.04,1172610000000,False,0.6111111111111112,0.3888888888888889,0.2222222222222222,44250.0,42000.0,0.0535714285714286,44250.0,0.002259887005649608,0.027118644067796627,47150.0,44250.0,-0.036055143160127257,-0.05938494167550368,0.027118644067796627,0.0655367231638418,47150.0,42000.0,-0.036055143160127257,-0.05938494167550368,0.08214285714285707,0.12261904761904761,47550.0,41350.0,-0.04416403785488954,-0.06729758149316512,0.09915356711003631,0.14993954050785974,71800.0,41350.0,-0.366991643454039,-0.38231197771587744,0.09915356711003631,0.7363966142684402,,,,,,,,,,,,unavailable,False,outside_analysis,retrospective_snapshot,False,False,False,False,-0.011956521739130421,0.0077605321507761005,0.04534024831054534,0.03956668559145514,0.045253789952149306,-0.0596096646701707,0.4411091854419411,2.320653120784975,0.0052421417235988255,0.010569851375398898,,,,,,,,,,,,0.07665505226480836,0.7770034843205574,False,False,False,False,False,False,False,False,False,,True,True,2,False,False,False,False,False,False,False,False,0,False,-0.12028639618138426,False,-0.038828337874659447,0.026871816135529025,0.12804692833216036,0.710801393728223,0.8083623693379791,True,universe_proxy,0.08362369337979095,False,False,pending,False,기술조건 탈락,"탈락: 유동성, Price Action, AVWAP·위치, 오후 흐름, 변동성"
2026-07-21,004020,market_cap_10000eok_plus,현대제철,25300,127,10430300475,16591066737.5,0.6286696714578869,0.6963561481175501,25300,0.001980198019801982,0.039603960396039604,3376178360500,False,0.85,0.15,0.55,25800.0,25500.0,0.0117647058823529,25800.0,-0.05232558139534882,-0.019379844961240345,28500.0,25100.0,-0.11228070175438598,-0.14210526315789473,0.007968127490039834,0.13545816733067728,29200.0,25100.0,-0.13356164383561642,-0.16267123287671237,0.007968127490039834,0.16334661354581673,32650.0,25100.0,-0.22511485451761104,-0.2511485451761103,0.007968127490039834,0.300796812749004,50200.0,25100.0,-0.4960159362549801,-0.5129482071713147,0.007968127490039834,1.0,,,,,,,,,,,,unavailable,False,outside_analysis,retrospective_snapshot,False,False,False,False,-0.05597014925373134,-0.18518518518518523,0.058723884810841336,0.04705553804269155,0.05940483601921002,-0.11513246662539489,0.34057692307692305,1.2394064185690126,-0.031063008592434493,-0.0668324673253391,,,,,,,,,,,,0.4076655052264808,0.519163763066202,True,False,False,False,False,False,False,False,False,,False,False,0,False,False,False,False,False,False,False,False,0,False,-0.12028639618138426,False,-0.038828337874659447,-0.017141811379071892,-0.06489878900380097,0.40418118466898956,0.4250871080139373,False,universe_proxy,0.26480836236933797,True,False,pending,False,기술조건 탈락,"탈락: Price Action, AVWAP·위치, 오후 흐름, 상대강도"
2026-07-21,004170,market_cap_10000eok_plus,신세계,562000,127,27365996000,59594422308.55,0.45920398151210545,0.5467833128864285,562000,0.058380414312617646,0.07909604519774012,5308191722000,False,0.7619047619047619,0.23809523809523808,0.023809523809523808,530000.0,691000.0,-0.23299565846599135,530000.0,0.0,0.060377358490566024,644000.0,518000.0,-0.1273291925465838,-0.17701863354037262,0.084942084942085,0.24324324324324326,733000.0,518000.0,-0.2332878581173261,-0.27694406548431105,0.084942084942085,0.41505791505791506,786000.0,518000.0,-0.28498727735368956,-0.3256997455470738,0.084942084942085,0.5173745173745173,792000.0,371500.0,-0.29040404040404044,-0.3308080808080808,0.5127860026917901,1.1318977119784657,,,,,,,,,,,,unavailable,False,outside_analysis,retrospective_snapshot,False,False,False,False,-0.04906937394247035,-0.21944444444444444,0.1081596339603457,0.08019059021148475,0.08699518677935318,-0.025149442932570376,0.18491186839012927,1.7837384651260924,-0.009219265089047135,-0.009219265089047135,,,,,,,,,,,,0.7073170731707317,0.20905923344947736,True,False,False,False,False,False,False,False,False,,False,False,0,False,False,False,False,False,False,False,False,0,False,-0.12028639618138426,False,-0.038828337874659447,-0.010241036067810905,-0.09915804826306018,0.43205574912891986,0.3623693379790941,False,universe_proxy,0.7421602787456446,False,False,pending,False,기술조건 탈락,"탈락: Price Action, AVWAP·위치, 오후 흐름, 상대강도, 변동성"
2026-07-21,004370,market_cap_10000eok_plus,농심,348500,127,5390928000,8706481300.0,0.6191856175008381,0.6148474539791104,348500,-0.0014326647564469885,0.024355300859598854,2119800737000,False,0.5294117647058824,0.47058823529411764,0.35294117647058826,348000.0,319000.0,0.09090909090909083,348000.0,-0.011494252873563204,0.001436781609195359,368000.0,337000.0,-0.052989130434782594,-0.06521739130434778,0.03412462908011871,0.09198813056379822,368500.0,337000.0,-0.05427408412483037,-0.06648575305291726,0.03412462908011871,0.09347181008902077,370000.0,319000.0,-0.05810810810810807,-0.07027027027027022,0.09247648902821326,0.15987460815047022,410000.0,319000.0,-0.15000000000000002,-0.1609756097560976,0.09247648902821326,0.2852664576802508,,,,,,,,,,,,unavailable,False,outside_analysis,retrospective_snapshot,False,False,False,False,-0.021067415730337102,0.011611030478954953,0.04047960647673703,0.0371565732468793,0.039945272709241995,-0.008597746043944143,0.49407594936708865,1.7123139421107518,-0.009346501120398476,-0.017983007420920072,,,,,,,,,,,,0.2578397212543554,0.5052264808362369,True,False,False,False,False,False,False,False,False,,False,False,0,False,False,False,False,False,False,False,False,0,False,-0.12028639618138426,False,-0.038828337874659447,0.017760922144322344,0.1318974266603392,0.6445993031358885,0.8222996515679443,True,universe_proxy,0.0313588850174216,False,False,pending,False,기술조건 탈락,"탈락: Price Action, AVWAP·위치, 오후 흐름, 변동성"
2026-07-21,004800,market_cap_10000eok_plus,효성,145900,127,4304497250,4906662415.0,0.8772760149222534,0.9898532112214657,145900,0.05191059841384282,0.08723864455659697,2442425381300,False,0.768595041322314,0.23140495867768596,0.10743801652892562,137000.0,144100.0,-0.04927133934767525,137000.0,-0.0029197080291970545,0.06496350364963499,159200.0,136600.0,-0.08354271356783916,-0.1419597989949749,0.06808199121522684,0.16544655929721816,175500.0,136600.0,-0.1686609686609687,-0.2216524216524216,0.06808199121522684,0.2847730600292826,192600.0,136600.0,-0.2424714434060229,-0.29075804776739356,0.06808199121522684,0.40995607613469986,318000.0,136600.0,-0.5411949685534592,-0.570440251572327,0.06808199121522684,1.32796486090776,,,,,,,,,,,,unavailable,False,outside_analysis,retrospective_snapshot,False,False,False,False,-0.006807351940095296,-0.2122030237580994,0.08596886321355136,0.068146528660837,0.0762670375433229,-0.08296906594922338,0.23264236902050112,1.2488200826715241,0.011907037119686992,-0.00524752841964915,,,,,,,,,,,,0.13240418118466898,0.8327526132404182,False,False,False,False,False,False,False,False,False,,True,False,1,False,False,False,False,False,False,False,False,0,False,-0.12028639618138426,False,-0.038828337874659447,0.03202098593456415,-0.09191662757671515,0.7526132404181185,0.3797909407665505,False,universe_proxy,0.554006968641115,False,False,pending,False,기술조건 탈락,"탈락: 유동성, Price Action, AVWAP·위치, 오후 흐름, 상대강도, 변동성"
2026-07-21,004990,market_cap_10000eok_plus,롯데지주,22200,127,3298709325,4356736581.25,0.7571514282494355,0.8069831651000074,22200,-0.0022471910112359383,0.033707865168539325,2212535827200,False,0.6,0.4,0.4666666666666667,22550.0,22550.0,0.0,22550.0,-0.03547671840354771,-0.01552106430155209,24050.0,22050.0,-0.07692307692307687,-0.09563409563409564,0.006802721088435382,0.09070294784580499,25000.0,22050.0,-0.11199999999999999,-0.13,0.006802721088435382,0.13378684807256236,25800.0,22050.0,-0.13953488372093026,-0.15697674418604646,0.006802721088435382,0.17006802721088435,31600.0,22050.0,-0.2974683544303798,-0.31170886075949367,0.006802721088435382,0.4331065759637188,,,,,,,,,,,,unavailable,False,outside_analysis,retrospective_snapshot,False,False,False,False,-0.03687635574837311,-0.11199999999999999,0.046975546975546977,0.03727623266385292,0.04460616872207484,-0.049591911660877064,0.42575342465753424,1.131764554840636,-0.033542005582789414,-0.020087796238452915,,,,,,,,,,,,0.11498257839721254,0.710801393728223,False,False,False,False,False,False,False,False,False,,False,False,0,False,False,False,False,False,False,False,False,0,False,-0.12028639618138426,False,-0.038828337874659447,0.0019519821262863335,0.00828639618138427,0.519163763066202,0.5156794425087108,False,universe_proxy,0.11846689895470383,False,False,pending,False,기술조건 탈락,"탈락: 유동성, Price Action, AVWAP·위치, 오후 흐름, 상대강도, 변동성"
2026-07-21,005070,market_cap_10000eok_plus,코스모신소재,35100,127,2986199075,5335531632.5,0.5596816363734678,0.616473913471257,35100,-0.015427769985974726,0.06311360448807854,1165831442100,False,0.6,0.4,0.6,35150.0,35300.0,-0.004249291784702569,35150.0,-0.03982930298719778,-0.0014224751066855834,41700.0,35150.0,-0.15827338129496404,-0.19064748201438853,-0.0014224751066855834,0.18634423897581792,41700.0,35150.0,-0.15827338129496404,-0.19064748201438853,-0.0014224751066855834,0.18634423897581792,43650.0,33550.0,-0.19587628865979378,-0.22680412371134018,0.046199701937406745,0.30104321907600595,66400.0,33550.0,-0.4713855421686747,-0.4917168674698795,0.046199701937406745,0.9791356184798807,,,,,,,,,,,,unavailable,False,outside_analysis,retrospective_snapshot,False,False,False,False,-0.08949416342412453,-0.16129032258064513,0.07397232397232398,0.06312549386508351,0.07318911359675992,-0.006893949058128124,0.2703713892709766,1.3633046801383886,-0.05919093309760581,-0.07785849237853437,,,,,,,,,,,,0.15331010452961671,0.37630662020905925,False,False,False,False,False,False,False,False,False,,False,False,0,False,False,False,False,False,False,False,False,0,False,-0.12028639618138426,False,-0.038828337874659447,-0.05066582554946508,-0.04100392639926087,0.21602787456445993,0.4634146341463415,False,universe_proxy,0.445993031358885,True,False,pending,False,기술조건 탈락,"탈락: 유동성, Price Action, AVWAP·위치, 오후 흐름, 상대강도"
2026-07-21,005290,market_cap_10000eok_plus,동진쎄미켐,42150,127,9999085875,31154560760.0,0.320950950072069,0.404192047840202,42150,0.0,0.04744958481613286,2148390810900,False,0.675,0.3,0.675,41100.0,42050.0,-0.022592152199762183,41100.0,-0.007299270072992692,0.025547445255474477,50300.0,41100.0,-0.1620278330019881,-0.18886679920477134,0.025547445255474477,0.22384428223844283,51500.0,41100.0,-0.18155339805825244,-0.2077669902912621,0.025547445255474477,0.25304136253041365,63800.0,41100.0,-0.3393416927899686,-0.3605015673981191,0.025547445255474477,0.5523114355231143,72200.0,41100.0,-0.41620498614958445,-0.4349030470914127,0.025547445255474477,0.7566909975669099,,,,,,,,,,,,unavailable,False,outside_analysis,retrospective_snapshot,False,False,False,False,-0.0591517857142857,-0.3393416927899686,0.10227080155905778,0.06380464007267359,0.08078775717773709,-0.02885319094865957,0.1955592377796189,1.0477992762692816,-0.036781065612783714,-0.12050713495561738,,,,,,,,,,,,0.5470383275261324,0.04529616724738676,False,False,False,False,False,False,False,False,False,,False,False,0,False,False,False,False,False,False,False,False,0,False,-0.12028639618138426,False,-0.038828337874659447,-0.020323447839626252,-0.21905529660858436,0.3867595818815331,0.1289198606271777,False,universe_proxy,0.6829268292682927,False,False,pending,False,기술조건 탈락,"탈락: 유동성, Price Action, AVWAP·위치, 오후 흐름, 상대강도, 변동성"
2026-07-21,005380,market_cap_10000eok_plus,현대차,399000,127,440474860116,503865059972.45,0.874192110364001,1.0634265050992928,399000,0.0,0.05764411027568922,81698348634000,False,0.782608695652174,0.21739130434782608,0.5217391304347826,403250.0,433500.0,-0.06978085351787777,403250.0,-0.05517668939863607,-0.010539367637941721,482000.0,394500.0,-0.17219917012448138,-0.20954356846473032,0.011406844106463865,0.2217997465145754,513000.0,394500.0,-0.2222222222222222,-0.2573099415204678,0.011406844106463865,0.30038022813688214,600000.0,394500.0,-0.33499999999999996,-0.365,0.011406844106463865,0.5209125475285171,783000.0,394500.0,-0.49042145593869735,-0.5134099616858238,0.011406844106463865,0.9847908745247148,,,,,,,,,,,,unavailable,False,outside_analysis,retrospective_snapshot,False,False,False,False,-0.10135135135135132,-0.3132530120481928,0.07970819906910132,0.04873276049170513,0.06599368191677854,0.05586822677364678,0.2509152161706907,1.180497118320465,-0.03604945931922654,-0.03604945931922654,2.0,61.0,15:30,exact_1530,0.0012547051442910462,5.862765173232861,0.5555555555555556,-0.004987531172069848,0.0,0.14988417126552955,로봇,0.9860627177700348,0.8257839721254355,True,False,False,False,False,False,False,False,False,,False,False,0,True,True,False,True,False,True,False,True,2,False,-0.12028639618138426,True,-0.016410256410256396,-0.08494109494109492,-0.19296661586680852,0.2,0.17770034843205576,False,sector_constituent_proxy,0.5156794425087108,True,False,pending,False,기술조건 탈락,"탈락: Price Action, AVWAP·위치, 오후 흐름, 상대강도"
2026-07-21,005440,market_cap_10000eok_plus,현대지에프홀딩스,12790,127,4802071940,4857023760.0,0.9886861125834805,1.1304331576007625,12790,0.0587748344370862,0.09768211920529801,2345650175210,False,0.9152542372881356,0.0847457627118644,0.3050847457627119,12420.0,12980.0,-0.04314329738058553,12420.0,-0.05716586151368763,0.029790660225442744,14580.0,11630.0,-0.12277091906721538,-0.19684499314128945,0.0997420464316423,0.25365434221840066,15290.0,11630.0,-0.16350555918901244,-0.23413996075866583,0.0997420464316423,0.31470335339638866,16610.0,11630.0,-0.22998193859121008,-0.29500301023479836,0.0997420464316423,0.4282029234737747,16610.0,11510.0,-0.22998193859121008,-0.29500301023479836,0.1112076455256299,0.4430929626411816,,,,,,,,,,,,unavailable,False,outside_analysis,retrospective_snapshot,False,False,False,False,-0.0650584795321637,-0.03471698113207544,0.09080755054171785,0.07112469792332561,0.07738312965331279,0.03582263726919632,0.22024600246002463,3.4479438841873344,-0.007897191695009464,-0.11231389125045599,,,,,,,,,,,,0.1289198606271777,0.9163763066202091,False,False,False,False,False,False,False,False,False,,False,False,0,False,False,False,False,False,False,False,False,0,False,-0.12028639618138426,False,-0.038828337874659447,-0.026230141657504258,0.08556941504930882,0.36585365853658536,0.6968641114982579,False,universe_proxy,0.5993031358885017,False,False,pending,False,기술조건 탈락,"탈락: 유동성, Price Action, AVWAP·위치, 오후 흐름, 상대강도, 변동성"
2026-07-21,005490,market_cap_10000eok_plus,POSCO홀딩스,303000,127,75914297000,114116488937.5,0.6652351269024513,0.7048318705571756,303000,0.0016528925619834212,0.03305785123966942,24010182681000,False,1.0,0.0,0.55,299000.0,292000.0,0.023972602739726012,299000.0,-0.02006688963210701,0.013377926421404673,324000.0,298500.0,-0.06481481481481477,-0.095679012345679,0.015075376884422065,0.08542713567839195,326000.0,292000.0,-0.07055214723926384,-0.10122699386503065,0.03767123287671237,0.11643835616438356,356500.0,292000.0,-0.15007012622720894,-0.1781206171107994,0.03767123287671237,0.2208904109589041,542000.0,292000.0,-0.44095940959409596,-0.45940959409594095,0.03767123287671237,0.8561643835616438,,,,,,,,,,,,unavailable,False,outside_analysis,retrospective_snapshot,False,False,False,False,-0.016233766233766267,-0.1255411255411255,0.05351249410655351,0.03825234178829612,0.054391765127187,-0.14380009429514384,0.3737444933920705,1.2558206214789107,-0.01334946879667831,-0.03754753758406448,1.0,61.0,15:30,exact_1530,0.008319467554076532,5.783093260435286,1.0,0.0,0.0,0.25392714462834315,2차전지,0.8606271777003485,0.5888501742160279,True,False,False,False,False,False,False,False,False,,False,False,0,True,True,False,True,False,True,True,True,3,True,-0.12028639618138426,True,-0.03669766314048911,0.020463896906722845,-0.00525472935974125,1.0,0.49477351916376305,False,sector_constituent_proxy,0.20557491289198607,True,False,pending,False,기술조건 탈락,"탈락: Price Action, AVWAP·위치, 상대강도"
2026-07-21,005830,market_cap_10000eok_plus,DB손해보험,161700,127,33034992650,34209482011.9,0.9656677244779255,0.8870180068163106,161700,0.016981132075471805,0.0660377358490566,10591406433300,False,0.6761904761904762,0.3238095238095238,0.009523809523809525,126900.0,134000.0,-0.052985074626865636,126900.0,0.21828211189913316,0.2742316784869976,166700.0,156400.0,-0.029994001199760034,-0.07258548290341926,0.033887468030690426,0.06585677749360613,166700.0,144100.0,-0.029994001199760034,-0.07258548290341926,0.12213740458015265,0.1568355308813324,166700.0,126900.0,-0.029994001199760034,-0.07258548290341926,0.2742316784869976,0.3136327817178881,177400.0,126900.0,-0.08850056369785797,-0.1285231116121759,0.2742316784869976,0.3979511426319937,,,,,,,,,,,,unavailable,False,outside_analysis,retrospective_snapshot,False,False,False,False,0.01634192331866746,0.1443736730360934,0.05168301086668434,0.04837312403230705,0.05388489001427117,0.024188064096554385,0.386974358974359,1.58117903001751,0.07140906868572117,0.0012550784509888224,,,,,,,,,,,,0.5679442508710801,0.9024390243902439,True,False,False,False,False,False,False,False,False,,True,True,2,False,False,False,False,False,False,False,False,0,False,-0.12028639618138426,False,-0.038828337874659447,0.05517026119332691,0.26466006921747764,0.8641114982578397,0.9442508710801394,True,universe_proxy,0.17421602787456447,True,False,pending,False,기술조건 탈락,"탈락: Price Action, AVWAP·위치, 오후 흐름"
2026-07-21,005850,market_cap_10000eok_plus,에스엘,52700,127,3727783200,7453386662.5,0.5001462246357731,0.5471518976389731,52700,0.02529182879377423,0.05252918287937743,2447837004000,False,0.7407407407407407,0.25925925925925924,0.2962962962962963,50000.0,52900.0,-0.05482041587901698,50000.0,0.014000000000000012,0.05400000000000005,57600.0,50000.0,-0.08506944444444442,-0.11979166666666663,0.05400000000000005,0.152,61500.0,50000.0,-0.14308943089430892,-0.17560975609756102,0.05400000000000005,0.23,69800.0,50000.0,-0.24498567335243548,-0.27363896848137537,0.05400000000000005,0.396,79500.0,50000.0,-0.33710691823899375,-0.36226415094339626,0.05400000000000005,0.59,,,,,,,,,,,,unavailable,False,outside_analysis,retrospective_snapshot,False,False,False,False,-0.027675276752767486,-0.17007874015748037,0.07102195716996476,0.055511385266252364,0.06793720591724653,-0.047854044159553744,0.2816030534351145,1.1439286295817015,-0.005853841001882465,-0.005853841001882465,,,,,,,,,,,,0.22996515679442509,0.2857142857142857,True,False,False,False,False,False,False,False,False,,False,False,0,False,False,False,False,False,False,False,False,0,False,-0.12028639618138426,False,-0.038828337874659447,0.01115306112189196,-0.04979234397609611,0.6097560975609756,0.44947735191637633,False,universe_proxy,0.4250871080139373,True,False,pending,False,기술조건 탈락,"탈락: Price Action, AVWAP·위치, 오후 흐름, 상대강도"
2026-07-21,005930,market_cap_10000eok_plus,삼성전자,259000,127,5224768025862,9735370316707.4,0.5366789198450408,0.6374609704032775,259000,0.061475409836065475,0.08401639344262295,1514186159472000,False,0.7804878048780488,0.21951219512195122,0.1951219512195122,247000.0,281500.0,-0.12255772646536411,247000.0,-0.01619433198380571,0.04858299595141702,292500.0,240000.0,-0.11452991452991457,-0.16923076923076918,0.07916666666666661,0.21875,325000.0,240000.0,-0.20307692307692304,-0.25230769230769234,0.07916666666666661,0.3541666666666667,363000.0,240000.0,-0.2865013774104683,-0.3305785123966942,0.07916666666666661,0.5125,374500.0,215500.0,-0.30841121495327106,-0.35113484646194926,0.20185614849187927,0.7378190255220418,,,,,,,,,,,,unavailable,False,outside_analysis,retrospective_snapshot,False,False,False,False,0.017681728880157177,-0.26732673267326734,0.10024820739106453,0.06665099780289245,0.07858748697179274,-0.08296697577827239,0.19950481430536451,1.4930726903156333,-0.0029386361522836246,-0.13397102025883467,3.0,61.0,15:30,exact_1530,-0.0019267822736031004,6.856581263124421,0.375,-0.009560229445506718,0.0,0.28115197134473047,반도체 메모리,0.9965156794425087,0.32752613240418116,True,False,False,False,False,False,False,False,False,,False,False,0,True,True,False,False,False,True,False,True,1,False,-0.12028639618138426,True,0.017681728880157177,0.0,-0.14704033649188308,0.6666666666666666,0.25435540069686413,False,sector_constituent_proxy,0.6689895470383276,False,False,pending,False,기술조건 탈락,"탈락: Price Action, AVWAP·위치, 오후 흐름, 상대강도, 변동성"
2026-07-21,005940,market_cap_10000eok_plus,NH투자증권,29750,127,18125726150,23493578980.0,0.7715183014657054,0.7902635798027351,29750,0.008474576271186418,0.05084745762711865,10983881623750,False,0.6666666666666666,0.3333333333333333,0.3333333333333333,28450.0,28250.0,0.0070796460176991705,28450.0,0.010544815465729274,0.04569420035149374,33300.0,29250.0,-0.10660660660660659,-0.1366366366366366,0.017094017094017033,0.13846153846153847,34100.0,28450.0,-0.12756598240469208,-0.156891495601173,0.04569420035149374,0.19859402460456943,34100.0,26600.0,-0.12756598240469208,-0.156891495601173,0.11842105263157898,0.2819548872180451,39350.0,26600.0,-0.2439644218551461,-0.26937738246505716,0.11842105263157898,0.4793233082706767,,,,,,,,,,,,unavailable,False,outside_analysis,retrospective_snapshot,False,False,False,False,-0.0449438202247191,-0.03409090909090906,0.07070828331332532,0.04777407357941556,0.06535968212676473,0.025299496357146012,0.28285229202037354,1.4570950078850406,-0.029084536605159306,-0.031291408271908905,,,,,,,,,,,,0.47735191637630664,0.735191637630662,True,True,False,False,False,False,False,False,True,A,False,False,0,False,False,False,False,False,False,False,False,0,False,-0.12028639618138426,False,-0.038828337874659447,-0.006115482350059653,0.0861954870904752,0.4564459930313589,0.7073170731707317,False,universe_proxy,0.4181184668989547,True,False,pending,False,기술조건 탈락,"탈락: AVWAP·위치, 오후 흐름, 상대강도"
2026-07-21,006040,market_cap_10000eok_plus,동원산업,33200,127,1163540050,2143037225.0,0.542939728916748,0.5363291342613982,33200,0.00911854103343468,0.037993920972644375,1465475190800,False,0.48,0.52,0.0,31550.0,29850.0,0.05695142378559459,31550.0,0.033280507131537185,0.05229793977813002,35250.0,32050.0,-0.0581560283687943,-0.075177304964539,0.03588143525741039,0.0998439937597504,35950.0,32050.0,-0.07649513212795545,-0.09318497913769119,0.03588143525741039,0.12168486739469579,35950.0,29850.0,-0.07649513212795545,-0.09318497913769119,0.11222780569514246,0.20435510887772193,40150.0,29850.0,-0.17310087173100874,-0.1880448318804483,0.11222780569514246,0.34505862646566166,,,,,,,,,,,,unavailable,False,outside_analysis,retrospective_snapshot,False,False,False,False,-0.03768115942028982,0.05901116427432207,0.046256454388984514,0.042339242019914826,0.047461212120309716,-0.015776763441430863,0.4323720930232558,2.0128929988873563,-0.021226102534360747,-0.021226102534360747,,,,,,,,,,,,0.04878048780487805,0.3344947735191638,False,False,False,False,False,False,False,False,False,,False,False,0,False,False,False,False,False,False,False,False,0,False,-0.12028639618138426,False,-0.038828337874659447,0.001147178454369624,0.17929756045570633,0.5121951219512195,0.8815331010452961,False,universe_proxy,0.11498257839721254,False,False,pending,False,기술조건 탈락,"탈락: 유동성, Price Action, AVWAP·위치, 오후 흐름, 상대강도, 변동성"
2026-07-21,006260,market_cap_10000eok_plus,LS,275000,127,36771094250,63709796587.5,0.577165463077535,0.7371981600951454,275000,0.03578154425612046,0.06779661016949153,8580000000000,False,0.8888888888888888,0.1111111111111111,0.16666666666666666,276500.0,303000.0,-0.08745874587458746,276500.0,-0.06329113924050633,-0.005424954792043413,337750.0,262000.0,-0.18578830495928944,-0.23316062176165808,0.04961832061068705,0.28912213740458015,376500.0,262000.0,-0.2695883134130146,-0.3120849933598937,0.04961832061068705,0.43702290076335876,421000.0,262000.0,-0.3467933491686461,-0.38479809976247026,0.04961832061068705,0.6068702290076335,604000.0,262000.0,-0.544701986754967,-0.5711920529801324,0.04961832061068705,1.3053435114503817,,,,,,,,,,,,unavailable,False,outside_analysis,retrospective_snapshot,False,False,False,False,-0.09390444810543652,-0.30203045685279184,0.11487012987012987,0.06794480814486514,0.08781475665100859,0.03243401759530795,0.17410966647823628,1.3415013933533144,-0.03451678108809608,-0.1896183165333566,,,,,,,,,,,,0.7247386759581882,0.42160278745644597,True,False,False,False,False,False,False,False,False,,False,False,0,False,False,False,False,False,False,False,False,0,False,-0.12028639618138426,False,-0.038828337874659447,-0.055076110230777076,-0.18174406067140758,0.18466898954703834,0.18815331010452963,False,universe_proxy,0.8048780487804879,False,False,pending,False,기술조건 탈락,"탈락: Price Action, AVWAP·위치, 오후 흐름, 상대강도, 변동성"
2026-07-21,006280,market_cap_10000eok_plus,녹십자,118600,127,7896570600,5504960585.0,1.4344463467216633,1.4736489164574782,118600,-0.00836120401337792,0.027591973244147156,1386023406800,False,0.3939393939393939,0.6060606060606061,0.06060606060606061,118500.0,117500.0,0.008510638297872353,118500.0,-0.010126582278481067,0.0008438818565401629,126600.0,118500.0,-0.06319115323854663,-0.07345971563981046,0.0008438818565401629,0.06835443037974684,126600.0,117500.0,-0.06319115323854663,-0.07345971563981046,0.009361702127659521,0.0774468085106383,128800.0,115900.0,-0.07919254658385089,-0.0892857142857143,0.023295944779982758,0.11130284728213978,161100.0,115900.0,-0.2638112973308504,-0.27188081936685293,0.023295944779982758,0.3899913718723037,,,,,,,,,,,,unavailable,False,outside_analysis,retrospective_snapshot,False,False,False,False,-0.01576763485477184,-0.023868312757201693,0.04254998795470971,0.03127220654896707,0.04713338623852968,-0.22018653254106157,0.47003538570417547,1.4736489164574782,-0.014390851666044702,-0.00196353436185126,,,,,,,,,,,,0.16376306620209058,0.9686411149825784,False,False,False,False,False,False,False,False,False,,False,False,0,False,False,False,False,False,False,False,False,0,False,-0.12028639618138426,False,-0.038828337874659447,0.023060703019887607,0.09641808342418257,0.6794425087108014,0.735191637630662,True,universe_proxy,0.06620209059233449,False,False,pending,False,기술조건 탈락,"탈락: 유동성, Price Action, AVWAP·위치, 오후 흐름, 변동성"
2026-07-21,006360,market_cap_10000eok_plus,GS건설,25600,127,25902044050,61732566831.25,0.41958475695340725,0.4774811289214692,25600,-0.017274472168905985,0.044145873320537425,2190886144000,False,0.5652173913043478,0.43478260869565216,0.5217391304347826,26650.0,27450.0,-0.02914389799635697,26650.0,-0.06378986866791747,-0.039399624765478425,32550.0,25700.0,-0.21351766513056836,-0.23348694316436247,-0.0038910505836575737,0.26653696498054474,32850.0,25700.0,-0.22070015220700157,-0.2404870624048706,-0.0038910505836575737,0.2782101167315175,32850.0,22350.0,-0.22070015220700157,-0.2404870624048706,0.145413870246085,0.4697986577181208,44850.0,22350.0,-0.42920847268673357,-0.4437012263099219,0.145413870246085,1.0067114093959733,,,,,,,,,,,,unavailable,False,outside_analysis,retrospective_snapshot,False,False,False,False,-0.1307300509337861,-0.057090239410681365,0.111328125,0.06285548126024505,0.08591372175406335,0.19532775878906272,0.17964912280701756,5.178209971767126,-0.07208351917994393,-0.12769335090589007,,,,,,,,,,,,0.7177700348432056,0.13937282229965156,True,False,False,False,False,False,False,False,False,,False,False,0,False,False,False,False,False,False,False,False,0,False,-0.12028639618138426,False,-0.038828337874659447,-0.09190171305912664,0.0631961567707029,0.0627177700348432,0.6411149825783972,False,universe_proxy,0.7700348432055749,False,False,pending,False,기술조건 탈락,"탈락: Price Action, AVWAP·위치, 오후 흐름, 상대강도, 변동성"
2026-07-21,006400,market_cap_10000eok_plus,삼성SDI,416500,127,139888018500,252816716037.5,0.5533179162063421,0.6262103336712732,416500,0.03865336658354113,0.06359102244389027,33563873245000,False,0.9411764705882353,0.058823529411764705,0.37254901960784315,390000.0,429000.0,-0.09090909090909094,390000.0,0.0064102564102563875,0.06794871794871793,481500.0,400000.0,-0.13499480789200413,-0.18483904465212875,0.04125000000000001,0.20375,481500.0,390000.0,-0.13499480789200413,-0.18483904465212875,0.06794871794871793,0.23461538461538461,570000.0,390000.0,-0.26929824561403504,-0.3114035087719298,0.06794871794871793,0.46153846153846156,723000.0,390000.0,-0.42392807745504846,-0.4571230982019364,0.06794871794871793,0.8538461538461538,,,,,,,,,,,,unavailable,False,outside_analysis,retrospective_snapshot,False,False,False,False,-0.05340909090909096,-0.2185741088180112,0.08814954553249872,0.07709392155697327,0.08157129788766705,0.0313413114533565,0.22688715953307392,1.6261416984297643,-0.03429852864899252,-0.04616618866612454,2.0,61.0,15:30,exact_1530,0.00969696969696976,3.9163729029517946,0.8235294117647058,-0.0035885167464114742,0.0,0.33681919493473467,2차전지,0.9512195121951219,0.36585365853658536,True,False,False,False,False,False,False,False,False,,False,False,0,True,True,False,True,False,True,True,True,3,True,-0.12028639618138426,True,-0.03669766314048911,-0.01671142776860185,-0.09828771263662694,0.25,0.36585365853658536,False,sector_constituent_proxy,0.5818815331010453,False,False,pending,False,기술조건 탈락,"탈락: Price Action, AVWAP·위치, 상대강도, 변동성"
2026-07-21,006800,market_cap_10000eok_plus,미래에셋증권,37250,127,66244208775,111155580752.5,0.5959593600837725,0.6836943635594783,37250,0.005398110661268607,0.059379217273954114,20843866280000,False,0.75,0.25,0.4090909090909091,37200.0,38300.0,-0.02872062663185382,37200.0,-0.043010752688172005,0.0013440860215054862,43600.0,36650.0,-0.14564220183486243,-0.1834862385321101,0.016371077762619368,0.18963165075034105,46800.0,36650.0,-0.2040598290598291,-0.23931623931623935,0.016371077762619368,0.27694406548431105,47150.0,36650.0,-0.20996818663838812,-0.24496288441145286,0.016371077762619368,0.286493860845839,87800.0,36650.0,-0.5757403189066059,-0.5945330296127562,0.016371077762619368,1.3956343792633015,,,,,,,,,,,,unavailable,False,outside_analysis,retrospective_snapshot,False,False,False,False,-0.06874999999999998,-0.19197396963123647,0.09194630872483221,0.0624342261457337,0.07465096524224016,0.030829487205326078,0.2175182481751825,1.3523567213051233,-0.043202158557794856,-0.10816647906610444,3.0,61.0,15:30,exact_1530,0.0040431266846361336,5.491574068389711,0.7,-0.004010695187165791,0.0,0.2349089083385123,밸류업금융,0.8571428571428571,0.4564459930313589,True,False,False,False,False,False,False,False,False,,False,False,0,True,True,False,True,False,True,True,True,3,True,-0.12028639618138426,True,-0.032863849765258246,-0.03588615023474173,-0.07168757344985222,0.1111111111111111,0.4146341463414634,False,sector_constituent_proxy,0.6062717770034843,False,False,pending,False,기술조건 탈락,"탈락: Price Action, AVWAP·위치, 상대강도, 변동성"
2026-07-21,007070,market_cap_10000eok_plus,GS리테일,25750,127,4305185700,4656653292.5,0.9245235643662643,0.8908470371845805,25750,-0.003868471953578312,0.05222437137330754,2152890936250,False,0.7037037037037037,0.25925925925925924,0.7037037037037037,25150.0,24400.0,0.03073770491803285,25150.0,-0.013916500994035741,0.02385685884691857,27500.0,25150.0,-0.0636363636363636,-0.09818181818181815,0.02385685884691857,0.09343936381709742,27500.0,24400.0,-0.0636363636363636,-0.09818181818181815,0.055327868852458995,0.12704918032786885,27500.0,21050.0,-0.0636363636363636,-0.09818181818181815,0.22327790973871742,0.30641330166270786,29950.0,21050.0,-0.14023372287145242,-0.1719532554257095,0.22327790973871742,0.42280285035629456,,,,,,,,,,,,unavailable,False,outside_analysis,retrospective_snapshot,False,False,False,False,-0.03195488721804507,0.16515837104072406,0.05880721220527046,0.05920185888855063,0.061072594321999206,0.06309737015741357,0.3400943396226415,1.529708440239269,-0.009690047783104005,0.005327272278943029,,,,,,,,,,,,0.12195121951219512,0.867595818815331,False,False,False,False,False,False,False,False,False,,False,True,1,False,False,False,False,False,False,False,False,0,False,-0.12028639618138426,False,-0.038828337874659447,0.006873450656614377,0.2854447672221083,0.5609756097560976,0.9651567944250871,False,universe_proxy,0.27177700348432055,True,False,pending,False,기술조건 탈락,"탈락: 유동성, Price Action, AVWAP·위치, 오후 흐름, 상대강도"
2026-07-21,007310,market_cap_10000eok_plus,오뚜기,306000,127,1182109500,1482054550.0,0.7976153779224928,0.8052168982137794,306000,-0.0016313213703099683,0.040783034257748776,1226395980000,False,0.48,0.52,0.36,303000.0,290500.0,0.04302925989672968,303000.0,-0.00990099009900991,0.00990099009900991,320000.0,303000.0,-0.043749999999999956,-0.0625,0.00990099009900991,0.056105610561056105,331500.0,303000.0,-0.07692307692307687,-0.09502262443438914,0.00990099009900991,0.09405940594059406,334500.0,290500.0,-0.08520179372197312,-0.10313901345291476,0.05335628227194489,0.1514629948364888,370000.0,290500.0,-0.17297297297297298,-0.18918918918918914,0.05335628227194489,0.2736660929432014,,,,,,,,,,,,unavailable,False,outside_analysis,retrospective_snapshot,False,False,False,False,-0.02080000000000004,0.0,0.04563492063492063,0.032402384065152376,0.040042809673783056,0.0212418300653594,0.4382608695652174,1.648642613328229,-0.01054107670672877,-0.016465629706156948,,,,,,,,,,,,0.024390243902439025,0.7630662020905923,False,False,False,False,False,False,False,False,False,,False,False,0,False,False,False,False,False,False,False,False,0,False,-0.12028639618138426,False,-0.038828337874659447,0.018028337874659406,0.12028639618138426,0.6480836236933798,0.7874564459930313,True,universe_proxy,0.0975609756097561,False,False,pending,False,기술조건 탈락,"탈락: 유동성, Price Action, AVWAP·위치, 오후 흐름, 변동성"
2026-07-21,007340,market_cap_10000eok_plus,DN오토모티브,36500,127,7380146250,7366854717.5,1.0018042343726998,1.0245076217490494,36500,-0.05562742561448897,0.05304010349288486,2135646572500,False,0.0,0.024390243902439025,0.0,32200.0,34650.0,-0.07070707070707072,32200.0,0.13354037267080754,0.13354037267080754,45050.0,35700.0,-0.18978912319644836,-0.18978912319644836,0.022408963585434094,0.2619047619047619,45050.0,32200.0,-0.18978912319644836,-0.18978912319644836,0.13354037267080754,0.39906832298136646,45050.0,32200.0,-0.18978912319644836,-0.18978912319644836,0.13354037267080754,0.39906832298136646,54200.0,32200.0,-0.32656826568265684,-0.32656826568265684,0.13354037267080754,0.6832298136645962,,,,,,,,,,,,unavailable,False,outside_analysis,retrospective_snapshot,False,False,False,False,-0.03693931398416883,-0.08521303258145363,0.08131115459882583,0.08301179697330936,0.07174130464609754,0.19511630554396087,0.24596871239470516,2.5582510681419732,-0.04284125681204143,-0.09133253807097408,,,,,,,,,,,,0.2229965156794425,0.9198606271777003,True,False,False,False,False,False,False,False,False,,False,False,0,False,False,False,False,False,False,False,False,0,False,-0.12028639618138426,False,-0.038828337874659447,0.0018890238904906154,0.03507336359993063,0.5156794425087108,0.5923344947735192,False,universe_proxy,0.5261324041811847,False,False,pending,False,기술조건 탈락,"탈락: Price Action, AVWAP·위치, 오후 흐름, 상대강도, 변동성"
2026-07-21,007390,market_cap_10000eok_plus,네이처셀,24750,127,13347635625,11750481848.75,1.1359224069964333,1.1682135121858783,24750,0.09030837004405279,0.14537444933920704,1594767636000,False,0.803030303030303,0.19696969696969696,0.16666666666666666,22500.0,21450.0,0.04895104895104896,22500.0,-0.01777777777777778,0.10000000000000009,27000.0,22200.0,-0.08333333333333337,-0.18148148148148147,0.11486486486486491,0.21621621621621623,28250.0,21450.0,-0.12389380530973448,-0.21769911504424777,0.15384615384615374,0.317016317016317,29000.0,20450.0,-0.14655172413793105,-0.23793103448275865,0.2102689486552567,0.4180929095354523,36950.0,16550.0,-0.3301759133964818,-0.40189445196211093,0.49546827794561943,1.2326283987915407,,,,,,,,,,,,unavailable,False,outside_analysis,retrospective_snapshot,False,False,False,False,0.05769230769230771,-0.09999999999999998,0.11587301587301586,0.10818010649029941,0.1029114554324985,0.06929577464788728,0.1726027397260274,3.077691756078421,0.002581748717185528,-0.0035784460692871445,,,,,,,,,,,,0.3205574912891986,0.9407665505226481,True,False,False,False,False,False,False,False,False,,True,False,1,False,False,False,False,False,False,False,False,0,False,-0.12028639618138426,False,-0.038828337874659447,0.09652064556696716,0.02028639618138428,0.9512195121951219,0.5435540069686411,False,universe_proxy,0.8118466898954704,False,False,pending,False,기술조건 탈락,"탈락: Price Action, AVWAP·위치, 오후 흐름, 상대강도, 변동성"
2026-07-21,007660,market_cap_10000eok_plus,이수페타시스,88600,127,49403897850,126661244002.5,0.3900474706298075,0.4947707177600993,88600,0.04976303317535535,0.07582938388625593,6504056803400,False,0.859375,0.140625,0.21875,85500.0,102000.0,-0.16176470588235292,85500.0,-0.028070175438596467,0.03625730994152043,108000.0,84100.0,-0.17962962962962958,-0.2305555555555555,0.053507728894173656,0.28418549346016647,109500.0,84100.0,-0.19086757990867576,-0.2410958904109589,0.053507728894173656,0.30202140309155767,135200.0,84100.0,-0.3446745562130178,-0.3853550295857988,0.053507728894173656,0.6076099881093936,164400.0,84100.0,-0.46107055961070564,-0.49452554744525545,0.053507728894173656,0.9548156956004756,,,,,,,,,,,,unavailable,False,outside_analysis,retrospective_snapshot,False,False,False,False,-0.11044176706827313,-0.2485156912637828,0.12141244759754917,0.06983324762227962,0.0978594045870416,0.02729075807052528,0.1647277556440903,3.1820434464912877,-0.08518746518417875,-0.17765099757289415,,,,,,,,,,,,0.8780487804878049,0.0975609756097561,False,False,False,False,False,False,False,False,False,,False,False,0,False,False,False,False,False,False,False,False,0,False,-0.12028639618138426,False,-0.038828337874659447,-0.07161342919361369,-0.12822929508239855,0.13240418118466898,0.28222996515679444,False,universe_proxy,0.8432055749128919,False,False,pending,False,기술조건 탈락,"탈락: 유동성, Price Action, AVWAP·위치, 오후 흐름, 상대강도, 변동성"
2026-07-21,007810,market_cap_10000eok_plus,코리아써키트,66000,127,8536225000,30322736867.5,0.28151235283610404,0.3600575726434922,66000,0.0015174506828528056,0.07890743550834597,1582852920000,False,0.7115384615384616,0.07692307692307693,0.7115384615384616,63000.0,64300.0,-0.02021772939346811,63000.0,-0.011111111111111072,0.04761904761904767,79100.0,63000.0,-0.16561314791403292,-0.21238938053097345,0.04761904761904767,0.25555555555555554,79800.0,63000.0,-0.17293233082706772,-0.2192982456140351,0.04761904761904767,0.26666666666666666,126000.0,63000.0,-0.47619047619047616,-0.5055555555555555,0.04761904761904767,1.0,148300.0,63000.0,-0.5549561699258261,-0.5799055967633175,0.04761904761904767,1.353968253968254,,,,,,,,,,,,unavailable,False,outside_analysis,retrospective_snapshot,False,False,False,False,-0.054441260744985676,-0.4290657439446367,0.13744588744588743,0.09924566711143666,0.11361084693261088,-0.04743176445304109,0.14551181102362207,1.3931942750173592,-0.06855587520240003,-0.0811068907465784,,,,,,,,,,,,0.5400696864111498,0.0313588850174216,False,False,False,False,False,False,False,False,False,,False,False,0,False,False,False,False,False,False,False,False,0,False,-0.12028639618138426,False,-0.038828337874659447,-0.015612922870326229,-0.30877934776325244,0.41114982578397213,0.024390243902439025,False,universe_proxy,0.9128919860627178,False,False,pending,False,기술조건 탈락,"탈락: 유동성, Price Action, AVWAP·위치, 오후 흐름, 상대강도, 변동성"
2026-07-21,008770,market_cap_10000eok_plus,호텔신라,45700,127,4516004775,13907521125.55,0.3247167294754985,0.3529770228431272,45700,0.016685205784204626,0.048943270300333706,1793639129700,False,0.6363636363636364,0.36363636363636365,0.3181818181818182,47850.0,45550.0,0.05049396267837536,47850.0,-0.07419017763845348,-0.04493207941483801,52800.0,44500.0,-0.13446969696969702,-0.1609848484848485,0.026966292134831482,0.18651685393258427,55000.0,44500.0,-0.16909090909090907,-0.19454545454545458,0.026966292134831482,0.23595505617977527,55000.0,44500.0,-0.16909090909090907,-0.19454545454545458,0.026966292134831482,0.23595505617977527,70300.0,44500.0,-0.34992887624466573,-0.36984352773826457,0.026966292134831482,0.5797752808988764,,,,,,,,,,,,unavailable,False,outside_analysis,retrospective_snapshot,False,False,False,False,-0.08140703517587944,-0.12952380952380949,0.0757267896217568,0.05130165306687299,0.06541838060950939,0.044429880624824,0.26410732714138285,1.8262986650615283,-0.05425352425717045,-0.08499315245074601,,,,,,,,,,,,0.34843205574912894,0.04878048780487805,False,False,False,False,False,False,False,False,False,,False,False,0,False,False,False,False,False,False,False,False,0,False,-0.12028639618138426,False,-0.038828337874659447,-0.04257869730121999,-0.009237413342425227,0.2508710801393728,0.4912891986062718,False,universe_proxy,0.4912891986062718,True,False,pending,False,기술조건 탈락,"탈락: 유동성, Price Action, AVWAP·위치, 오후 흐름, 상대강도"
2026-07-21,008930,market_cap_10000eok_plus,한미사이언스,33000,127,4963134000,6377483100.0,0.7782276992627389,0.7535221321167016,33000,0.01538461538461533,0.04461538461538461,2256921150000,False,0.7586206896551724,0.2413793103448276,0.13793103448275862,30700.0,25600.0,0.19921875,30700.0,0.039087947882736174,0.07491856677524433,33950.0,30700.0,-0.027982326951399128,-0.06038291605301915,0.07491856677524433,0.10586319218241043,35800.0,30400.0,-0.07821229050279332,-0.10893854748603349,0.08552631578947367,0.17763157894736842,35800.0,25600.0,-0.07821229050279332,-0.10893854748603349,0.2890625,0.3984375,40200.0,25600.0,-0.17910447761194026,-0.2064676616915423,0.2890625,0.5703125,,,,,,,,,,,,unavailable,False,outside_analysis,retrospective_snapshot,False,False,False,False,-0.0030211480362537513,0.1619718309859155,0.06287878787878788,0.05643085949575601,0.06739100203222814,-0.05396005509641877,0.3180722891566265,7.016948265760575,0.019391106107603084,0.004959450971065982,,,,,,,,,,,,0.1916376306620209,0.7386759581881533,False,False,False,False,False,False,False,False,False,,True,True,2,False,False,False,False,False,False,False,False,0,False,-0.12028639618138426,False,-0.038828337874659447,0.035807189838405695,0.28225822716729976,0.7804878048780488,0.9581881533101045,True,universe_proxy,0.3240418118466899,True,False,pending,False,기술조건 탈락,"탈락: 유동성, Price Action, AVWAP·위치, 오후 흐름"
2026-07-21,009150,market_cap_10000eok_plus,삼성전기,1310000,127,833967515000,1840617085362.55,0.4530912603344284,0.6230791167300775,1310000,0.027450980392156765,0.07215686274509804,97848741760000,False,0.8043478260869565,0.1956521739130435,0.5434782608695652,1163000.0,1901000.0,-0.38821672803787477,1163000.0,0.06276870163370596,0.1263972484952709,1564000.0,1163000.0,-0.16240409207161122,-0.2097186700767263,0.1263972484952709,0.3447979363714531,1997000.0,1163000.0,-0.34401602403605414,-0.3810716074111167,0.1263972484952709,0.7171109200343938,2320000.0,1163000.0,-0.43534482758620685,-0.4672413793103448,0.1263972484952709,0.9948409286328461,2417000.0,686000.0,-0.4580057923045098,-0.4886222589987588,0.9096209912536444,2.5233236151603498,,,,,,,,,,,,unavailable,False,outside_analysis,retrospective_snapshot,False,False,False,False,0.01629169899146632,-0.4120287253141831,0.15239912758996726,0.0915194370881918,0.10247329684618982,-0.06296604548942097,0.13123434704830056,1.3460178932964832,0.00951523604223925,0.00951523604223925,3.0,61.0,15:30,exact_1530,0.006144393241167334,3.7169977755618624,0.5862068965517241,-0.009077155824508298,0.0,0.1893736662037194,MLCC,0.9895470383275261,0.1916376306620209,True,False,False,False,False,False,False,False,False,,True,True,2,True,True,True,True,False,True,False,True,2,False,-0.12028639618138426,False,-0.038828337874659447,0.055120036866125766,-0.29174232913279885,0.8606271777003485,0.03832752613240418,False,universe_proxy,0.9512195121951219,False,False,pending,False,기술조건 탈락,"탈락: Price Action, 오후 흐름, 상대강도, 변동성"
2026-07-21,009420,market_cap_10000eok_plus,한올바이오파마,48150,127,21086029475,36789619096.25,0.5731516115954927,0.7083920176056042,48150,-0.022335025380710638,0.05989847715736041,2515386719700,False,0.6271186440677966,0.0,0.6271186440677966,48150.0,55000.0,-0.12454545454545451,48150.0,-0.03842159916926269,0.0,59400.0,48150.0,-0.18939393939393945,-0.2205387205387206,0.0,0.2336448598130841,60900.0,48150.0,-0.20935960591133007,-0.23973727422003288,0.0,0.26479750778816197,70000.0,48150.0,-0.31214285714285717,-0.3385714285714285,0.0,0.4537902388369678,73000.0,38400.0,-0.34041095890410955,-0.36575342465753424,0.25390625,0.9010416666666666,,,,,,,,,,,,unavailable,False,outside_analysis,retrospective_snapshot,False,False,False,False,-0.12771739130434778,-0.028254288597376442,0.10399050585966474,0.07978724889392605,0.10160221827551845,-0.11298164538246236,0.1923252496433666,3.0395644895199916,-0.05566590737362098,-0.18982787459193973,,,,,,,,,,,,0.5888501742160279,0.4076655052264808,True,False,False,False,False,False,False,False,False,,False,False,0,False,False,False,False,False,False,False,False,0,False,-0.12028639618138426,False,-0.038828337874659447,-0.08888905342968834,0.09203210758400782,0.06968641114982578,0.7282229965156795,False,universe_proxy,0.710801393728223,False,False,pending,False,기술조건 탈락,"탈락: Price Action, AVWAP·위치, 오후 흐름, 상대강도, 변동성"
2026-07-21,009540,market_cap_10000eok_plus,HD한국조선해양,338000,127,55480892500,79140091087.4,0.7010466090913204,0.7288871494441251,338000,-0.00588235294117645,0.041176470588235294,23921313208000,False,0.42857142857142855,0.5714285714285714,0.35714285714285715,323000.0,324500.0,-0.0046224961479198745,323000.0,0.02786377708978338,0.04643962848297223,361500.0,323000.0,-0.06500691562932226,-0.0816044260027663,0.04643962848297223,0.11919504643962849,374500.0,323000.0,-0.09746328437917218,-0.1134846461949266,0.04643962848297223,0.15944272445820434,422000.0,323000.0,-0.19905213270142175,-0.21327014218009477,0.04643962848297223,0.3065015479876161,488000.0,323000.0,-0.3073770491803278,-0.319672131147541,0.04643962848297223,0.5108359133126935,,,,,,,,,,,,unavailable,False,outside_analysis,retrospective_snapshot,False,False,False,False,-0.010248901903367469,-0.14968553459119494,0.06339814032121724,0.05729462967396761,0.06229232954395765,-0.025381000399551046,0.3154666666666667,1.462002702954099,-0.003640580780970848,-0.003640580780970848,,,,,,,,,,,,0.7839721254355401,0.627177700348432,True,False,False,False,False,False,False,False,False,,False,False,0,False,False,False,False,False,False,False,False,0,False,-0.12028639618138426,False,-0.038828337874659447,0.028579435971291978,-0.029399138409810677,0.7212543554006968,0.47038327526132406,False,universe_proxy,0.3344947735191638,True,False,pending,False,기술조건 탈락,"탈락: Price Action, AVWAP·위치, 오후 흐름, 상대강도"
2026-07-21,009830,market_cap_10000eok_plus,한화솔루션,26600,127,63276990200,70930028326.25,0.8921043977164501,1.08748310942891,26600,-0.005607476635513975,0.0616822429906542,4572341457600,False,0.6666666666666666,0.3333333333333333,0.36363636363636365,29300.0,29300.0,0.0,29300.0,-0.12969283276450516,-0.0921501706484642,34600.0,26300.0,-0.23121387283236994,-0.26300578034682076,0.011406844106463865,0.3155893536121673,34600.0,26300.0,-0.23121387283236994,-0.26300578034682076,0.011406844106463865,0.3155893536121673,39200.0,26300.0,-0.3214285714285714,-0.3494897959183674,0.011406844106463865,0.49049429657794674,52255.0,26300.0,-0.49095780308104486,-0.5120084202468663,0.011406844106463865,0.9868821292775666,,,,,,,,,,,,unavailable,False,outside_analysis,retrospective_snapshot,False,False,False,False,-0.16874999999999996,-0.297225891677675,0.10526315789473684,0.0794089990267278,0.08694542064812569,0.12683141545620313,0.19,2.0340864167469004,-0.11191553272996424,-0.11122958200424249,2.0,61.0,15:30,exact_1530,0.0,2.5190805922237196,0.3,-0.012987012987012991,0.0,0.14260602578524414,에너지,0.759581881533101,0.8432055749128919,True,False,False,False,False,False,False,False,False,,False,False,0,True,True,False,True,False,True,False,True,2,False,-0.12028639618138426,True,-0.012690355329949221,-0.15605964467005073,-0.17693949549629073,0.3333333333333333,0.20905923344947736,False,sector_constituent_proxy,0.7247386759581882,False,False,pending,False,기술조건 탈락,"탈락: Price Action, AVWAP·위치, 오후 흐름, 상대강도, 변동성"
2026-07-21,009970,market_cap_10000eok_plus,영원무역홀딩스,190900,127,1257873050,2942167802.5,0.42753273587290574,0.3998579739436812,190900,0.01867662753468524,0.04855923159018143,2472883665300,False,0.6703296703296703,0.32967032967032966,0.06593406593406594,156800.0,170300.0,-0.07927187316500295,156800.0,0.1785714285714286,0.21747448979591844,199800.0,185500.0,-0.044544544544544595,-0.07507507507507505,0.029110512129379984,0.07708894878706199,199800.0,177600.0,-0.044544544544544595,-0.07507507507507505,0.07488738738738743,0.125,199800.0,156800.0,-0.044544544544544595,-0.07507507507507505,0.21747448979591844,0.274234693877551,229500.0,156800.0,-0.1681917211328976,-0.19477124183006533,0.21747448979591844,0.46364795918367346,,,,,,,,,,,,unavailable,False,outside_analysis,retrospective_snapshot,False,False,False,False,-0.01139306059036771,0.14517096580683853,0.06061513133278455,0.052814517573900224,0.06685050012108089,-0.08810825795743049,0.32995061728395064,1.6020105065594055,0.061732515715259284,0.004412961213680955,,,,,,,,,,,,0.08013937282229965,0.1602787456445993,False,False,False,False,False,False,False,False,False,,True,True,2,False,False,False,False,False,False,False,False,0,False,-0.12028639618138426,False,-0.038828337874659447,0.027435277284291737,0.2654573619882228,0.7177700348432056,0.9477351916376306,True,universe_proxy,0.29965156794425085,True,False,pending,False,기술조건 탈락,"탈락: 유동성, Price Action, AVWAP·위치, 오후 흐름"
2026-07-21,010060,market_cap_10000eok_plus,OCI홀딩스,195000,127,30736498800,42332357112.5,0.7260757703218953,0.7834055049179532,195000,-0.023535302954431625,0.0771156735102654,3640695240000,False,0.6428571428571429,0.17532467532467533,0.6428571428571429,175200.0,179400.0,-0.02341137123745818,175200.0,0.05650684931506844,0.11301369863013688,224500.0,175200.0,-0.13140311804008908,-0.17550111358574605,0.11301369863013688,0.2813926940639269,224500.0,175200.0,-0.13140311804008908,-0.17550111358574605,0.11301369863013688,0.2813926940639269,266500.0,175200.0,-0.2682926829268293,-0.3054409005628518,0.11301369863013688,0.5211187214611872,414000.0,175200.0,-0.5289855072463768,-0.5528985507246377,0.11301369863013688,1.3630136986301369,,,,,,,,,,,,unavailable,False,outside_analysis,retrospective_snapshot,False,False,False,False,-0.04645476772616142,-0.21052631578947367,0.12080586080586081,0.12158466932090226,0.10333363678923768,0.1479162943484218,0.16555488174651303,1.1347506192321928,-0.003764535687087789,-0.06179477964342528,,,,,,,,,,,,0.6341463414634146,0.6759581881533101,True,False,False,False,False,False,False,False,False,,False,False,0,False,False,False,False,False,False,False,False,0,False,-0.12028639618138426,False,-0.038828337874659447,-0.00762642985150197,-0.09023991960808941,0.4529616724738676,0.3832752613240418,False,universe_proxy,0.8397212543554007,False,False,pending,False,기술조건 탈락,"탈락: Price Action, AVWAP·위치, 오후 흐름, 상대강도, 변동성"
2026-07-21,010120,market_cap_10000eok_plus,LS ELECTRIC,189100,127,130856767200,228800550357.5,0.571925054356455,0.6712100177861295,189100,0.05465699944227542,0.08031232571109871,28365000000000,False,0.7986111111111112,0.2013888888888889,0.11805555555555555,176500.0,196500.0,-0.10178117048346058,176500.0,0.006232294617563694,0.07138810198300294,209500.0,176500.0,-0.09737470167064444,-0.15226730310262526,0.07138810198300294,0.18696883852691218,231000.0,176500.0,-0.18138528138528143,-0.23116883116883113,0.07138810198300294,0.3087818696883853,270000.0,176500.0,-0.2996296296296296,-0.3422222222222222,0.07138810198300294,0.5297450424929179,335000.0,176500.0,-0.43552238805970145,-0.46985074626865675,0.07138810198300294,0.8980169971671388,,,,,,,,,,,,unavailable,False,outside_analysis,retrospective_snapshot,False,False,False,False,0.024932249322493272,-0.2281632653061224,0.11161894689128958,0.07056902824213905,0.08911467863249535,-0.0995885702054935,0.17918104906937393,1.8228802763311633,0.003247787796428314,-0.10101844485355771,3.0,61.0,15:30,exact_1530,0.0018543046357615278,2.747271225441029,0.42857142857142855,-0.010465724751439032,0.0,0.18009070815593636,전력기기·전선,0.9372822299651568,0.40418118466898956,True,False,False,False,False,False,False,False,False,,True,False,1,True,True,True,True,False,True,False,True,2,False,-0.12028639618138426,False,-0.038828337874659447,0.06376058719715272,-0.10787686912473815,0.9024390243902439,0.34146341463414637,False,universe_proxy,0.7735191637630662,False,False,pending,False,기술조건 탈락,"탈락: Price Action, 오후 흐름, 상대강도, 변동성"
2026-07-21,010130,market_cap_10000eok_plus,고려아연,955000,127,11804966000,19649240900.0,0.6007848374437712,0.6793025267172864,955000,-0.0010460251046024993,0.0502092050209205,19933685395000,False,0.7291666666666666,0.2708333333333333,0.5208333333333334,991000.0,1049000.0,-0.05529075309818876,991000.0,-0.07164480322906153,-0.03632694248234103,1085000.0,946000.0,-0.11981566820276501,-0.15207373271889402,0.009513742071881603,0.14693446088794926,1149000.0,946000.0,-0.16884247171453437,-0.1993037423846823,0.009513742071881603,0.21458773784355178,1193000.0,946000.0,-0.19949706621961438,-0.22883487007544012,0.009513742071881603,0.26109936575052856,1786000.0,946000.0,-0.46528555431131025,-0.4848824188129899,0.009513742071881603,0.8879492600422833,,,,,,,,,,,,unavailable,False,outside_analysis,retrospective_snapshot,False,False,False,False,-0.06829268292682922,-0.1673931996512642,0.06709050112191474,0.052443193711553246,0.06108887685303379,-0.031439948592075995,0.29810479375696763,1.3380735325257163,-0.05956775087251098,-0.10371610696553268,,,,,,,,,,,,0.44947735191637633,0.46689895470383275,True,False,False,False,False,False,False,False,False,,False,False,0,False,False,False,False,False,False,False,False,0,False,-0.12028639618138426,False,-0.038828337874659447,-0.02946434505216977,-0.04710680346987994,0.3344947735191638,0.4529616724738676,False,universe_proxy,0.3867595818815331,True,False,pending,False,기술조건 탈락,"탈락: Price Action, AVWAP·위치, 오후 흐름, 상대강도"
2026-07-21,010140,market_cap_10000eok_plus,삼성중공업,21250,127,56254162900,97475834293.75,0.5771088117130065,0.6323452268343521,21250,0.014319809069212486,0.0477326968973747,18700000000000,False,0.9,0.1,0.4,20850.0,20700.0,0.007246376811594235,20850.0,-0.023980815347721784,0.01918465227817756,23900.0,20850.0,-0.11087866108786615,-0.14853556485355646,0.01918465227817756,0.14628297362110312,24350.0,20700.0,-0.1273100616016427,-0.16427104722792607,0.02657004830917864,0.17632850241545894,27550.0,20700.0,-0.22867513611615242,-0.26134301270417426,0.02657004830917864,0.3309178743961353,35350.0,20700.0,-0.3988684582743989,-0.4243281471004243,0.02657004830917864,0.7077294685990339,,,,,,,,,,,,unavailable,False,outside_analysis,retrospective_snapshot,False,False,False,False,-0.03628117913832196,-0.18893129770992367,0.06941176470588235,0.05340671264293943,0.06408761348930195,-0.03262249369273662,0.288135593220339,1.1877435462282597,-0.014958187669403156,-0.01996701621024055,,,,,,,,,,,조선,0.8222996515679443,0.4181184668989547,True,False,False,False,False,False,False,False,False,,False,False,0,False,False,False,False,False,False,False,False,0,False,-0.12028639618138426,True,-0.03628117913832196,0.0,-0.06864490152853941,0.6666666666666666,0.42160278745644597,False,sector_constituent_proxy,0.41114982578397213,True,False,pending,False,기술조건 탈락,"탈락: Price Action, AVWAP·위치, 오후 흐름, 상대강도"
2026-07-21,010170,market_cap_10000eok_plus,대한광통신,9860,127,65216681310,119504165461.25,0.545727264470517,0.7164063248375578,9860,0.04228329809725162,0.11733615221987315,1533088607600,False,0.7477477477477478,0.25225225225225223,0.4864864864864865,10140.0,10180.0,-0.003929273084479323,10140.0,-0.10946745562130178,-0.027613412228796874,13250.0,9330.0,-0.25584905660377355,-0.31849056603773584,0.05680600214362275,0.42015005359056806,13550.0,9330.0,-0.27232472324723245,-0.33357933579335797,0.05680600214362275,0.45230439442658094,16920.0,9330.0,-0.41725768321513,-0.4663120567375887,0.05680600214362275,0.8135048231511254,31500.0,9330.0,-0.686984126984127,-0.7133333333333334,0.05680600214362275,2.3762057877813505,,,,,,,,,,,,unavailable,False,outside_analysis,retrospective_snapshot,False,False,False,False,-0.0962419798350137,-0.379874213836478,0.1480005795421617,0.0957839198337226,0.11736090756986414,0.008278702911230118,0.13513460597161037,3.069597487361757,-0.07343408956937114,-0.14126365750923953,2.0,61.0,15:30,exact_1530,0.00612244897959191,2.857992697341956,0.7647058823529411,-0.004040404040404066,0.0,0.0737819720276058,광통신,0.8641114982578397,0.34494773519163763,True,False,False,False,False,False,False,False,False,,False,False,0,True,True,False,True,False,True,True,True,3,True,-0.12028639618138426,False,-0.038828337874659447,-0.057413641960354256,-0.25958781765509376,0.17770034843205576,0.06620209059233449,False,universe_proxy,0.9372822299651568,False,False,pending,False,기술조건 탈락,"탈락: Price Action, AVWAP·위치, 상대강도, 변동성"
2026-07-21,010950,market_cap_10000eok_plus,S-Oil,141600,127,55152951200,60012924615.0,0.919017887460441,0.7956470140323937,141600,-0.03476482617586907,0.06612133605998637,15941723347200,False,0.3711340206185567,0.27835051546391754,0.3711340206185567,90400.0,104000.0,-0.13076923076923075,90400.0,0.5265486725663717,0.5663716814159292,150000.0,130100.0,-0.05600000000000005,-0.07999999999999996,0.08839354342813222,0.15295926210607225,150000.0,109200.0,-0.05600000000000005,-0.07999999999999996,0.29670329670329676,0.37362637362637363,150000.0,90400.0,-0.05600000000000005,-0.07999999999999996,0.5663716814159292,0.6592920353982301,150000.0,90400.0,-0.05600000000000005,-0.07999999999999996,0.5663716814159292,0.6592920353982301,,,,,,,,,,,,unavailable,False,outside_analysis,retrospective_snapshot,False,False,False,False,0.01505376344086029,0.3233644859813085,0.0634584342211461,0.07692027521510052,0.0739083655366928,0.01835926075512173,0.31516693163751985,3.011619796327603,0.12591974840627174,0.046676047556116984,,,,,,,,,,,,0.710801393728223,0.8641114982578397,True,False,False,False,False,False,False,False,False,,True,True,2,False,False,False,False,False,False,False,False,0,False,-0.12028639618138426,False,-0.038828337874659447,0.05388210131551974,0.4436508821626928,0.8536585365853658,0.9930313588850174,True,universe_proxy,0.33797909407665505,True,False,pending,False,기술조건 탈락,"탈락: Price Action, AVWAP·위치, 오후 흐름"
2026-07-21,011070,market_cap_10000eok_plus,LG이노텍,629000,127,120586085500,273770792300.0,0.4404636611777815,0.606681412073559,629000,0.04485049833887045,0.0664451827242525,14886610303000,False,0.975,0.025,0.275,603000.0,873000.0,-0.30927835051546393,603000.0,-0.021558872305140975,0.04311774461028195,752000.0,600000.0,-0.16356382978723405,-0.21542553191489366,0.04833333333333334,0.25333333333333335,923000.0,600000.0,-0.31852654387865653,-0.36078006500541715,0.04833333333333334,0.5383333333333333,1182000.0,600000.0,-0.4678510998307953,-0.5008460236886633,0.04833333333333334,0.97,1788000.0,409000.0,-0.6482102908277405,-0.6700223713646533,0.5378973105134475,3.371638141809291,,,,,,,,,,,,unavailable,False,outside_analysis,retrospective_snapshot,False,False,False,False,-0.04841149773071107,-0.4433628318584071,0.11651146945264593,0.06652989008975362,0.09061992682161131,-0.07846398434633728,0.1716569200779727,1.227826961294445,-0.025456914285213905,-0.04303212341325002,2.0,61.0,15:30,exact_1530,0.012882447665056418,4.254472066782864,0.9166666666666666,-0.0015873015873015817,0.0,0.2917366989579195,기판,0.9616724738675958,0.17770034843205576,True,False,False,False,False,False,False,False,False,,False,False,0,True,True,False,True,False,True,True,True,3,True,-0.12028639618138426,False,-0.038828337874659447,-0.009583159856051626,-0.3230764356770228,0.43902439024390244,0.017421602787456445,False,universe_proxy,0.818815331010453,False,False,pending,False,기술조건 탈락,"탈락: Price Action, AVWAP·위치, 상대강도, 변동성"
2026-07-21,011170,market_cap_10000eok_plus,롯데케미칼,56600,127,7288510250,7874175271.4,0.9256220491399005,1.0451784733573857,56600,-0.01736111111111116,0.041666666666666664,2421088715400,False,0.5833333333333334,0.25,0.5833333333333334,58700.0,58500.0,0.0034188034188034067,58700.0,-0.05962521294718914,-0.035775127768313486,64000.0,56800.0,-0.11562499999999998,-0.13749999999999996,-0.0035211267605633756,0.1267605633802817,64900.0,56800.0,-0.12788906009244994,-0.14946070878274265,-0.0035211267605633756,0.1426056338028169,75700.0,56800.0,-0.25231175693527086,-0.2708058124174373,-0.0035211267605633756,0.33274647887323944,119500.0,56800.0,-0.5263598326359833,-0.5380753138075314,-0.0035211267605633756,1.1038732394366197,,,,,,,,,,,,unavailable,False,outside_analysis,retrospective_snapshot,False,False,False,False,-0.06600660066006603,-0.2094972067039106,0.051110550227158,0.04297710714919482,0.05477515882067777,-0.17562374880758858,0.3913086419753087,1.0859601480925336,-0.04251081590708239,-0.10345804731612529,,,,,,,,,,,,0.24390243902439024,0.8710801393728222,True,False,False,False,False,False,False,False,False,,False,False,0,False,False,False,False,False,False,False,False,0,False,-0.12028639618138426,False,-0.038828337874659447,-0.02717826278540658,-0.08921081052252633,0.3519163763066202,0.3902439024390244,False,universe_proxy,0.16376306620209058,True,False,pending,False,기술조건 탈락,"탈락: Price Action, AVWAP·위치, 오후 흐름, 상대강도"
2026-07-21,011200,market_cap_10000eok_plus,HMM,20100,127,18151661020,25338873835.5,0.716356264995856,0.689946599209158,20100,-0.002481389578163795,0.03225806451612903,18959083197000,False,0.46153846153846156,0.5384615384615384,0.3076923076923077,18270.0,17910.0,0.0201005025125629,18270.0,0.08374384236453203,0.10016420361247946,20500.0,19210.0,-0.019512195121951237,-0.034146341463414664,0.046330036439354405,0.06715252472670484,20500.0,19030.0,-0.019512195121951237,-0.034146341463414664,0.056227009984235465,0.07724645296899632,20500.0,17910.0,-0.019512195121951237,-0.034146341463414664,0.12227805695142369,0.14461194863204913,23200.0,17910.0,-0.13362068965517238,-0.14655172413793105,0.12227805695142369,0.2953657174762702,,,,,,,,,,,,unavailable,False,outside_analysis,retrospective_snapshot,False,False,False,False,0.028132992327365658,0.028132992327365658,0.040191897654584224,0.03826551975207099,0.0433930300189658,-0.08557586134167061,0.4976127320954907,1.646429720153553,0.018741749620723613,0.005745258974936052,,,,,,,,,,,,0.5017421602787456,0.6585365853658537,True,False,False,False,False,False,False,False,False,,True,True,2,False,False,False,False,False,False,False,False,0,False,-0.12028639618138426,False,-0.038828337874659447,0.0669613302020251,0.14841938850874992,0.9198606271777003,0.8501742160278746,True,universe_proxy,0.027874564459930314,False,False,pending,False,기술조건 탈락,"탈락: Price Action, AVWAP·위치, 오후 흐름, 변동성"
2026-07-21,011210,market_cap_10000eok_plus,현대위아,55800,127,5334322200,7621876651.15,0.6998699197257607,0.793673043965833,55800,0.016393442622950838,0.0546448087431694,1517485631400,False,0.8,0.2,0.3,55800.0,58100.0,-0.03958691910499135,55800.0,-0.043010752688172005,0.0,64600.0,54400.0,-0.13622291021671828,-0.17337461300309598,0.025735294117646967,0.1875,67100.0,54400.0,-0.1684053651266766,-0.2041728763040238,0.025735294117646967,0.23345588235294118,72400.0,54400.0,-0.22928176795580113,-0.2624309392265194,0.025735294117646967,0.33088235294117646,103500.0,54400.0,-0.4608695652173913,-0.48405797101449277,0.025735294117646967,0.9025735294117647,,,,,,,,,,,,unavailable,False,outside_analysis,retrospective_snapshot,False,False,False,False,-0.06844741235392315,-0.1936416184971098,0.06758832565284179,0.04948862879260931,0.06638217086497314,-0.09745907814533239,0.2959090909090909,0.8531681794893582,-0.0222562994407286,-0.0222562994407286,,,,,,,,,,,,0.23693379790940766,0.6236933797909407,True,False,False,False,False,False,False,False,False,,False,False,0,False,False,False,False,False,False,False,False,0,False,-0.12028639618138426,False,-0.038828337874659447,-0.029619074479263707,-0.07335522231572555,0.3310104529616725,0.4076655052264808,False,universe_proxy,0.39372822299651566,True,False,pending,False,기술조건 탈락,"탈락: Price Action, AVWAP·위치, 오후 흐름, 상대강도"
2026-07-21,011780,market_cap_10000eok_plus,금호석유화학,118000,127,5249082450,9495348867.5,0.5528056444525364,0.5521324694308182,118000,0.0076857386848847575,0.04867634500426986,2968564350000,False,0.8596491228070176,0.14035087719298245,0.5964912280701754,108700.0,111400.0,-0.024236983842010784,108700.0,0.04047838086476552,0.08555657773689052,125600.0,115300.0,-0.060509554140127375,-0.09952229299363058,0.02341717259323506,0.08933217692974849,125600.0,108700.0,-0.060509554140127375,-0.09952229299363058,0.08555657773689052,0.15547378104875806,125600.0,108700.0,-0.060509554140127375,-0.09952229299363058,0.08555657773689052,0.15547378104875806,155300.0,108700.0,-0.24018029620090153,-0.2717321313586607,0.08555657773689052,0.42870285188592455,,,,,,,,,,,,unavailable,False,outside_analysis,retrospective_snapshot,False,False,False,False,0.005110732538330387,-0.01666666666666672,0.050786924939467314,0.04822287852451804,0.05474562111017436,-0.09464870031986461,0.3938021454112038,1.4656633513517396,0.005477832876907174,-0.008919340896706873,,,,,,,,,,,,0.27177700348432055,0.3588850174216028,True,False,False,False,False,False,False,False,False,,True,False,1,False,False,False,False,False,False,False,False,0,False,-0.12028639618138426,False,-0.038828337874659447,0.043939070412989834,0.10361972951471754,0.8257839721254355,0.7421602787456446,True,universe_proxy,0.1602787456445993,True,False,pending,False,기술조건 탈락,"탈락: Price Action, AVWAP·위치, 오후 흐름"
2026-07-21,011790,market_cap_10000eok_plus,SKC,79300,127,15768178200,31424049980.0,0.5017869501237345,0.6439207492484416,79300,0.011479591836734748,0.05229591836734694,3933145031400,False,0.7560975609756098,0.24390243902439024,0.34146341463414637,82100.0,88100.0,-0.0681044267877412,82100.0,-0.07186358099878198,-0.03410475030450666,97800.0,78300.0,-0.18916155419222902,-0.22085889570552142,0.012771392081736943,0.24904214559386972,105000.0,78300.0,-0.24476190476190474,-0.27428571428571424,0.012771392081736943,0.34099616858237547,122000.0,78300.0,-0.35,-0.37540983606557377,0.012771392081736943,0.558109833971903,184400.0,78300.0,-0.5699566160520607,-0.586767895878525,0.012771392081736943,1.355044699872286,,,,,,,,,,,,unavailable,False,outside_analysis,retrospective_snapshot,False,False,False,False,-0.09886363636363638,-0.3369565217391305,0.09493784903620969,0.058978412548761995,0.07716497591344995,-0.02449182641692782,0.2106641366223909,1.037047256711197,-0.053894659880095896,-0.09765441038384404,,,,,,,,,,,,0.5505226480836237,0.2926829268292683,True,False,False,False,False,False,False,False,False,,False,False,0,False,False,False,False,False,False,False,False,0,False,-0.12028639618138426,False,-0.038828337874659447,-0.06003529848897693,-0.21667012555774623,0.17421602787456447,0.13240418118466898,False,universe_proxy,0.6341463414634146,False,False,pending,False,기술조건 탈락,"탈락: Price Action, AVWAP·위치, 오후 흐름, 상대강도, 변동성"
2026-07-21,012330,market_cap_10000eok_plus,현대모비스,479500,127,154012295500,203370830087.5,0.7572978653513703,0.7952507026110439,479500,0.014814814814814836,0.061375661375661375,43506273548500,False,0.8103448275862069,0.1896551724137931,0.3448275862068966,452000.0,455000.0,-0.00659340659340657,452000.0,0.008849557522123908,0.06084070796460184,522000.0,452000.0,-0.08141762452107282,-0.12643678160919536,0.06084070796460184,0.15486725663716813,528000.0,452000.0,-0.09185606060606055,-0.13636363636363635,0.06084070796460184,0.168141592920354,600000.0,452000.0,-0.2008333333333333,-0.24,0.06084070796460184,0.3274336283185841,822000.0,419000.0,-0.41666666666666663,-0.44525547445255476,0.14439140811455853,0.9618138424821002,,,,,,,,,,,,unavailable,False,outside_analysis,retrospective_snapshot,False,False,False,False,-0.016410256410256396,-0.15729349736379616,0.07410993594518099,0.058305140940898746,0.07094204471326615,-0.026370908901135137,0.26986934673366836,0.9682936837820133,0.005154379042730639,-0.012821064091850798,4.0,61.0,15:30,exact_1530,0.002089864158829613,5.171070682970474,0.8461538461538461,-0.002081165452653466,0.0,0.3191552371962167,로봇,0.926829268292683,0.7142857142857143,True,False,False,False,False,False,False,False,False,,True,False,1,True,True,True,True,False,True,True,True,3,True,-0.12028639618138426,True,-0.016410256410256396,0.0,-0.037007101182411906,0.6,0.46689895470383275,False,sector_constituent_proxy,0.4529616724738676,True,False,pending,False,기술조건 탈락,"탈락: Price Action, 상대강도"
2026-07-21,012450,market_cap_10000eok_plus,한화에어로스페이스,899000,127,155677834500,237687395263.95,0.6549688271316237,0.7486890902911864,899000,0.027428571428571358,0.06971428571428571,46355497499000,False,0.7049180327868853,0.29508196721311475,0.3770491803278688,862000.0,968000.0,-0.10950413223140498,862000.0,-0.00696055684454755,0.04292343387470998,1008000.0,862000.0,-0.10813492063492058,-0.1507936507936508,0.04292343387470998,0.16937354988399073,1240000.0,862000.0,-0.275,-0.3096774193548387,0.04292343387470998,0.4385150812064965,1240000.0,862000.0,-0.275,-0.3096774193548387,0.04292343387470998,0.4385150812064965,1525000.0,862000.0,-0.4104918032786885,-0.43868852459016394,0.04292343387470998,0.7691415313225058,,,,,,,,,,,,unavailable,False,outside_analysis,retrospective_snapshot,False,False,False,False,-0.0395299145299145,-0.2008888888888889,0.10209756872715717,0.07083074095571176,0.07690646724298497,0.08068379693107208,0.19589105058365758,1.7736569446998691,-0.005822191547701916,0.008823930972907679,3.0,61.0,15:30,exact_1530,0.00111358574610243,3.307337569174011,0.5714285714285714,-0.006629834254143652,0.0,0.24165746745779862,방산·우주항공,0.9407665505226481,0.5714285714285714,True,False,False,False,False,False,False,False,False,,False,True,1,True,True,True,True,False,True,False,True,2,False,-0.12028639618138426,True,-0.05631668140288826,0.016786766872973757,-0.08060249270750464,0.75,0.40418118466898956,False,sector_constituent_proxy,0.6794425087108014,False,False,pending,False,기술조건 탈락,"탈락: Price Action, 오후 흐름, 상대강도, 변동성"
2026-07-21,012630,market_cap_10000eok_plus,HDC,20100,127,907095855,1545496326.75,0.5869285091783542,0.5976495179479601,20100,0.0,0.029850746268656716,1200808592100,False,0.4166666666666667,0.5833333333333334,0.4166666666666667,19570.0,19850.0,-0.014105793450881587,19570.0,0.014307613694430232,0.02708226877874287,21150.0,19530.0,-0.049645390070921946,-0.0614657210401891,0.029185867895545226,0.08294930875576037,21850.0,19530.0,-0.080091533180778,-0.09153318077803207,0.029185867895545226,0.11879160266257041,22150.0,18690.0,-0.09255079006772005,-0.10383747178329572,0.0754414125200642,0.18512573568753343,29400.0,18690.0,-0.3163265306122449,-0.3248299319727891,0.0754414125200642,0.5730337078651685,,,,,,,,,,,,unavailable,False,outside_analysis,retrospective_snapshot,False,False,False,False,-0.002481389578163795,-0.007407407407407418,0.05302061122956646,0.037757100923354284,0.052475578084458394,-0.15209101882875864,0.37721179624664875,3.406337599507759,0.004376934880583994,-0.009238689206806261,,,,,,,,,,,,0.027874564459930314,0.4355400696864111,False,False,False,False,False,False,False,False,False,,True,False,1,False,False,False,False,False,False,False,False,0,False,-0.12028639618138426,False,-0.038828337874659447,0.03634694829649565,0.11287898877397684,0.7874564459930313,0.7700348432055749,True,universe_proxy,0.20209059233449478,True,False,pending,False,기술조건 탈락,"탈락: 유동성, Price Action, AVWAP·위치, 오후 흐름"
2026-07-21,012750,market_cap_10000eok_plus,에스원,70100,127,3658607500,5199034807.5,0.7037089835832956,0.7174832673250203,70100,-0.012676056338028152,0.022535211267605635,2663742377800,False,0.0625,0.9375,0.0625,71100.0,70300.0,0.011379800853485111,71100.0,-0.015471167369901506,-0.01406469760900142,74900.0,70300.0,-0.06408544726301735,-0.06542056074766356,-0.002844950213371278,0.06543385490753911,82000.0,70300.0,-0.1451219512195122,-0.14634146341463417,-0.002844950213371278,0.16642958748221906,82000.0,67000.0,-0.1451219512195122,-0.14634146341463417,0.04626865671641789,0.22388059701492538,91300.0,66800.0,-0.23220153340635263,-0.23329682365826943,0.04940119760479034,0.36676646706586824,,,,,,,,,,,,unavailable,False,outside_analysis,retrospective_snapshot,False,False,False,False,-0.02231520223152017,0.008633093525179936,0.058793560220093743,0.03448677092519311,0.051398941193629824,-0.0756934103534832,0.3401733102253033,1.92381756582809,-0.027545422085890836,-0.038243283157323615,,,,,,,,,,,,0.14982578397212543,0.6341463414634146,False,False,False,False,False,False,False,False,False,,False,False,0,False,False,False,False,False,False,False,False,0,False,-0.12028639618138426,False,-0.038828337874659447,0.016513135643139276,0.1289194897065642,0.6341463414634146,0.8153310104529616,True,universe_proxy,0.2682926829268293,True,False,pending,False,기술조건 탈락,"탈락: 유동성, Price Action, AVWAP·위치, 오후 흐름"
2026-07-21,014680,market_cap_10000eok_plus,한솔케미칼,229000,127,10888098750,16951748885.15,0.6422994361094003,0.7291261501504492,229000,-0.061475409836065587,0.06967213114754098,2521953871000,False,0.058823529411764705,0.3235294117647059,0.058823529411764705,230000.0,236500.0,-0.02748414376321351,230000.0,-0.008695652173912993,-0.004347826086956497,290000.0,232500.0,-0.21034482758620687,-0.21379310344827585,-0.01505376344086018,0.24731182795698925,290000.0,230000.0,-0.21034482758620687,-0.21379310344827585,-0.004347826086956497,0.2608695652173913,319000.0,230000.0,-0.2821316614420063,-0.28526645768025083,-0.004347826086956497,0.3869565217391304,338500.0,223000.0,-0.32348596750369274,-0.3264401772525849,0.026905829596412634,0.5179372197309418,,,,,,,,,,,,unavailable,False,outside_analysis,retrospective_snapshot,False,False,False,False,-0.11923076923076925,-0.19223985890652562,0.1027760449157829,0.08053917053925914,0.0924096233280447,0.042074661541642966,0.194597875569044,1.6602895293893398,-0.07535265855411699,-0.12920720797487617,,,,,,,,,,,,0.42160278745644597,0.5470383275261324,True,False,False,False,False,False,False,False,False,,False,False,0,False,False,False,False,False,False,False,False,0,False,-0.12028639618138426,False,-0.038828337874659447,-0.0804024313561098,-0.07195346272514136,0.08710801393728224,0.41114982578397213,False,universe_proxy,0.6968641114982579,False,False,pending,False,기술조건 탈락,"탈락: Price Action, AVWAP·위치, 오후 흐름, 상대강도, 변동성"
2026-07-21,015760,market_cap_10000eok_plus,한국전력,33700,127,44311564675,73890310908.75,0.5996938452420651,0.6606438295818844,33700,0.021212121212121238,0.0696969696969697,21634189394900,False,0.7391304347826086,0.2608695652173913,0.2391304347826087,33200.0,36500.0,-0.09041095890410955,33200.0,-0.03614457831325302,0.015060240963855387,36450.0,32650.0,-0.07544581618655688,-0.12208504801097397,0.03215926493108734,0.11638591117917305,39500.0,32650.0,-0.1468354430379747,-0.189873417721519,0.03215926493108734,0.20980091883614088,39500.0,32650.0,-0.1468354430379747,-0.189873417721519,0.03215926493108734,0.20980091883614088,47650.0,32650.0,-0.2927597061909759,-0.32843651626442816,0.03215926493108734,0.45941807044410415,,,,,,,,,,,,unavailable,False,outside_analysis,retrospective_snapshot,False,False,False,False,-0.016058394160583966,-0.11315789473684212,0.05606189063162357,0.04653258041308004,0.05274579938332673,-0.131448253380824,0.35674858223062383,1.1867244766063274,-0.0036756232783141662,-0.07207805700739844,,,,,,,,,,,,0.7700348432055749,0.4634146341463415,True,False,False,False,False,False,False,False,False,,False,False,0,False,False,False,False,False,False,False,False,0,False,-0.12028639618138426,False,-0.038828337874659447,0.02276994371407548,0.007128501444542135,0.6759581881533101,0.5121951219512195,False,universe_proxy,0.24041811846689895,True,False,pending,False,기술조건 탈락,"탈락: Price Action, AVWAP·위치, 오후 흐름, 상대강도"
2026-07-21,016360,market_cap_10000eok_plus,삼성증권,103100,127,34477696000,57548360292.5,0.5991082252345826,0.65128402392867,103100,0.013765978367748177,0.043264503441494594,9206830000000,False,0.6136363636363636,0.38636363636363635,0.29545454545454547,101000.0,104500.0,-0.03349282296650713,101000.0,-0.005940594059405946,0.02079207920792081,118800.0,101000.0,-0.13215488215488214,-0.15488215488215484,0.02079207920792081,0.17623762376237623,127000.0,101000.0,-0.18818897637795273,-0.20944881889763778,0.02079207920792081,0.25742574257425743,127000.0,99400.0,-0.18818897637795273,-0.20944881889763778,0.037223340040241526,0.2776659959758551,163000.0,99400.0,-0.3674846625766871,-0.38404907975460123,0.037223340040241526,0.6398390342052314,,,,,,,,,,,,unavailable,False,outside_analysis,retrospective_snapshot,False,False,False,False,-0.05238970588235292,-0.09561403508771926,0.08431481224885687,0.056161544004119955,0.07222996326501624,0.02989833213679849,0.2372062448644207,1.6460626902538604,-0.02570096238940267,-0.0801034368360718,,,,,,,,,,,,0.6968641114982579,0.45993031358885017,True,False,False,False,False,False,False,False,False,,False,False,0,False,False,False,False,False,False,False,False,0,False,-0.12028639618138426,False,-0.038828337874659447,-0.013561368007693475,0.024672361093664996,0.42160278745644597,0.5679442508710801,False,universe_proxy,0.5435540069686411,False,False,pending,False,기술조건 탈락,"탈락: Price Action, AVWAP·위치, 오후 흐름, 상대강도, 변동성"
2026-07-21,017670,market_cap_10000eok_plus,SK텔레콤,85100,127,71635300150,82659621922.5,0.8666299032575278,0.9098150280672915,85100,0.0047225501770955525,0.0602125147579693,18278633510300,False,0.803921568627451,0.19607843137254902,0.5686274509803921,82700.0,82200.0,0.006082725060827299,82700.0,-0.02055622732769047,0.0290205562273278,93300.0,80900.0,-0.08788853161843513,-0.13183279742765275,0.05191594561186652,0.15327564894932014,93300.0,80900.0,-0.08788853161843513,-0.13183279742765275,0.05191594561186652,0.15327564894932014,97200.0,80900.0,-0.12448559670781889,-0.16666666666666663,0.05191594561186652,0.20148331273176762,139500.0,80900.0,-0.38996415770609316,-0.4193548387096774,0.05191594561186652,0.7243510506798516,,,,,,,,,,,,unavailable,False,outside_analysis,retrospective_snapshot,False,False,False,False,-0.007001166861143493,-0.09660297239915072,0.05220748699009569,0.050267131623900584,0.04810255020084075,0.06528134167885735,0.3830868167202572,1.3522651202043614,-0.00971320797486841,-0.015181892302682076,5.0,61.0,15:30,exact_1530,-0.0093131548311991,4.175424173917015,0.0,-0.010465116279069764,0.0,0.26558380226728884,통신,0.7909407665505227,0.8222996515679443,True,False,False,False,False,False,False,False,False,,False,False,0,True,True,False,False,False,True,False,True,1,False,-0.12028639618138426,False,-0.038828337874659447,0.031827171013515954,0.023683423782233537,0.7456445993031359,0.5609756097560976,False,universe_proxy,0.18466898954703834,True,False,pending,False,기술조건 탈락,"탈락: Price Action, AVWAP·위치, 오후 흐름, 상대강도"
2026-07-21,017800,market_cap_10000eok_plus,현대엘리베이터,67000,127,6438374800,9156264012.5,0.7031661375436994,0.7414018330054369,67000,0.009036144578313143,0.024096385542168676,2619189795000,False,0.5,0.5,0.1875,67100.0,69700.0,-0.0373027259684362,67100.0,-0.01341281669150518,-0.0014903129657227732,71100.0,66300.0,-0.057665260196905765,-0.0689170182841069,0.010558069381598756,0.07239819004524888,73200.0,66300.0,-0.08469945355191255,-0.09562841530054644,0.010558069381598756,0.10407239819004525,77400.0,66300.0,-0.13436692506459946,-0.14470284237726094,0.010558069381598756,0.167420814479638,103000.0,66300.0,-0.3495145631067961,-0.3572815533980582,0.010558069381598756,0.5535444947209653,,,,,,,,,,,,unavailable,False,outside_analysis,retrospective_snapshot,False,False,False,False,-0.024745269286754024,-0.10067114093959728,0.04051172707889126,0.030105461476528195,0.040728211144347805,-0.13026385927505335,0.4936842105263158,1.0764307101901063,-0.021786577246587502,-0.0014944674707694228,,,,,,,,,,,,0.2682926829268293,0.6306620209059234,True,False,False,False,False,False,False,False,False,,False,False,0,False,False,False,False,False,False,False,False,0,False,-0.12028639618138426,False,-0.038828337874659447,0.014083068587905423,0.019615255241786977,0.6132404181184669,0.5400696864111498,False,universe_proxy,0.03484320557491289,False,False,pending,False,기술조건 탈락,"탈락: Price Action, AVWAP·위치, 오후 흐름, 상대강도, 변동성"
2026-07-21,017960,market_cap_10000eok_plus,한국카본,22050,127,3661633750,7313529993.75,0.5006657186241338,0.5912867069812426,22050,0.004555808656036442,0.04555808656036447,1139466516300,False,0.85,0.15,0.55,22600.0,22600.0,0.0,22600.0,-0.06194690265486724,-0.02433628318584069,26400.0,21800.0,-0.1647727272727273,-0.19696969696969702,0.011467889908256979,0.21100917431192662,26750.0,21800.0,-0.17570093457943925,-0.20747663551401874,0.011467889908256979,0.22706422018348624,30900.0,21800.0,-0.28640776699029125,-0.31391585760517804,0.011467889908256979,0.41743119266055045,54100.0,21800.0,-0.5924214417744917,-0.6081330868761552,0.011467889908256979,1.481651376146789,,,,,,,,,,,,unavailable,False,outside_analysis,retrospective_snapshot,False,False,False,False,-0.10365853658536583,-0.2600671140939598,0.07531584062196307,0.061111951678623114,0.0670393621956357,-0.008077418347836263,0.2655483870967742,1.2223131628181827,-0.04452414037214569,-0.04452414037214569,,,,,,,,,,,,0.21951219512195122,0.289198606271777,True,False,False,False,False,False,False,False,False,,False,False,0,False,False,False,False,False,False,False,False,0,False,-0.12028639618138426,False,-0.038828337874659447,-0.06483019871070639,-0.13978071791257551,0.14982578397212543,0.27177700348432055,False,universe_proxy,0.4808362369337979,True,False,pending,False,기술조건 탈락,"탈락: Price Action, AVWAP·위치, 오후 흐름, 상대강도"
2026-07-21,018260,market_cap_10000eok_plus,삼성에스디에스,191500,127,43860062290,72341790500.0,0.6062894211887111,0.6297763002614457,191500,0.030678148546824602,0.052206673842841764,14817848700000,False,0.8247422680412371,0.17525773195876287,0.30927835051546393,186500.0,186100.0,0.0021493820526599094,186500.0,-0.01608579088471851,0.02680965147453085,203000.0,184200.0,-0.056650246305418706,-0.09605911330049266,0.039630836047774176,0.10206297502714441,209000.0,184200.0,-0.08373205741626799,-0.12200956937799046,0.039630836047774176,0.13463626492942454,224000.0,182000.0,-0.1450892857142857,-0.1808035714285714,0.052197802197802234,0.23076923076923078,388500.0,161600.0,-0.5070785070785071,-0.5276705276705277,0.18502475247524752,1.4040841584158417,,,,,,,,,,,,unavailable,False,outside_analysis,retrospective_snapshot,False,False,False,False,0.006834910620399537,-0.08153477218225424,0.06672883252517718,0.04497957721976382,0.06289444005371234,-0.08172850001011989,0.29972051425377305,1.2962467045654253,-0.008843567792890417,-0.026964146162700486,,,,,,,,,,,,0.7630662020905923,0.4843205574912892,True,False,False,False,False,False,False,False,False,,False,False,0,False,False,False,False,False,False,False,False,0,False,-0.12028639618138426,False,-0.038828337874659447,0.04566324849505898,0.038751623999130014,0.8327526132404182,0.5958188153310104,False,universe_proxy,0.3797909407665505,True,False,pending,False,기술조건 탈락,"탈락: Price Action, AVWAP·위치, 오후 흐름, 상대강도"
2026-07-21,018670,market_cap_10000eok_plus,SK가스,227000,127,1995991500,2857177972.5,0.698588439086113,0.671495655810947,227000,0.034168564920273425,0.05011389521640091,2101394388000,False,0.7272727272727273,0.2727272727272727,0.36363636363636365,210000.0,210000.0,0.0,210000.0,0.04285714285714293,0.08095238095238089,229000.0,210000.0,-0.008733624454148492,-0.04366812227074235,0.08095238095238089,0.09047619047619047,230500.0,210000.0,-0.015184381778741818,-0.049891540130151846,0.08095238095238089,0.09761904761904762,231500.0,198600.0,-0.01943844492440605,-0.05399568034557234,0.14300100704934549,0.16565961732124873,302000.0,198600.0,-0.2483443708609272,-0.2748344370860927,0.14300100704934549,0.5206445115810675,,,,,,,,,,,,unavailable,False,outside_analysis,retrospective_snapshot,False,False,False,False,0.034168564920273425,0.08872901678657064,0.05223410950283197,0.05628735444525941,0.05285079632732124,0.07440039158100831,0.3828915662650602,1.8977479657930527,0.026695359006167818,0.02655876339543828,,,,,,,,,,,,0.07317073170731707,0.6202090592334495,False,False,False,False,False,False,False,False,False,,True,True,2,False,False,False,False,False,False,False,False,0,False,-0.12028639618138426,False,-0.038828337874659447,0.07299690279493287,0.2090154129679549,0.926829268292683,0.9128919860627178,True,universe_proxy,0.18815331010452963,True,False,pending,False,기술조건 탈락,"탈락: 유동성, Price Action, AVWAP·위치, 오후 흐름"
2026-07-21,018880,market_cap_10000eok_plus,한온시스템,3405,127,12526340066,24655942025.8,0.5080454866779143,0.570912468519884,3405,0.005908419497784312,0.04431314623338257,3494423989560,False,0.8333333333333334,0.16666666666666666,0.5,3320.0,3320.0,0.0,3320.0,-0.012048192771084376,0.025602409638554313,3705.0,3320.0,-0.08097165991902833,-0.11470985155195679,0.025602409638554313,0.11596385542168675,3925.0,3320.0,-0.132484076433121,-0.16433121019108277,0.025602409638554313,0.1822289156626506,4520.0,3320.0,-0.24668141592920356,-0.2743362831858407,0.025602409638554313,0.3614457831325301,5940.0,3320.0,-0.4267676767676768,-0.44781144781144777,0.025602409638554313,0.7891566265060241,,,,,,,,,,,,unavailable,False,outside_analysis,retrospective_snapshot,False,False,False,False,-0.01017441860465118,-0.21724137931034482,0.06576463184392699,0.042620071255892136,0.065099771120785,-0.15540675477239352,0.3041148325358852,0.570912468519884,-0.010975532514771014,0.009886307464214594,,,,,,,,,,,,0.49477351916376305,0.30662020905923343,True,False,False,False,False,False,False,False,False,,False,True,1,False,False,False,False,False,False,False,False,0,False,-0.12028639618138426,False,-0.038828337874659447,0.028653919270008266,-0.09695498312896056,0.7247386759581882,0.3693379790940767,False,universe_proxy,0.37630662020905925,True,False,pending,False,기술조건 탈락,"탈락: Price Action, AVWAP·위치, 오후 흐름, 상대강도"
2026-07-21,020150,market_cap_10000eok_plus,롯데에너지머티리얼즈,29900,127,3259328150,8867126067.5,0.36757435556782786,0.4847157173240012,29900,0.0,0.06020066889632107,1565727343700,False,0.6666666666666666,0.3333333333333333,0.5,30550.0,31400.0,-0.027070063694267565,30550.0,-0.060556464811784005,-0.021276595744680882,37150.0,29600.0,-0.19515477792732172,-0.22745625841184391,0.010135135135135087,0.25506756756756754,39600.0,29600.0,-0.24494949494949492,-0.2752525252525253,0.010135135135135087,0.33783783783783783,51400.0,29600.0,-0.4182879377431906,-0.44163424124513617,0.010135135135135087,0.7364864864864865,83100.0,29600.0,-0.6401925391095067,-0.6546329723225031,0.010135135135135087,1.8074324324324325,,,,,,,,,,,,unavailable,False,outside_analysis,retrospective_snapshot,False,False,False,False,-0.11669128508124071,-0.3711882229232387,0.11012900143334925,0.06611380418802462,0.08536557310923935,0.033467995628994274,0.18160520607375275,1.7244229789964132,-0.057609122475910546,-0.09042518858029724,,,,,,,,,,,,0.2613240418118467,0.06620209059233449,False,False,False,False,False,False,False,False,False,,False,False,0,False,False,False,False,False,False,False,False,0,False,-0.12028639618138426,False,-0.038828337874659447,-0.07786294720658127,-0.25090182674185446,0.10104529616724739,0.06968641114982578,False,universe_proxy,0.7560975609756098,False,False,pending,False,기술조건 탈락,"탈락: 유동성, Price Action, AVWAP·위치, 오후 흐름, 상대강도, 변동성"
2026-07-21,020560,market_cap_10000eok_plus,아시아나항공,6910,127,247500530,1079930329.5,0.22918194187081584,0.24448563453216876,6910,0.008759124087591275,0.01897810218978102,1423395813010,False,0.6923076923076923,0.3076923076923077,0.46153846153846156,6800.0,7130.0,-0.04628330995792429,6800.0,0.002941176470588225,0.016176470588235237,7360.0,6800.0,-0.06114130434782605,-0.07336956521739135,0.016176470588235237,0.08235294117647059,7890.0,6800.0,-0.12420785804816226,-0.13561470215462612,0.016176470588235237,0.16029411764705884,7890.0,6800.0,-0.12420785804816226,-0.13561470215462612,0.016176470588235237,0.16029411764705884,8260.0,6590.0,-0.16343825665859568,-0.1743341404358354,0.04855842185128978,0.2534142640364188,,,,,,,,,,,,unavailable,False,outside_analysis,retrospective_snapshot,False,False,False,False,-0.0028860028860029363,-0.030855539971949564,0.05488939425263593,0.04558511884886698,0.05321932629988416,-0.11977371398500214,0.3643691148775895,2.275544853007187,-0.01928443852075945,-0.01753393843708506,,,,,,,,,,,,0.013937282229965157,0.013937282229965157,False,False,False,False,False,False,False,False,False,,False,False,0,False,False,False,False,False,False,False,False,0,False,-0.12028639618138426,False,-0.038828337874659447,0.03594233498865651,0.0894308562094347,0.7839721254355401,0.7212543554006968,True,universe_proxy,0.22996515679442509,True,False,pending,False,기술조건 탈락,"탈락: 유동성, Price Action, AVWAP·위치, 오후 흐름"
2026-07-21,021240,market_cap_10000eok_plus,코웨이,93500,127,11241448939,19512686918.1,0.5761097375355525,0.5651729689588314,93500,0.011904761904761862,0.05303030303030303,6616754331000,False,0.6530612244897959,0.3469387755102041,0.02040816326530612,84300.0,83100.0,0.014440433212996373,84300.0,0.07117437722419928,0.10913404507710567,98500.0,90100.0,-0.050761421319796995,-0.08324873096446705,0.037735849056603765,0.0932297447280799,100000.0,84300.0,-0.06499999999999995,-0.09699999999999998,0.10913404507710567,0.18623962040332148,100500.0,83100.0,-0.06965174129353235,-0.10149253731343288,0.12515042117930197,0.20938628158844766,100500.0,78600.0,-0.06965174129353235,-0.10149253731343288,0.1895674300254453,0.2786259541984733,,,,,,,,,,,,unavailable,False,outside_analysis,retrospective_snapshot,False,False,False,False,0.019629225736095934,0.08720930232558133,0.06294881588999236,0.048997573599112325,0.05862997820563041,-0.023989253145263345,0.31771844660194176,2.3225599069201177,0.00605908991765558,-0.013568972429229276,,,,,,,,,,,,0.445993031358885,0.41114982578397213,True,False,False,False,False,False,False,False,False,,True,False,1,False,False,False,False,False,False,False,False,0,False,-0.12028639618138426,False,-0.038828337874659447,0.05845756361075538,0.2074956985069656,0.8780487804878049,0.9094076655052264,True,universe_proxy,0.32752613240418116,True,False,pending,False,기술조건 탈락,"탈락: Price Action, AVWAP·위치, 오후 흐름"
2026-07-21,022100,market_cap_10000eok_plus,포스코DX,17600,127,8105968245,8199194625.0,0.9886298125286909,1.1821224211646344,17600,0.0051399200456880845,0.03769274700171331,2675811230400,False,0.7727272727272727,0.22727272727272727,0.5454545454545454,19510.0,24250.0,-0.1954639175257732,19510.0,-0.124038954382368,-0.09789851358277801,20850.0,17450.0,-0.15587529976019188,-0.18033573141486814,0.008595988538681931,0.19484240687679083,21600.0,17450.0,-0.18518518518518523,-0.20879629629629626,0.008595988538681931,0.23782234957020057,26650.0,17450.0,-0.33958724202626644,-0.3587242026266416,0.008595988538681931,0.5272206303724928,40500.0,17450.0,-0.5654320987654321,-0.5780246913580247,0.008595988538681931,1.320916905444126,,,,,,,,,,,,unavailable,False,outside_analysis,retrospective_snapshot,False,False,False,False,-0.060832443970117445,-0.298804780876494,0.07706980519480519,0.05286124529837204,0.07209371118588605,-0.10013199417405039,0.2595050026329647,1.4994406881150144,-0.12995355301962763,-0.059985180324948484,,,,,,,,,,,,0.24738675958188153,0.9128919860627178,True,False,False,False,False,False,False,False,False,,False,False,0,False,False,False,False,False,False,False,False,0,False,-0.12028639618138426,False,-0.038828337874659447,-0.022004106095457998,-0.17851838469510972,0.37630662020905925,0.1986062717770035,False,universe_proxy,0.49477351916376305,True,False,pending,False,기술조건 탈락,"탈락: Price Action, AVWAP·위치, 오후 흐름, 상대강도"
2026-07-21,023530,market_cap_10000eok_plus,롯데쇼핑,130400,127,11487459050,24107866627.5,0.47650251378511366,0.5944628606795674,130400,0.030830039525691744,0.057707509881422925,3688853652000,False,0.6986301369863014,0.3013698630136986,0.0958904109589041,162000.0,162900.0,-0.0055248618784530246,162000.0,-0.2265432098765432,-0.19506172839506175,158000.0,124600.0,-0.1746835443037975,-0.2069620253164557,0.0465489566613162,0.2680577849117175,183000.0,124600.0,-0.2874316939890711,-0.31530054644808747,0.0465489566613162,0.46869983948635635,189800.0,124600.0,-0.31296101159114853,-0.33983140147523705,0.0465489566613162,0.5232744783306581,211000.0,116700.0,-0.38199052132701417,-0.4061611374407583,0.11739502999143103,0.8080548414738646,,,,,,,,,,,,unavailable,False,outside_analysis,retrospective_snapshot,False,False,False,False,-0.15489306545690218,-0.2641083521444695,0.10243207712532866,0.07770837649609855,0.08218025510622208,0.1096979589073972,0.19525133689839572,1.4178864188693612,-0.14753041228016206,-0.07151507849541905,,,,,,,,,,,,0.4843205574912892,0.24041811846689895,True,False,False,False,False,False,False,False,False,,False,False,0,False,False,False,False,False,False,False,False,0,False,-0.12028639618138426,False,-0.038828337874659447,-0.11606472758224273,-0.14382195596308522,0.0313588850174216,0.26480836236933797,False,universe_proxy,0.6898954703832753,False,False,pending,False,기술조건 탈락,"탈락: Price Action, AVWAP·위치, 오후 흐름, 상대강도, 변동성"
2026-07-21,023590,market_cap_10000eok_plus,다우기술,36100,127,1221373850,2086367465.0,0.5854068712675214,0.5929551291709746,36100,0.034383954154727725,0.04011461318051576,1562671963200,False,0.9285714285714286,0.07142857142857142,0.42857142857142855,34300.0,34650.0,-0.010101010101010055,34300.0,0.014577259475218707,0.05247813411078717,38300.0,34300.0,-0.057441253263707526,-0.09138381201044388,0.05247813411078717,0.11661807580174927,39300.0,34300.0,-0.0814249363867684,-0.1145038167938931,0.05247813411078717,0.1457725947521866,39300.0,32700.0,-0.0814249363867684,-0.1145038167938931,0.10397553516819569,0.2018348623853211,51300.0,32700.0,-0.2962962962962963,-0.32163742690058483,0.10397553516819569,0.5688073394495413,,,,,,,,,,,,unavailable,False,outside_analysis,retrospective_snapshot,False,False,False,False,0.012622720897615736,-0.013661202185792365,0.05738029283735655,0.03752261175297133,0.05923151544116306,-0.14893003996657783,0.348551724137931,1.3313198413268115,0.019128790063594803,0.0017614519603195156,,,,,,,,,,,,0.041811846689895474,0.43205574912891986,False,False,False,False,False,False,False,False,False,,True,True,2,False,False,False,False,False,False,False,False,0,False,-0.12028639618138426,False,-0.038828337874659447,0.05145105877227518,0.1066251939955919,0.8466898954703833,0.7560975609756098,True,universe_proxy,0.24738675958188153,True,False,pending,False,기술조건 탈락,"탈락: 유동성, Price Action, AVWAP·위치, 오후 흐름"
2026-07-21,024110,market_cap_10000eok_plus,기업은행,20550,127,30175791344,24891319450.0,1.2123017988104283,1.2144025094103512,20550,-0.030660377358490587,0.02358490566037736,16387101607950,False,0.1,0.2,0.1,20500.0,19300.0,0.06217616580310881,20500.0,0.0,0.0024390243902439046,22150.0,20650.0,-0.07223476297968401,-0.0744920993227991,-0.004842615012106588,0.07263922518159806,22150.0,20500.0,-0.07223476297968401,-0.0744920993227991,0.0024390243902439046,0.08048780487804878,22150.0,19300.0,-0.07223476297968401,-0.0744920993227991,0.06476683937823835,0.14766839378238342,23700.0,19300.0,-0.13291139240506333,-0.13502109704641352,0.06476683937823835,0.22797927461139897,,,,,,,,,,,,unavailable,False,outside_analysis,retrospective_snapshot,False,False,False,False,-0.028368794326241176,0.0,0.04195342370524852,0.03521843557871021,0.037970373080937245,0.0925601371261291,0.4767191383595692,1.2144025094103512,-0.02723683636506613,-0.006446414182111115,,,,,,,,,,,,0.49825783972125437,0.9512195121951219,True,False,False,False,False,False,False,False,False,,False,False,0,False,False,False,False,False,False,False,False,0,False,-0.12028639618138426,False,-0.038828337874659447,0.01045954354841827,0.12028639618138426,0.6027874564459931,0.7874564459930313,True,universe_proxy,0.059233449477351915,False,False,pending,False,기술조건 탈락,"탈락: Price Action, AVWAP·위치, 오후 흐름, 변동성"
2026-07-21,026960,market_cap_10000eok_plus,동서,24750,127,1344612775,2320994492.5,0.5793261377159429,0.5756617781391259,24750,-0.008016032064128265,0.036072144288577156,2467575000000,False,0.3333333333333333,0.6666666666666666,0.0,24900.0,22350.0,0.11409395973154357,24900.0,-0.01807228915662651,-0.0060240963855421326,26150.0,24750.0,-0.053537284894837445,-0.06500956022944548,0.0,0.05656565656565657,26300.0,24750.0,-0.05893536121673004,-0.07034220532319391,0.0,0.06262626262626263,26350.0,22350.0,-0.06072106261859578,-0.07210626185958258,0.10738255033557054,0.1789709172259508,27500.0,22350.0,-0.09999999999999998,-0.11090909090909096,0.10738255033557054,0.23042505592841164,,,,,,,,,,,,unavailable,False,outside_analysis,retrospective_snapshot,False,False,False,False,-0.03131115459882583,0.026970954356846377,0.0417027417027417,0.033710280984174355,0.04106510022441109,-0.03135904499540865,0.4795847750865052,2.75820322022403,-0.028655283259624187,-0.027385875461175435,,,,,,,,,,,,0.05574912891986063,0.4250871080139373,False,False,False,False,False,False,False,False,False,,False,False,0,False,False,False,False,False,False,False,False,0,False,-0.12028639618138426,False,-0.038828337874659447,0.0075171832758336166,0.14725735053823064,0.5714285714285714,0.8432055749128919,False,universe_proxy,0.05226480836236934,False,False,pending,False,기술조건 탈락,"탈락: 유동성, Price Action, AVWAP·위치, 오후 흐름, 상대강도, 변동성"
2026-07-21,028050,market_cap_10000eok_plus,삼성E&A,41300,127,57449608475,100515584397.5,0.5715492659109375,0.6461534015054184,41300,0.0535714285714286,0.08163265306122448,8094800000000,False,0.859375,0.140625,0.03125,38300.0,45000.0,-0.14888888888888885,38300.0,0.006527415143603221,0.07832898172323755,44750.0,38300.0,-0.07709497206703908,-0.13854748603351952,0.07832898172323755,0.16840731070496084,50300.0,38300.0,-0.17892644135188862,-0.23359840954274358,0.07832898172323755,0.3133159268929504,53500.0,38300.0,-0.22803738317757005,-0.2794392523364486,0.07832898172323755,0.3968668407310705,67300.0,38300.0,-0.38632986627043087,-0.4271916790490342,0.07832898172323755,0.7571801566579635,,,,,,,,,,,,unavailable,False,outside_analysis,retrospective_snapshot,False,False,False,False,0.0048661800486617945,-0.17234468937875747,0.08638879280525769,0.0632039212458634,0.07545224339034218,-0.044993057057727714,0.23151151151151153,2.477172395069816,0.01511559307038901,-0.09427820074166726,,,,,,,,,,,,0.8292682926829268,0.40069686411149824,True,False,False,False,False,False,False,False,False,,True,False,1,False,False,False,False,False,False,False,False,0,False,-0.12028639618138426,False,-0.038828337874659447,0.04369451792332124,-0.05205829319737321,0.8222996515679443,0.445993031358885,False,universe_proxy,0.5574912891986062,False,False,pending,False,기술조건 탈락,"탈락: Price Action, AVWAP·위치, 오후 흐름, 상대강도, 변동성"
2026-07-21,028260,market_cap_10000eok_plus,삼성물산,343500,127,220435098156,326701484769.8,0.674729404157201,0.8735259780989598,343500,0.0818897637795275,0.12598425196850394,55704564073500,False,0.9,0.1,0.2125,334000.0,391500.0,-0.1468710089399745,334000.0,-0.0793413173652695,0.02844311377245501,394000.0,313500.0,-0.12817258883248728,-0.21954314720812185,0.09569377990430628,0.2567783094098884,460000.0,313500.0,-0.25326086956521743,-0.3315217391304348,0.09569377990430628,0.46730462519936206,563000.0,313500.0,-0.38987566607460034,-0.4538188277087034,0.09569377990430628,0.79585326953748,565000.0,296000.0,-0.3920353982300885,-0.4557522123893806,0.16047297297297303,0.9087837837837838,,,,,,,,,,,,unavailable,False,outside_analysis,retrospective_snapshot,False,False,False,False,-0.04847645429362879,-0.33942307692307694,0.10584321064670409,0.07789711780262494,0.09247468456455199,-0.16220581580510185,0.188958742632613,1.537451088160092,-0.003703112280198151,-0.18619591835464944,2.0,61.0,15:30,exact_1530,0.005856515373352744,4.80983299415318,0.7142857142857143,-0.005788712011577379,0.0,0.2746322305594493,밸류업금융,0.975609756097561,0.5993031358885017,True,False,False,False,False,False,False,False,False,,False,False,0,True,True,False,True,False,True,True,True,3,True,-0.12028639618138426,True,-0.032863849765258246,-0.015612604528370544,-0.21913668074169268,0.3333333333333333,0.1254355400696864,False,sector_constituent_proxy,0.7317073170731707,False,False,pending,False,기술조건 탈락,"탈락: Price Action, AVWAP·위치, 상대강도, 변동성"
2026-07-21,028300,market_cap_10000eok_plus,HLB,30400,127,31983503975,45369466415.0,0.7049565820863534,0.8801186121750405,30400,-0.004909983633387904,0.11292962356792144,4049225979200,False,0.2463768115942029,0.3188405797101449,0.2463768115942029,24150.0,46300.0,-0.47840172786177104,24150.0,0.22360248447204967,0.2587991718426501,40450.0,24150.0,-0.2484548825710754,-0.26946847960445,0.2587991718426501,0.6749482401656315,54900.0,24150.0,-0.44626593806921677,-0.4617486338797814,0.2587991718426501,1.2732919254658386,54900.0,24150.0,-0.44626593806921677,-0.4617486338797814,0.2587991718426501,1.2732919254658386,64500.0,24150.0,-0.5286821705426357,-0.541860465116279,0.2587991718426501,1.670807453416149,,,,,,,,,,,,unavailable,False,outside_analysis,retrospective_snapshot,False,False,False,False,0.18518518518518512,-0.40157480314960625,0.17727913533834588,0.13747046042404332,0.08470132733209884,-0.020600961538461582,0.11281643472498343,5.676330668621793,-0.04792388245647217,-0.0013199823223791762,,,,,,,,,,,바이오,0.6480836236933798,0.6411149825783972,True,False,False,False,False,False,False,False,False,,False,False,0,False,False,False,False,False,False,False,False,0,False,-0.12028639618138426,True,-0.07871466812464645,0.26389985330983157,-0.281288406968222,1.0,0.04529616724738676,False,sector_constituent_proxy,0.9860627177700348,False,False,pending,False,기술조건 탈락,"탈락: Price Action, AVWAP·위치, 오후 흐름, 상대강도, 변동성"
2026-07-21,028670,market_cap_10000eok_plus,팬오션,5010,127,5697509329,10055789836.05,0.5665899369311035,0.5640007721944971,5010,-0.005952380952380931,0.026785714285714284,2678193255120,False,0.6296296296296297,0.2222222222222222,0.6296296296296297,4895.0,4400.0,0.11250000000000004,4895.0,0.006128702757916216,0.023493360572012234,5540.0,4965.0,-0.09566787003610111,-0.11101083032490977,0.009063444108761365,0.11581067472306143,5540.0,4815.0,-0.09566787003610111,-0.11101083032490977,0.04049844236760114,0.1505711318795431,5540.0,4400.0,-0.09566787003610111,-0.11101083032490977,0.13863636363636367,0.2590909090909091,6360.0,4400.0,-0.21226415094339623,-0.22562893081761004,0.13863636363636367,0.44545454545454544,,,,,,,,,,,,unavailable,False,outside_analysis,retrospective_snapshot,False,False,False,False,-0.043893129770992356,0.019328585961342792,0.056814941545480474,0.04140973747945674,0.05753005947175627,-0.041851928327253374,0.3520200752823086,1.348404581133451,-0.03251858333479318,-0.03278468937191481,,,,,,,,,,,,0.2787456445993031,0.3867595818815331,True,False,False,False,False,False,False,False,False,,False,False,0,False,False,False,False,False,False,False,False,0,False,-0.12028639618138426,False,-0.038828337874659447,-0.00506479189633291,0.13961498214272705,0.4634146341463415,0.8362369337979094,False,universe_proxy,0.24390243902439024,True,False,pending,False,기술조건 탈락,"탈락: Price Action, AVWAP·위치, 오후 흐름, 상대강도"
2026-07-21,029780,market_cap_10000eok_plus,삼성카드,47350,127,2966997725,4934199681.25,0.6013128605789133,0.6067153843500717,47350,-0.011482254697286032,0.027139874739039668,5485918488850,False,0.4230769230769231,0.5384615384615384,0.4230769230769231,47350.0,44750.0,0.058100558659217816,47350.0,-0.011615628299894376,0.0,49200.0,46200.0,-0.03760162601626016,-0.04878048780487809,0.024891774891774965,0.06493506493506493,51700.0,46200.0,-0.08413926499032887,-0.09477756286266925,0.024891774891774965,0.11904761904761904,51700.0,44750.0,-0.08413926499032887,-0.09477756286266925,0.058100558659217816,0.1553072625698324,55200.0,44050.0,-0.14221014492753625,-0.15217391304347827,0.07491486946651538,0.25312145289443816,,,,,,,,,,,,unavailable,False,outside_analysis,retrospective_snapshot,False,False,False,False,-0.009414225941422605,0.008519701810436597,0.045255694674913256,0.031304669594112065,0.04116110115536256,-0.03856790868406501,0.4419333333333334,1.0156737643834668,-0.023523136939579303,-0.007907712628636987,,,,,,,,,,,,0.13588850174216027,0.47038327526132406,False,False,False,False,False,False,False,False,False,,False,False,0,False,False,False,False,False,False,False,False,0,False,-0.12028639618138426,False,-0.038828337874659447,0.02941411193323684,0.12880609799182086,0.735191637630662,0.8118466898954704,True,universe_proxy,0.07665505226480836,False,False,pending,False,기술조건 탈락,"탈락: 유동성, Price Action, AVWAP·위치, 오후 흐름, 변동성"
2026-07-21,030000,market_cap_10000eok_plus,제일기획,18530,127,3646350470,6393983696.85,0.5702783495986041,0.5747352699024725,18530,-0.004833512352309333,0.01020408163265306,2131713899250,False,0.42105263157894735,0.47368421052631576,0.42105263157894735,18430.0,18560.0,-0.0070043103448276245,18430.0,0.0010851871947910041,0.005425935973955465,19050.0,18430.0,-0.02729658792650924,-0.03149606299212604,0.005425935973955465,0.033640803038524146,19990.0,18430.0,-0.0730365182591296,-0.07703851925962979,0.005425935973955465,0.08464460119370591,19990.0,17830.0,-0.0730365182591296,-0.07703851925962979,0.03925967470555247,0.12114413909141895,21500.0,17760.0,-0.13813953488372088,-0.14186046511627903,0.043355855855855774,0.21058558558558557,,,,,,,,,,,,unavailable,False,outside_analysis,retrospective_snapshot,False,False,False,False,-0.012260127931769671,-0.006434316353887359,0.03214863927222265,0.018113700111612386,0.029273945070393458,-0.08520925043807637,0.6221103117505996,0.9226840998506005,-0.0036451881859883573,-0.021097800926550336,,,,,,,,,,,,0.1951219512195122,0.39372822299651566,False,False,False,False,False,False,False,False,False,,False,False,0,False,False,False,False,False,False,False,False,0,False,-0.12028639618138426,False,-0.038828337874659447,0.026568209942889776,0.1138520798274969,0.7073170731707317,0.7735191637630662,True,universe_proxy,0.010452961672473868,False,False,pending,False,기술조건 탈락,"탈락: 유동성, Price Action, AVWAP·위치, 오후 흐름, 변동성"
2026-07-21,030200,market_cap_10000eok_plus,KT,52700,127,14752509892,20679561170.2,0.7133860225844106,0.7202302484184059,52700,-0.01495327102803734,0.026168224299065422,13281542799500,False,0.21428571428571427,0.6428571428571429,0.21428571428571427,51600.0,52600.0,-0.019011406844106515,51600.0,0.015503875968992276,0.02131782945736438,54600.0,51500.0,-0.034798534798534786,-0.04029304029304026,0.023300970873786353,0.06019417475728155,58000.0,51500.0,-0.0913793103448276,-0.096551724137931,0.023300970873786353,0.1262135922330097,58000.0,50700.0,-0.0913793103448276,-0.096551724137931,0.03944773175542404,0.14398422090729784,63600.0,50700.0,-0.17138364779874216,-0.17610062893081757,0.03944773175542404,0.25443786982248523,,,,,,,,,,,,unavailable,False,outside_analysis,retrospective_snapshot,False,False,False,False,0.0,0.007648183556405286,0.04052588777446463,0.03128294594885862,0.03696454477466837,-0.026058631921823894,0.4935117056856187,2.458333383044946,0.0021155956778584617,-0.001130596942890305,,,,,,,,,,,,0.4564459930313589,0.6480836236933798,True,False,False,False,False,False,False,False,False,,True,False,1,False,False,False,False,False,False,False,False,0,False,-0.12028639618138426,False,-0.038828337874659447,0.038828337874659447,0.12793457973778954,0.7961672473867596,0.8048780487804879,True,universe_proxy,0.03832752613240418,False,False,pending,False,기술조건 탈락,"탈락: Price Action, AVWAP·위치, 오후 흐름, 변동성"
2026-07-21,030530,market_cap_10000eok_plus,원익홀딩스,16230,127,9158823120,11718091649.5,0.7815968157571799,0.9595392997978885,16230,0.044401544401544424,0.11325611325611326,1253572431630,False,0.7102272727272727,0.2897727272727273,0.2784090909090909,16000.0,16190.0,-0.011735639283508292,16000.0,-0.06374999999999997,0.014375000000000027,20800.0,15440.0,-0.21971153846153846,-0.2798076923076923,0.05116580310880825,0.3471502590673575,20800.0,15440.0,-0.21971153846153846,-0.2798076923076923,0.05116580310880825,0.3471502590673575,26250.0,15440.0,-0.3817142857142857,-0.42933333333333334,0.05116580310880825,0.7001295336787565,37300.0,15440.0,-0.5648793565683646,-0.5983914209115282,0.05116580310880825,1.41580310880829,,,,,,,,,,,,unavailable,False,outside_analysis,retrospective_snapshot,False,False,False,False,-0.07784090909090913,-0.34291497975708507,0.11970777220315114,0.0865583799969836,0.09313816566989433,0.12152072512762135,0.1670735294117647,1.0906999074688757,-0.034427081561460904,-0.05869960382053807,,,,,,,,,,,,0.3170731707317073,0.7456445993031359,True,False,False,False,False,False,False,False,False,,False,False,0,False,False,False,False,False,False,False,False,0,False,-0.12028639618138426,False,-0.038828337874659447,-0.03901257121624968,-0.2226285835757008,0.2682926829268293,0.11498257839721254,False,universe_proxy,0.8362369337979094,False,False,pending,False,기술조건 탈락,"탈락: Price Action, AVWAP·위치, 오후 흐름, 상대강도, 변동성"
2026-07-21,030610,market_cap_10000eok_plus,교보증권,9480,127,351024400,580150542.0,0.6050574369712474,0.632822785435334,9480,0.013903743315508033,0.0481283422459893,1080368870280,False,0.4888888888888889,0.5111111111111111,0.2222222222222222,9300.0,9390.0,-0.009584664536741228,9300.0,-0.004301075268817178,0.019354838709677358,10380.0,9270.0,-0.08670520231213874,-0.10789980732177262,0.02265372168284796,0.11974110032362459,10940.0,9270.0,-0.13345521023765994,-0.15356489945155394,0.02265372168284796,0.18015102481121897,10940.0,9020.0,-0.13345521023765994,-0.15356489945155394,0.0509977827050998,0.21286031042128603,16220.0,9020.0,-0.41553637484586925,-0.4290998766954377,0.0509977827050998,0.7982261640798226,,,,,,,,,,,,unavailable,False,outside_analysis,retrospective_snapshot,False,False,False,False,-0.012499999999999956,-0.07512195121951215,0.06517480409885473,0.049798294856630856,0.061534467622656644,-0.03529805386717222,0.30686705202312137,0.8413980075872174,-0.014785641731934085,-0.034955407058449905,,,,,,,,,,,,0.003484320557491289,0.4808362369337979,False,False,False,False,False,False,False,False,False,,False,False,0,False,False,False,False,False,False,False,False,0,False,-0.12028639618138426,False,-0.038828337874659447,0.02632833787465949,0.04516444496187211,0.7038327526132404,0.6132404181184669,True,universe_proxy,0.36585365853658536,True,False,pending,False,기술조건 탈락,"탈락: 유동성, Price Action, AVWAP·위치, 오후 흐름"
2026-07-21,031210,market_cap_10000eok_plus,서울보증보험,41800,127,1296917000,1627823922.5,0.7967182335102954,0.8030581371614306,41800,0.01333333333333342,0.01696969696969697,2918542796400,False,0.6428571428571429,0.35714285714285715,0.42857142857142855,41400.0,40850.0,0.01346389228886169,41400.0,-0.0012077294685990392,0.009661835748792313,44300.0,41200.0,-0.05643340857787815,-0.06659142212189617,0.014563106796116498,0.07524271844660194,44450.0,40850.0,-0.059617547806524174,-0.06974128233970756,0.023255813953488413,0.08812729498164015,44450.0,39650.0,-0.059617547806524174,-0.06974128233970756,0.05422446406052961,0.1210592686002522,50600.0,39650.0,-0.17391304347826086,-0.182806324110672,0.05422446406052961,0.27616645649432536,,,,,,,,,,,,unavailable,False,outside_analysis,retrospective_snapshot,False,False,False,False,-0.009478672985781977,-0.027906976744186074,0.04195146958304853,0.02674620946336719,0.039300557195716776,-0.05220159733594376,0.47674134419551933,1.624568255547089,-0.005780064134264906,-0.015210954767269858,,,,,,,,,,,,0.0313588850174216,0.759581881533101,False,False,False,False,False,False,False,False,False,,False,False,0,False,False,False,False,False,False,False,False,0,False,-0.12028639618138426,False,-0.038828337874659447,0.02934966488887747,0.09237941943719818,0.7317073170731707,0.7317073170731707,True,universe_proxy,0.05574912891986063,False,False,pending,False,기술조건 탈락,"탈락: 유동성, Price Action, AVWAP·위치, 오후 흐름, 변동성"
2026-07-21,031330,market_cap_10000eok_plus,에스에이엠티,10500,127,5140481335,16890943771.25,0.30433357689281937,0.35580900582145075,10500,0.01941747572815533,0.04757281553398058,1049948203500,False,0.8163265306122449,0.1836734693877551,0.14285714285714285,9850.0,10110.0,-0.02571711177052427,9850.0,0.025380710659898442,0.06598984771573613,11950.0,9850.0,-0.12133891213389125,-0.15481171548117156,0.06598984771573613,0.2131979695431472,12100.0,9850.0,-0.1322314049586777,-0.1652892561983471,0.06598984771573613,0.22842639593908629,17700.0,9850.0,-0.4067796610169492,-0.42937853107344637,0.06598984771573613,0.7969543147208121,19950.0,6670.0,-0.4736842105263158,-0.493734335839599,0.5742128935532234,1.9910044977511245,,,,,,,,,,,,unavailable,False,outside_analysis,retrospective_snapshot,False,False,False,False,0.0009532888465204614,-0.34375,0.09863945578231294,0.05729684564616603,0.09052738857734954,-0.18272550204849214,0.20275862068965514,2.1778178188148596,-0.0022360969462142943,-0.09888226567557878,,,,,,,,,,,,0.4181184668989547,0.03832752613240418,False,False,False,False,False,False,False,False,False,,False,False,0,False,False,False,False,False,False,False,False,0,False,-0.12028639618138426,False,-0.038828337874659447,0.03978162672117991,-0.22346360381861574,0.8048780487804879,0.10801393728222997,False,universe_proxy,0.6585365853658537,False,False,pending,False,기술조건 탈락,"탈락: 유동성, Price Action, AVWAP·위치, 오후 흐름, 상대강도, 변동성"
2026-07-21,031980,market_cap_10000eok_plus,피에스케이홀딩스,135000,127,25569649900,37271314342.5,0.6860410036799603,0.716898545093364,135000,0.05304212168486733,0.12090483619344773,2910923325000,False,0.8064516129032258,0.1935483870967742,0.36129032258064514,110000.0,109900.0,0.0009099181073703999,110000.0,0.11363636363636354,0.2272727272727273,160700.0,121100.0,-0.15992532669570625,-0.23771001866832608,0.11478117258464082,0.3270024772914946,160700.0,110000.0,-0.15992532669570625,-0.23771001866832608,0.2272727272727273,0.46090909090909093,173000.0,110000.0,-0.21965317919075145,-0.29190751445086704,0.2272727272727273,0.5727272727272728,173000.0,96600.0,-0.21965317919075145,-0.29190751445086704,0.39751552795031064,0.7908902691511387,,,,,,,,,,,,unavailable,False,outside_analysis,retrospective_snapshot,False,False,False,False,-0.036402569593147804,0.0546875,0.14899470899470899,0.14491886692592598,0.1299657569772453,0.14334202747348268,0.13423295454545456,1.6120580171683618,-0.030673888786260095,-0.05760796425544279,,,,,,,,,,,,0.5958188153310104,0.6132404181184669,True,False,False,False,False,False,False,False,False,,False,False,0,False,False,False,False,False,False,False,False,0,False,-0.12028639618138426,False,-0.038828337874659447,0.002425768281511642,0.17497389618138426,0.5226480836236934,0.8745644599303136,False,universe_proxy,0.9442508710801394,False,False,pending,False,기술조건 탈락,"탈락: Price Action, AVWAP·위치, 오후 흐름, 상대강도, 변동성"
2026-07-21,032640,market_cap_10000eok_plus,LG유플러스,14400,127,12139157611,14951720136.8,0.8118903711367922,0.811090383185548,14400,-0.006896551724137945,0.03103448275862069,6111759340800,False,0.37777777777777777,0.6222222222222222,0.35555555555555557,14170.0,13960.0,0.015042979942693435,14170.0,0.004234297812279353,0.016231474947071334,14900.0,14170.0,-0.03355704697986572,-0.0449664429530201,0.016231474947071334,0.051517290049400144,15200.0,14010.0,-0.052631578947368474,-0.06381578947368416,0.027837259100642386,0.08493932905067808,15200.0,13810.0,-0.052631578947368474,-0.06381578947368416,0.042722664735698856,0.10065170166545981,18800.0,13810.0,-0.23404255319148937,-0.24308510638297876,0.042722664735698856,0.3613323678493845,,,,,,,,,,,,unavailable,False,outside_analysis,retrospective_snapshot,False,False,False,False,-0.008947006194081175,-0.0055248618784530246,0.03581349206349206,0.03146496688963131,0.03699797509168529,-0.06839123330491614,0.5584487534626039,1.4112588144023075,-0.0013780986913927151,-0.014040864176220191,,,,,,,,,,,,0.3797909407665505,0.7839721254355401,True,False,False,False,False,False,False,False,False,,False,False,0,False,False,False,False,False,False,False,False,0,False,-0.12028639618138426,False,-0.038828337874659447,0.02988133168057827,0.11476153430293123,0.7386759581881533,0.7770034843205574,True,universe_proxy,0.020905923344947737,False,False,pending,False,기술조건 탈락,"탈락: Price Action, AVWAP·위치, 오후 흐름, 변동성"
2026-07-21,032820,market_cap_10000eok_plus,우리기술,9490,127,21327110980,36244729850.5,0.5884196424685392,0.7378365819413064,9490,0.04630650496141131,0.10143329658213891,1628533215140,False,0.782608695652174,0.21739130434782608,0.31521739130434784,9810.0,9790.0,0.0020429009193054792,9810.0,-0.10601427115188589,-0.032619775739041845,12420.0,9050.0,-0.23590982286634465,-0.2938808373590982,0.048618784530386705,0.3723756906077348,12420.0,9050.0,-0.23590982286634465,-0.2938808373590982,0.048618784530386705,0.3723756906077348,14720.0,9050.0,-0.35529891304347827,-0.40421195652173914,0.048618784530386705,0.6265193370165746,24600.0,9050.0,-0.6142276422764228,-0.6434959349593496,0.048618784530386705,1.718232044198895,,,,,,,,,,,,unavailable,False,outside_analysis,retrospective_snapshot,False,False,False,False,-0.11225444340505142,-0.3302752293577982,0.11937377690802349,0.07587662949266188,0.09762650492124063,0.022052600231967645,0.16754098360655736,1.0982799226648239,-0.049724677618486535,-0.0949816661240841,,,,,,,,,,,,0.5818815331010453,0.445993031358885,True,False,False,False,False,False,False,False,False,,False,False,0,False,False,False,False,False,False,False,False,0,False,-0.12028639618138426,False,-0.038828337874659447,-0.07342610553039197,-0.20998883317641392,0.12195121951219512,0.14285714285714285,False,universe_proxy,0.8327526132404182,False,False,pending,False,기술조건 탈락,"탈락: Price Action, AVWAP·위치, 오후 흐름, 상대강도, 변동성"
2026-07-21,032830,market_cap_10000eok_plus,삼성생명,316000,127,197097607500,201172077020.15,0.9797463466078253,1.2022214679282657,316000,0.04809286898839127,0.07462686567164178,63200000000000,False,0.9555555555555556,0.044444444444444446,0.2222222222222222,301000.0,352500.0,-0.14609929078014183,301000.0,-0.021594684385382035,0.04983388704318936,344000.0,296500.0,-0.08139534883720934,-0.14389534883720934,0.06576728499156825,0.16020236087689713,398500.0,296500.0,-0.20702634880803006,-0.26097867001254704,0.06576728499156825,0.3440134907251265,503000.0,296500.0,-0.3717693836978131,-0.41451292246520877,0.06576728499156825,0.6964586846543002,516500.0,241500.0,-0.388189738625363,-0.42981606969990316,0.308488612836439,1.1387163561076605,,,,,,,,,,,,unavailable,False,outside_analysis,retrospective_snapshot,False,False,False,False,-0.030674846625766916,-0.2985571587125416,0.09284584086799276,0.07032636166244945,0.0772987802308231,-0.03032398690727922,0.21541083384053564,1.6232051704916814,-0.007433836893168677,-0.02339472379786023,1.0,61.0,15:30,exact_1530,0.019354838709677358,7.381253398586188,0.875,-0.003154574132492094,0.0,0.19324803390244896,밸류업금융,0.9233449477351916,0.9059233449477352,True,False,False,False,False,False,False,False,False,,False,False,0,True,True,False,True,False,True,True,True,3,True,-0.12028639618138426,True,-0.032863849765258246,0.00218900313949133,-0.17827076253115737,0.6666666666666666,0.20209059233449478,False,sector_constituent_proxy,0.6132404181184669,False,False,pending,False,기술조건 탈락,"탈락: Price Action, AVWAP·위치, 상대강도, 변동성"
2026-07-21,033780,market_cap_10000eok_plus,KT&G,178200,127,31228419200,48127908237.55,0.6488630057608694,0.6331904450315176,178200,-0.006688963210702337,0.033444816053511704,18499023259200,False,0.5333333333333333,0.4666666666666667,0.4,170300.0,165300.0,0.030248033877797953,170300.0,0.027598355842630706,0.04638872577803865,181900.0,170300.0,-0.02034084661902147,-0.03793293018141841,0.04638872577803865,0.06811509101585438,187000.0,170300.0,-0.04705882352941182,-0.06417112299465244,0.04638872577803865,0.09806224310041103,187000.0,164000.0,-0.04705882352941182,-0.06417112299465244,0.08658536585365861,0.1402439024390244,192400.0,164000.0,-0.07380457380457384,-0.09043659043659047,0.08658536585365861,0.17317073170731706,,,,,,,,,,,,unavailable,False,outside_analysis,retrospective_snapshot,False,False,False,False,0.022375215146299476,0.018867924528301883,0.04529421196087863,0.042908608965414596,0.04456871328822866,0.02056265952849512,0.4415575221238938,1.3441753774371057,0.013581291607515311,0.013581291607515311,,,,,,,,,,,,0.662020905923345,0.5609756097560976,True,False,False,False,False,False,False,False,False,,True,True,2,False,False,False,False,False,False,False,False,0,False,-0.12028639618138426,False,-0.038828337874659447,0.06120355302095892,0.13915432070968614,0.8954703832752613,0.8327526132404182,True,universe_proxy,0.08013937282229965,False,False,pending,False,기술조건 탈락,"탈락: Price Action, AVWAP·위치, 오후 흐름, 변동성"
2026-07-21,034020,market_cap_10000eok_plus,두산에너빌리티,66800,127,170787822250,250860109252.5,0.680809008490448,0.8455625106405548,66800,0.030864197530864113,0.06790123456790123,42789484552800,False,0.8636363636363636,0.13636363636363635,0.38636363636363635,68200.0,71600.0,-0.04748603351955305,68200.0,-0.07624633431085048,-0.02052785923753664,79700.0,63800.0,-0.16185696361355084,-0.20953575909661226,0.047021943573667624,0.24921630094043887,90300.0,63800.0,-0.2602436323366556,-0.3023255813953488,0.047021943573667624,0.4153605015673981,98700.0,63800.0,-0.32320162107396155,-0.36170212765957444,0.047021943573667624,0.5470219435736677,139200.0,63800.0,-0.5201149425287357,-0.5474137931034483,0.047021943573667624,1.1818181818181819,,,,,,,,,,,,unavailable,False,outside_analysis,retrospective_snapshot,False,False,False,False,-0.08743169398907102,-0.29087048832271767,0.08880453378956372,0.05249921382986665,0.07126763797908074,-0.01560966763066629,0.22521372667068032,1.3798934357787407,-0.03296871933486889,-0.1439926886976488,3.0,61.0,15:30,exact_1530,0.007541478129713397,11.886045542564403,1.0,0.0,0.0,0.2013102289454296,원전,0.9442508710801394,0.6097560975609756,True,False,False,False,False,False,False,False,False,,False,False,0,True,True,False,True,False,True,True,True,3,True,-0.12028639618138426,False,-0.038828337874659447,-0.04860335611441158,-0.1705840921413334,0.22996515679442509,0.21951219512195122,False,universe_proxy,0.5853658536585366,False,False,pending,False,기술조건 탈락,"탈락: Price Action, AVWAP·위치, 상대강도, 변동성"
2026-07-21,034220,market_cap_10000eok_plus,LG디스플레이,9750,127,40624893740,53608575027.5,0.7578058868224037,0.8833539069514305,9750,-0.013157894736842146,0.029352226720647773,4875000000000,False,0.5862068965517241,0.41379310344827586,0.41379310344827586,10110.0,10430.0,-0.030680728667305868,10110.0,-0.05242334322453013,-0.035608308605341255,11300.0,9840.0,-0.13716814159292035,-0.15221238938053094,-0.009146341463414642,0.1483739837398374,11900.0,9840.0,-0.18067226890756305,-0.19495798319327728,-0.009146341463414642,0.20934959349593496,14180.0,9840.0,-0.3124118476727785,-0.32440056417489427,-0.009146341463414642,0.4410569105691057,17950.0,9840.0,-0.4568245125348189,-0.46629526462395543,-0.009146341463414642,0.8241869918699187,,,,,,,,,,,,unavailable,False,outside_analysis,retrospective_snapshot,False,False,False,False,-0.05888030888030893,-0.24593967517401394,0.07208791208791208,0.04308308414899673,0.06840512776730467,-0.09081471571906363,0.2774390243902439,1.6313066362368842,-0.04995690082074267,-0.08353177640413034,,,,,,,,,,,,0.6794425087108014,0.7177700348432056,True,False,False,False,False,False,False,False,False,,False,False,0,False,False,False,False,False,False,False,False,0,False,-0.12028639618138426,False,-0.038828337874659447,-0.020051971005649483,-0.12565327899262968,0.3902439024390244,0.2961672473867596,False,universe_proxy,0.42857142857142855,True,False,pending,False,기술조건 탈락,"탈락: Price Action, AVWAP·위치, 오후 흐름, 상대강도"
2026-07-21,034730,market_cap_10000eok_plus,SK,596000,127,101233020000,263199419258.75,0.38462478483084467,0.4685232344434881,596000,0.029360967184801412,0.07426597582037997,43211610988000,False,0.7441860465116279,0.2558139534883721,0.27906976744186046,543000.0,576000.0,-0.05729166666666663,543000.0,0.03867403314917128,0.09760589318600377,656000.0,543000.0,-0.09146341463414631,-0.1402439024390244,0.09760589318600377,0.20810313075506445,710000.0,543000.0,-0.16056338028169015,-0.20563380281690136,0.09760589318600377,0.30755064456721914,883000.0,543000.0,-0.32502831257078146,-0.36126840317100795,0.09760589318600377,0.6261510128913443,883000.0,375000.0,-0.32502831257078146,-0.36126840317100795,0.5893333333333333,1.3546666666666667,,,,,,,,,,,,unavailable,False,outside_analysis,retrospective_snapshot,False,False,False,False,0.022298456260720467,-0.18356164383561646,0.10522531160115053,0.06887622195857376,0.09235029874627607,-0.21637865575858517,0.19006833712984053,2.9774128959781803,0.02454520083647793,-0.1550104568407945,2.0,61.0,15:30,exact_1530,0.001680672268907557,4.18049734562727,0.5,-0.008319467554076532,0.0,0.21500301498214203,밸류업금융,0.9581881533101045,0.08710801393728224,False,False,False,False,False,False,False,False,False,,True,False,1,True,True,True,True,False,True,False,True,2,False,-0.12028639618138426,True,-0.032863849765258246,0.05516230602597871,-0.0632752476542322,1.0,0.42857142857142855,False,sector_constituent_proxy,0.7177700348432056,False,False,pending,False,기술조건 탈락,"탈락: 유동성, Price Action, 오후 흐름, 상대강도, 변동성"
2026-07-21,035250,market_cap_10000eok_plus,강원랜드,14110,127,4717149565,6957685414.55,0.677976839127483,0.6959206321078515,14110,-0.01051893408134641,0.015427769985974754,3018700455000,False,0.0,0.3181818181818182,0.0,14400.0,14200.0,0.014084507042253502,14400.0,-0.02013888888888893,-0.02013888888888893,15070.0,14080.0,-0.0637027206370272,-0.0637027206370272,0.0021306818181818787,0.0703125,15100.0,14080.0,-0.06556291390728475,-0.06556291390728475,0.0021306818181818787,0.07244318181818182,15270.0,13920.0,-0.07596594629993447,-0.07596594629993447,0.013649425287356243,0.09698275862068965,17380.0,13920.0,-0.18814729574223243,-0.18814729574223243,0.013649425287356243,0.24856321839080459,,,,,,,,,,,,unavailable,False,outside_analysis,retrospective_snapshot,False,False,False,False,-0.038828337874659447,-0.04726536124240377,0.03057608585602916,0.030098842302104457,0.02834327684828346,0.08719674137216482,0.6541059602649006,1.222482414271947,-0.029385897131888328,-0.017184276313882307,,,,,,,,,,,,0.21254355400696864,0.6027874564459931,True,False,False,False,False,False,False,False,False,,False,False,0,False,False,False,False,False,False,False,False,0,False,-0.12028639618138426,False,-0.038828337874659447,0.0,0.07302103493898049,0.5017421602787456,0.6689895470383276,False,universe_proxy,0.006968641114982578,False,False,pending,False,기술조건 탈락,"탈락: Price Action, AVWAP·위치, 오후 흐름, 상대강도, 변동성"
2026-07-21,035420,market_cap_10000eok_plus,NAVER,193000,127,168157606550,199482274887.5,0.8429701668723908,0.8658484897284939,193000,0.03819257665411513,0.05809575040344271,30290238706000,False,0.6759259259259259,0.32407407407407407,0.3055555555555556,181100.0,184000.0,-0.015760869565217384,181100.0,0.025400331308669255,0.06570955273329648,195400.0,181100.0,-0.0122824974411464,-0.04964176049129987,0.06570955273329648,0.078961899503037,201000.0,181100.0,-0.03980099502487566,-0.07611940298507458,0.06570955273329648,0.10988404196576478,231000.0,181100.0,-0.16450216450216448,-0.1961038961038961,0.06570955273329648,0.27553837658752073,304000.0,181100.0,-0.3651315789473685,-0.38914473684210527,0.06570955273329648,0.6786305908337935,,,,,,,,,,,,unavailable,False,outside_analysis,retrospective_snapshot,False,False,False,False,0.02659574468085113,-0.13063063063063063,0.04537379718726869,0.036844480509127454,0.04608761460198587,-0.08627517829463516,0.4407830342577488,0.8658484897284939,0.025939126514894495,0.006606397774671535,3.0,61.0,15:30,exact_1530,-0.005154639175257714,2.9512589173310952,0.2,-0.01025641025641022,0.0,0.21487930532813776,플랫폼·IT,0.9198606271777003,0.8118466898954704,True,False,False,False,False,False,False,False,False,,True,True,2,True,True,True,False,False,True,False,True,1,False,-0.12028639618138426,False,-0.038828337874659447,0.06542408255551058,-0.01034423444924637,0.9128919860627178,0.4878048780487805,False,universe_proxy,0.08710801393728224,False,False,pending,False,기술조건 탈락,"탈락: Price Action, 오후 흐름, 상대강도, 변동성"
2026-07-21,035720,market_cap_10000eok_plus,카카오,35300,127,46703824850,63975947185.0,0.7300216238291244,0.7237783695491201,35300,0.007132667617689048,0.047075606276747506,15637231771000,False,0.6363636363636364,0.36363636363636365,0.3939393939393939,33700.0,33400.0,0.008982035928143617,33700.0,0.016320474777448135,0.04747774480712175,36450.0,33700.0,-0.03155006858710563,-0.060356652949245526,0.04747774480712175,0.08160237388724036,36450.0,33400.0,-0.03155006858710563,-0.060356652949245526,0.05688622754491024,0.09131736526946108,38500.0,32250.0,-0.08311688311688314,-0.11038961038961037,0.09457364341085261,0.1937984496124031,49600.0,32250.0,-0.28830645161290325,-0.3094758064516129,0.09457364341085261,0.537984496124031,,,,,,,,,,,,unavailable,False,outside_analysis,retrospective_snapshot,False,False,False,False,0.015827338129496438,-0.040760869565217406,0.0556454876568191,0.04894361516945854,0.0563661809726448,-0.051785297896935534,0.35941818181818186,1.5030550759395938,0.007276500061111912,-0.0007259495776416047,,,,,,,,,,,,0.7282229965156795,0.6794425087108014,True,False,False,False,False,False,False,False,False,,True,False,1,False,False,False,False,False,False,False,False,0,False,-0.12028639618138426,False,-0.038828337874659447,0.054655676004155884,0.07952552661616685,0.8571428571428571,0.6829268292682927,True,universe_proxy,0.23344947735191637,True,False,pending,False,기술조건 탈락,"탈락: Price Action, AVWAP·위치, 오후 흐름"
2026-07-21,035900,market_cap_10000eok_plus,JYP Ent.,44350,127,8692979500,11145318048.75,0.7799669297885096,0.9041390980398827,44350,-0.005605381165919243,0.033632286995515695,1575866020200,False,0.5666666666666667,0.43333333333333335,0.3333333333333333,46950.0,49700.0,-0.055331991951710235,46950.0,-0.07348242811501593,-0.055378061767838105,52300.0,44600.0,-0.1520076481835564,-0.16826003824091773,-0.005605381165919243,0.1726457399103139,56500.0,44600.0,-0.21504424778761067,-0.23008849557522126,-0.005605381165919243,0.26681614349775784,57600.0,44600.0,-0.2300347222222222,-0.24479166666666663,-0.005605381165919243,0.2914798206278027,66000.0,44600.0,-0.328030303030303,-0.34090909090909094,-0.005605381165919243,0.4798206278026906,,,,,,,,,,,,unavailable,False,outside_analysis,retrospective_snapshot,False,False,False,False,-0.10674723061430014,-0.19069343065693434,0.06474472539861492,0.040012116445171005,0.05785536272890389,-0.015228476486275011,0.3089054726368159,1.678140160225722,-0.12341182234853254,-0.12312965504907325,,,,,,,,,,,,0.29965156794425085,0.7421602787456446,True,False,False,False,False,False,False,False,False,,False,False,0,False,False,False,False,False,False,False,False,0,False,-0.12028639618138426,False,-0.038828337874659447,-0.06791889273964069,-0.07040703447555008,0.13937282229965156,0.4181184668989547,False,universe_proxy,0.3554006968641115,True,False,pending,False,기술조건 탈락,"탈락: Price Action, AVWAP·위치, 오후 흐름, 상대강도"
2026-07-21,036460,market_cap_10000eok_plus,한국가스공사,32250,127,3948650800,5515966828.75,0.7158583295713588,0.7297568406547287,32250,0.017350157728706517,0.031545741324921134,2977094250000,False,0.75,0.25,0.2,32300.0,31850.0,0.014128728414442682,32300.0,-0.024767801857585092,-0.001547987616099089,33900.0,31400.0,-0.04867256637168138,-0.07079646017699115,0.027070063694267565,0.07961783439490445,33900.0,31400.0,-0.04867256637168138,-0.07079646017699115,0.027070063694267565,0.07961783439490445,34200.0,31150.0,-0.05701754385964908,-0.07894736842105265,0.035313001605136396,0.09791332263242375,39700.0,31150.0,-0.18765743073047858,-0.20654911838790935,0.035313001605136396,0.27447833065810595,,,,,,,,,,,,unavailable,False,outside_analysis,retrospective_snapshot,False,False,False,False,-0.013761467889908285,-0.03731343283582089,0.033997785160575854,0.028472445660475364,0.03416806179039494,-0.0652140512605629,0.5882736156351792,1.2322030635055448,-0.00870033398098835,-0.0010239937300859925,,,,,,,,,,,,0.1672473867595819,0.6550522648083623,False,False,False,False,False,False,False,False,False,,False,False,0,False,False,False,False,False,False,False,False,0,False,-0.12028639618138426,False,-0.038828337874659447,0.02506686998475116,0.08297296334556337,0.6968641114982579,0.6898954703832753,True,universe_proxy,0.013937282229965157,False,False,pending,False,기술조건 탈락,"탈락: 유동성, Price Action, AVWAP·위치, 오후 흐름, 변동성"
2026-07-21,036570,market_cap_10000eok_plus,NC,213500,127,22546077500,24057996400.0,0.9371552445655865,1.099144357511154,213500,0.014251781472684133,0.06175771971496437,4599648697000,False,0.8076923076923077,0.19230769230769232,0.46153846153846156,227500.0,256000.0,-0.111328125,227500.0,-0.10769230769230764,-0.06153846153846154,251000.0,208000.0,-0.149402390438247,-0.19123505976095623,0.02644230769230771,0.20673076923076922,262500.0,208000.0,-0.18666666666666665,-0.22666666666666668,0.02644230769230771,0.2620192307692308,277500.0,208000.0,-0.2306306306306306,-0.2684684684684685,0.02644230769230771,0.33413461538461536,343500.0,208000.0,-0.37845705967976706,-0.4090247452692868,0.02644230769230771,0.6514423076923077,,,,,,,,,,,,unavailable,False,outside_analysis,retrospective_snapshot,False,False,False,False,-0.11226611226611227,-0.18042226487523993,0.061224489795918366,0.054994168964972265,0.05724131266494146,0.046410442349528624,0.32666666666666666,1.09995345963618,-0.12220925857630827,0.007302403699914084,,,,,,,,,,,,0.4808362369337979,0.8780487804878049,True,False,False,False,False,False,False,False,False,,False,True,1,False,False,False,False,False,False,False,False,0,False,-0.12028639618138426,False,-0.038828337874659447,-0.07343777439145283,-0.060135868693855676,0.11846689895470383,0.43205574912891986,False,universe_proxy,0.3083623693379791,True,False,pending,False,기술조건 탈락,"탈락: Price Action, AVWAP·위치, 오후 흐름, 상대강도"
2026-07-21,036930,market_cap_10000eok_plus,주성엔지니어링,169200,127,197903265150,482645663285.0,0.4100384199104241,0.4823807071790964,169200,0.007742703990470501,0.06134603930911257,7864605673200,False,0.7281553398058253,0.27184466019417475,0.6116504854368932,160000.0,161600.0,-0.00990099009900991,160000.0,0.010625000000000107,0.05750000000000011,222000.0,167500.0,-0.23783783783783785,-0.2716216216216216,0.010149253731343233,0.3253731343283582,222000.0,160000.0,-0.23783783783783785,-0.2716216216216216,0.05750000000000011,0.3875,256500.0,160000.0,-0.3403508771929824,-0.3695906432748538,0.05750000000000011,0.603125,283000.0,93400.0,-0.4021201413427562,-0.42862190812720846,0.8115631691648821,2.0299785867237685,,,,,,,,,,,,unavailable,False,outside_analysis,retrospective_snapshot,False,False,False,False,-0.07287671232876713,-0.14502273875694793,0.16540020263424518,0.10018222129181856,0.13364780378294655,0.05254674403610582,0.12091883614088822,2.1276748515783908,-0.09304385777091484,-0.15778220639302254,4.0,61.0,15:30,exact_1530,0.012567324955116588,2.368652962095585,0.5757575757575758,-0.016279069767441867,0.0,0.16370109161599464,반도체 장비,0.9825783972125436,0.12195121951219512,True,False,False,False,False,False,False,False,False,,False,False,0,True,True,False,True,False,True,False,True,2,False,-0.12028639618138426,True,-0.07326408230546239,0.00038736997669525097,-0.024736342575563675,0.625,0.4738675958188153,False,sector_constituent_proxy,0.9686411149825784,False,False,pending,False,기술조건 탈락,"탈락: Price Action, AVWAP·위치, 오후 흐름, 상대강도, 변동성"
2026-07-21,039030,market_cap_10000eok_plus,이오테크닉스,317500,127,46229194000,80203019787.5,0.5764021619445934,0.7858120097575942,317500,0.001577287066246047,0.07097791798107256,3911457125000,False,0.9333333333333333,0.06666666666666667,0.7111111111111111,337500.0,335500.0,0.005961251862891315,337500.0,-0.12148148148148152,-0.059259259259259234,409500.0,300500.0,-0.22466422466422464,-0.27594627594627597,0.056572379367720416,0.3627287853577371,409500.0,300500.0,-0.22466422466422464,-0.27594627594627597,0.056572379367720416,0.3627287853577371,525000.0,300500.0,-0.3952380952380953,-0.4352380952380952,0.056572379367720416,0.7470881863560732,623000.0,300500.0,-0.4903691813804173,-0.5240770465489566,0.056572379367720416,1.0732113144758735,,,,,,,,,,,,unavailable,False,outside_analysis,retrospective_snapshot,False,False,False,False,-0.11682892906815023,-0.387065637065637,0.13565804274465693,0.0895441033303188,0.10333512714420592,0.018295196321936213,0.1474295190713101,2.4098094951673326,-0.06666834377476849,-0.17534252091493707,,,,,,,,,,,반도체 장비,0.7874564459930313,0.4146341463414634,True,False,False,False,False,False,False,False,False,,False,False,0,False,False,False,False,False,False,False,False,0,False,-0.12028639618138426,True,-0.07326408230546239,-0.04356484676268785,-0.26677924088425276,0.125,0.059233449477351915,False,sector_constituent_proxy,0.9024390243902439,False,False,pending,False,기술조건 탈락,"탈락: Price Action, AVWAP·위치, 오후 흐름, 상대강도, 변동성"
2026-07-21,039200,market_cap_10000eok_plus,오스코텍,30150,127,6233561750,6879115858.75,0.906157401328126,1.0226532973028666,30150,-0.014705882352941124,0.05718954248366013,1153484006400,False,0.6571428571428571,0.08571428571428572,0.6571428571428571,27300.0,34650.0,-0.21212121212121215,27300.0,0.06227106227106227,0.10439560439560447,31700.0,27300.0,-0.04889589905362779,-0.08517350157728709,0.10439560439560447,0.16117216117216118,35100.0,27300.0,-0.14102564102564108,-0.1737891737891738,0.10439560439560447,0.2857142857142857,39500.0,27300.0,-0.2367088607594937,-0.26582278481012656,0.10439560439560447,0.4468864468864469,56300.0,27300.0,-0.46447602131438726,-0.48490230905861453,0.10439560439560447,1.0622710622710623,,,,,,,,,,,,unavailable,False,outside_analysis,retrospective_snapshot,False,False,False,False,0.02203389830508473,-0.1728395061728395,0.07462686567164178,0.07175968677084651,0.07383245489453313,-0.12812176740062076,0.268,1.1705475389787046,0.01786992585720948,-0.019794783306551156,,,,,,,,,,,,0.20557491289198607,0.8536585365853658,True,False,False,False,False,False,False,False,False,,True,False,1,False,False,False,False,False,False,False,False,0,False,-0.12028639618138426,False,-0.038828337874659447,0.06086223617974418,-0.05255310999145524,0.8885017421602788,0.4425087108013937,False,universe_proxy,0.46689895470383275,True,False,pending,False,기술조건 탈락,"탈락: Price Action, AVWAP·위치, 오후 흐름, 상대강도"
2026-07-21,039490,market_cap_10000eok_plus,키움증권,305500,127,25052713750,37866393062.5,0.6616081364984907,0.7187424489383482,305500,-0.004885993485342022,0.04071661237785016,8012750538000,False,0.36,0.64,0.24,304000.0,301000.0,0.009966777408637828,304000.0,-0.009868421052631526,0.004934210526315708,357500.0,301500.0,-0.1454545454545455,-0.15804195804195809,0.013266998341625147,0.1857379767827529,373500.0,301000.0,-0.18206157965194114,-0.1941097724230254,0.014950166112956742,0.24086378737541528,373500.0,297000.0,-0.18206157965194114,-0.1941097724230254,0.028619528619528545,0.25757575757575757,492500.0,297000.0,-0.3796954314720812,-0.3888324873096447,0.028619528619528545,0.6582491582491582,,,,,,,,,,,,unavailable,False,outside_analysis,retrospective_snapshot,False,False,False,False,-0.05564142194744981,-0.09347181008902072,0.09317278466214636,0.05694302073015824,0.083037402907787,-0.0517313668879531,0.21465495608531995,1.465897299423619,-0.033680695239654335,-0.08110107033469538,,,,,,,,,,,,0.5993031358885017,0.5818815331010453,True,False,False,False,False,False,False,False,False,,False,False,0,False,False,False,False,False,False,False,False,0,False,-0.12028639618138426,False,-0.038828337874659447,-0.016813084072790363,0.026814586092363535,0.4076655052264808,0.5714285714285714,False,universe_proxy,0.6167247386759582,False,False,pending,False,기술조건 탈락,"탈락: Price Action, AVWAP·위치, 오후 흐름, 상대강도, 변동성"
2026-07-21,041510,market_cap_10000eok_plus,에스엠,67100,127,5905777350,8232407292.5,0.7173815799153137,0.7986464605771639,67100,0.0,0.07451564828614009,1536233699000,False,0.14,0.86,0.12,72800.0,65600.0,0.10975609756097571,72800.0,-0.08791208791208793,-0.07829670329670335,79700.0,67100.0,-0.1580928481806776,-0.16687578419071514,0.0,0.18777943368107303,83500.0,67100.0,-0.1964071856287425,-0.20479041916167662,0.0,0.2444113263785395,83500.0,65600.0,-0.1964071856287425,-0.20479041916167662,0.02286585365853666,0.2728658536585366,102600.0,65600.0,-0.34600389863547754,-0.3528265107212476,0.02286585365853666,0.5640243902439024,,,,,,,,,,,,unavailable,False,outside_analysis,retrospective_snapshot,False,False,False,False,-0.10413885180240323,-0.0981182795698925,0.07834788162657015,0.05615087276440918,0.07023607611150698,0.03994416042558813,0.25527173913043477,1.985491008864046,-0.07402201969885491,-0.10577043002266062,,,,,,,,,,,,0.2508710801393728,0.662020905923345,True,False,False,False,False,False,False,False,False,,False,False,0,False,False,False,False,False,False,False,False,0,False,-0.12028639618138426,False,-0.038828337874659447,-0.06531051392774379,0.02216811661149176,0.14634146341463414,0.5470383275261324,False,universe_proxy,0.5087108013937283,True,False,pending,False,기술조건 탈락,"탈락: Price Action, AVWAP·위치, 오후 흐름, 상대강도"
2026-07-21,042660,market_cap_10000eok_plus,한화오션,81900,127,110232696250,225190857587.5,0.48950786648684463,0.5746979444566518,81900,-0.015625,0.056490384615384616,25095256968600,False,0.6808510638297872,0.1702127659574468,0.6808510638297872,74000.0,77700.0,-0.04761904761904767,74000.0,0.06351351351351342,0.10675675675675667,89700.0,74000.0,-0.08695652173913049,-0.12263099219620954,0.10675675675675667,0.21216216216216216,123000.0,74000.0,-0.3341463414634146,-0.3601626016260162,0.10675675675675667,0.6621621621621622,125200.0,74000.0,-0.34584664536741216,-0.37140575079872207,0.10675675675675667,0.6918918918918919,141900.0,74000.0,-0.42283298097251587,-0.44538407329105,0.10675675675675667,0.9175675675675675,,,,,,,,,,,,unavailable,False,outside_analysis,retrospective_snapshot,False,False,False,False,0.03934010152284273,-0.2969957081545065,0.11451247165532881,0.06651538301450459,0.08555124258525518,-0.14756977914872638,0.17465346534653464,2.5019990295410564,-0.006255583390745834,-0.021441062073222605,1.0,61.0,15:30,exact_1530,0.008620689655172376,3.960171881294481,0.8181818181818182,-0.0024360535931789995,0.0,0.13615413876381136,조선,0.9303135888501742,0.26480836236933797,True,False,False,False,False,False,False,False,False,,False,False,0,True,True,False,True,False,True,True,True,3,True,-0.12028639618138426,True,-0.03628117913832196,0.07562128066116469,-0.17670931197312223,1.0,0.21254355400696864,False,sector_constituent_proxy,0.7979094076655052,False,False,pending,False,기술조건 탈락,"탈락: Price Action, AVWAP·위치, 상대강도, 변동성"
2026-07-21,042700,market_cap_10000eok_plus,한미반도체,224000,127,165484562250,251275388480.0,0.6585784753972097,0.7187630475829982,224000,0.009009009009008917,0.05405405405405406,21349932800000,False,0.5833333333333334,0.4166666666666667,0.5,190600.0,196100.0,-0.02804691483936772,190600.0,0.1385099685204616,0.1752360965372508,275000.0,190600.0,-0.18545454545454543,-0.21090909090909093,0.1752360965372508,0.4428121720881427,275000.0,190600.0,-0.18545454545454543,-0.21090909090909093,0.1752360965372508,0.4428121720881427,305500.0,190600.0,-0.2667757774140753,-0.28968903436988547,0.1752360965372508,0.6028331584470095,426000.0,190600.0,-0.4741784037558685,-0.49061032863849763,0.1752360965372508,1.2350472193074502,,,,,,,,,,,,unavailable,False,outside_analysis,retrospective_snapshot,False,False,False,False,0.09002433090024331,-0.25704809286898844,0.11466836734693878,0.12302619169956683,0.09904494798932509,0.10816557896252221,0.17441601779755284,2.179535655047302,-0.06372802902409891,-0.0882942250332931,2.0,61.0,15:30,exact_1530,0.0022371364653244186,3.4923181973369752,0.5,-0.008849557522123908,0.0,0.2128821932140228,반도체 장비,0.9477351916376306,0.578397212543554,True,False,False,False,False,False,False,False,False,,False,False,0,True,True,False,True,False,True,False,True,2,False,-0.12028639618138426,True,-0.07326408230546239,0.1632884132057057,-0.13676169668760418,1.0,0.27526132404181186,False,sector_constituent_proxy,0.8013937282229965,False,False,pending,False,기술조건 탈락,"탈락: Price Action, AVWAP·위치, 오후 흐름, 상대강도, 변동성"
2026-07-21,043260,market_cap_10000eok_plus,성호전자,17000,127,16035552230,65885298474.5,0.24338589338266928,0.3620824340386532,17000,0.02471368294153109,0.10789632308619651,1216456182000,False,0.88268156424581,0.11731843575418995,0.6536312849162011,17680.0,26250.0,-0.3264761904761905,17680.0,-0.12782805429864252,-0.038461538461538436,22900.0,16080.0,-0.25764192139737996,-0.32663755458515287,0.05721393034825861,0.42412935323383083,22900.0,16080.0,-0.25764192139737996,-0.32663755458515287,0.05721393034825861,0.42412935323383083,39500.0,16080.0,-0.5696202531645569,-0.6096202531645569,0.05721393034825861,1.4564676616915422,57700.0,16080.0,-0.7053726169844021,-0.7327556325823223,0.05721393034825861,2.5883084577114426,,,,,,,,,,,,unavailable,False,outside_analysis,retrospective_snapshot,False,False,False,False,-0.1029023746701847,-0.5392953929539295,0.18680672268907564,0.09712371445697153,0.13173079974693325,-0.04985000902201375,0.10706252811515969,2.024898152698491,-0.11980039111564222,-0.19040286085002478,,,,,,,,,,,,0.735191637630662,0.027874564459930314,False,False,False,False,False,False,False,False,False,,False,False,0,False,False,False,False,False,False,False,False,0,False,-0.12028639618138426,False,-0.038828337874659447,-0.06407403679552526,-0.4190089967725452,0.15331010452961671,0.006968641114982578,False,universe_proxy,0.9930313588850174,False,False,pending,False,기술조건 탈락,"탈락: 유동성, Price Action, AVWAP·위치, 오후 흐름, 상대강도, 변동성"
2026-07-21,047040,market_cap_10000eok_plus,대우건설,14800,127,53423475530,107135375418.25,0.49865392566589695,0.6273871097791868,14800,0.017881705639614776,0.0873452544704264,6081433042400,False,0.6929133858267716,0.30708661417322836,0.2440944881889764,15000.0,17620.0,-0.14869466515323493,15000.0,-0.07199999999999995,-0.013333333333333308,18280.0,14260.0,-0.19037199124726478,-0.23851203501094087,0.03786816269284721,0.28190743338008417,19190.0,14260.0,-0.22876498176133397,-0.27462219906201146,0.03786816269284721,0.34572230014025246,22400.0,14260.0,-0.3392857142857143,-0.37857142857142856,0.03786816269284721,0.5708274894810659,40350.0,14260.0,-0.6332094175960348,-0.6550185873605948,0.03786816269284721,1.829593267882188,,,,,,,,,,,,unavailable,False,outside_analysis,retrospective_snapshot,False,False,False,False,-0.07557776389756399,-0.3211009174311926,0.1023166023166023,0.06375400635714065,0.08549920491533823,-0.04880782898203062,0.19547169811320758,0.8348988173035727,-0.07686878463856928,-0.13166457450602898,,,,,,,,,,,,0.8466898954703833,0.2787456445993031,True,False,False,False,False,False,False,False,False,,False,False,0,False,False,False,False,False,False,False,False,0,False,-0.12028639618138426,False,-0.038828337874659447,-0.03674942602290454,-0.20081452124980836,0.2857142857142857,0.1672473867595819,False,universe_proxy,0.686411149825784,False,False,pending,False,기술조건 탈락,"탈락: Price Action, AVWAP·위치, 오후 흐름, 상대강도, 변동성"
2026-07-21,047050,market_cap_10000eok_plus,포스코인터내셔널,52600,127,23563669200,24401894517.5,0.965649170522442,0.9367350550048371,52600,0.03952569169960474,0.06719367588932806,9253538648800,False,0.8823529411764706,0.11764705882352941,0.20588235294117646,47050.0,44850.0,0.04905239687848373,47050.0,0.054197662061636454,0.11795961742826777,53200.0,49100.0,-0.011278195488721776,-0.06766917293233088,0.07128309572301417,0.0835030549898167,53200.0,47050.0,-0.011278195488721776,-0.06766917293233088,0.11795961742826777,0.13071200850159406,55500.0,44850.0,-0.052252252252252274,-0.10630630630630633,0.17279821627647718,0.23745819397993312,91200.0,44850.0,-0.42324561403508776,-0.45614035087719296,0.17279821627647718,1.0334448160535117,,,,,,,,,,,,unavailable,False,outside_analysis,retrospective_snapshot,False,False,False,False,0.03952569169960474,-0.011278195488721776,0.052688756110809344,0.056940040467360134,0.060056372499509146,-0.10919535014564818,0.37958762886597935,1.26498493263911,0.03771059629428697,0.024778636001459242,,,,,,,,,,,,0.4912891986062718,0.8989547038327527,True,False,False,False,False,False,False,False,False,,True,True,2,False,False,False,False,False,False,False,False,0,False,-0.12028639618138426,False,-0.038828337874659447,0.07835402957426418,0.10900820069266248,0.9407665505226481,0.759581881533101,True,universe_proxy,0.1986062717770035,True,False,pending,False,기술조건 탈락,"탈락: Price Action, AVWAP·위치, 오후 흐름"
2026-07-21,047810,market_cap_10000eok_plus,한국항공우주,142500,127,69128513700,66381789895.0,1.0413776701312913,1.0745172363660132,142500,-0.00972897845726195,0.09242529534398888,13890202747500,False,0.47368421052631576,0.5263157894736842,0.3609022556390977,136800.0,139100.0,-0.016534867002156672,136800.0,-0.004385964912280715,0.04166666666666674,153900.0,136800.0,-0.07407407407407407,-0.115009746588694,0.04166666666666674,0.125,166200.0,136800.0,-0.14259927797833938,-0.18050541516245489,0.04166666666666674,0.2149122807017544,166200.0,135400.0,-0.14259927797833938,-0.18050541516245489,0.052437223042836045,0.2274741506646972,188800.0,121700.0,-0.2452330508474576,-0.2786016949152542,0.17091207888249804,0.551355792933443,,,,,,,,,,,,unavailable,False,outside_analysis,retrospective_snapshot,False,False,False,False,-0.006968641114982632,-0.04104979811574694,0.07563909774436091,0.060894032264615296,0.0683052735428735,0.019858707170611334,0.2644135188866799,1.566357851434049,-0.01636303709718523,-0.02522435541343393,3.0,61.0,15:30,exact_1530,-0.004888268156424624,1.7156432326266535,0.2,-0.011103400416377474,0.0,0.1958636177096158,방산·우주항공,0.7421602787456446,0.926829268292683,True,False,False,False,False,False,False,False,False,,False,False,0,True,True,False,False,False,True,False,True,1,False,-0.12028639618138426,True,-0.05631668140288826,0.049348040287905626,0.07923659806563732,1.0,0.6794425087108014,True,sector_constituent_proxy,0.4878048780487805,True,False,pending,False,기술조건 탈락,"탈락: Price Action, AVWAP·위치, 오후 흐름"
2026-07-21,051600,market_cap_10000eok_plus,한전KPS,42550,127,3023881725,5401776792.5,0.5597939050718376,0.5905675276058867,42550,-0.0011737089201877549,0.03169014084507042,1914750000000,False,0.5555555555555556,0.4444444444444444,0.48148148148148145,42600.0,42550.0,0.001175088131609936,42600.0,-0.018779342723004744,-0.0011737089201877549,46850.0,42350.0,-0.09178228388473852,-0.10779082177161148,0.0047225501770955525,0.10625737898465171,46950.0,42350.0,-0.09371671991480302,-0.10969116080937169,0.0047225501770955525,0.10861865407319952,49700.0,42350.0,-0.14386317907444668,-0.15895372233400407,0.0047225501770955525,0.17355371900826447,65000.0,42350.0,-0.3453846153846154,-0.3569230769230769,0.0047225501770955525,0.5348288075560803,,,,,,,,,,,,unavailable,False,outside_analysis,retrospective_snapshot,False,False,False,False,-0.034052213393870656,-0.10326659641728131,0.04599630686587208,0.03286995021640564,0.04436622228686978,-0.06996975592841581,0.4348175182481752,1.136728953324752,-0.018333578254611016,-0.03378418115934423,,,,,,,,,,,,0.1602787456445993,0.3797909407665505,False,False,False,False,False,False,False,False,False,,False,False,0,False,False,False,False,False,False,False,False,0,False,-0.12028639618138426,False,-0.038828337874659447,0.00477612448078879,0.01701979976410295,0.5470383275261324,0.5365853658536586,False,universe_proxy,0.10452961672473868,False,False,pending,False,기술조건 탈락,"탈락: 유동성, Price Action, AVWAP·위치, 오후 흐름, 상대강도, 변동성"
2026-07-21,051900,market_cap_10000eok_plus,LG생활건강,245000,127,8438653500,13441267400.0,0.6278168009662541,0.6102983629564491,245000,0.0,0.024489795918367346,3669003135000,False,0.5,0.5,0.0,235000.0,240000.0,-0.02083333333333337,235000.0,0.029787234042553123,0.042553191489361764,252000.0,235000.0,-0.02777777777777779,-0.03968253968253965,0.042553191489361764,0.07234042553191489,260500.0,235000.0,-0.05950095969289826,-0.07101727447216888,0.042553191489361764,0.10851063829787234,260500.0,210000.0,-0.05950095969289826,-0.07101727447216888,0.16666666666666674,0.24047619047619048,292000.0,210000.0,-0.16095890410958902,-0.17123287671232879,0.16666666666666674,0.3904761904761905,,,,,,,,,,,,unavailable,False,outside_analysis,retrospective_snapshot,False,False,False,False,-0.014084507042253502,0.08167770419426046,0.0456268221574344,0.03858371199635826,0.04747795508283932,-0.08509674763277064,0.4383386581469649,1.4630747130992887,0.006024833604750812,-0.007088403932208109,,,,,,,,,,,,0.34146341463414637,0.5121951219512195,True,False,False,False,False,False,False,False,False,,True,False,1,False,False,False,False,False,False,False,False,0,False,-0.12028639618138426,False,-0.038828337874659447,0.024743830832405944,0.20196410037564472,0.6933797909407665,0.9059233449477352,True,universe_proxy,0.09407665505226481,False,False,pending,False,기술조건 탈락,"탈락: Price Action, AVWAP·위치, 오후 흐름, 변동성"
2026-07-21,051910,market_cap_10000eok_plus,LG화학,250500,127,65300400000,68119859175.0,0.9586103199691473,1.0660507646327009,250500,-0.00988142292490124,0.04940711462450593,17683381921500,False,0.6,0.36,0.6,252000.0,248500.0,0.014084507042253502,252000.0,-0.0357142857142857,-0.005952380952380931,279500.0,250000.0,-0.10375670840787121,-0.13059033989266544,0.0020000000000000018,0.118,285500.0,248500.0,-0.12259194395796846,-0.14886164623467601,0.008048289738430636,0.1488933601609658,339000.0,248500.0,-0.26106194690265483,-0.2831858407079646,0.008048289738430636,0.3641851106639839,437500.0,248500.0,-0.4274285714285714,-0.4445714285714286,0.008048289738430636,0.7605633802816901,,,,,,,,,,,,unavailable,False,outside_analysis,retrospective_snapshot,False,False,False,False,-0.03838771593090207,-0.22445820433436536,0.06429997148560022,0.04824648812560929,0.06765902309274367,-0.18575695830561112,0.31104212860310426,1.194387604002455,-0.025157596439165375,-0.0623786249058611,2.0,61.0,15:30,exact_1530,0.008048289738430636,6.617014522656932,0.6363636363636364,-0.007920792079207928,0.0,0.36701029351034703,2차전지,0.7491289198606271,0.89198606271777,True,False,False,False,False,False,False,False,False,,False,False,0,True,True,False,True,False,True,False,True,2,False,-0.12028639618138426,True,-0.03669766314048911,-0.0016900527904129548,-0.1041718081529811,0.5,0.34843205574912894,False,sector_constituent_proxy,0.3519163763066202,True,False,pending,False,기술조건 탈락,"탈락: Price Action, AVWAP·위치, 오후 흐름, 상대강도"
2026-07-21,052690,market_cap_10000eok_plus,한전기술,87400,127,8999120900,14813171682.8,0.6075080403239462,0.7240885142255006,87400,0.0045977011494253706,0.04942528735632184,3340428000000,False,0.6046511627906976,0.3953488372093023,0.37209302325581395,92800.0,96100.0,-0.03433922996878247,92800.0,-0.08620689655172409,-0.05818965517241381,105600.0,86100.0,-0.17234848484848486,-0.19696969696969702,0.015098722415795685,0.2264808362369338,111200.0,86100.0,-0.21402877697841727,-0.237410071942446,0.015098722415795685,0.29152148664343785,122200.0,86100.0,-0.28477905073649756,-0.30605564648117844,0.015098722415795685,0.41927990708478513,197000.0,86100.0,-0.5563451776649746,-0.5695431472081218,0.015098722415795685,1.2880371660859466,,,,,,,,,,,,unavailable,False,outside_analysis,retrospective_snapshot,False,False,False,False,-0.10450819672131151,-0.24197745013009542,0.08589408303367113,0.052804819982585384,0.07429232996748282,-0.03719708730756155,0.23284490960989535,1.1622687933720148,-0.08298145989609951,-0.08172406428566692,,,,,,,,,,,,0.37282229965156793,0.4878048780487805,True,False,False,False,False,False,False,False,False,,False,False,0,False,False,False,False,False,False,False,False,0,False,-0.12028639618138426,False,-0.038828337874659447,-0.06567985884665206,-0.12169105394871116,0.14285714285714285,0.30662020905923343,False,universe_proxy,0.5505226480836237,False,False,pending,False,기술조건 탈락,"탈락: Price Action, AVWAP·위치, 오후 흐름, 상대강도, 변동성"
2026-07-21,055550,market_cap_10000eok_plus,신한지주,104700,127,113006474500,152252678238.1,0.7422297972537145,0.7432672931847022,104700,0.028487229862475427,0.08055009823182711,49696311596700,False,0.9024390243902439,0.0975609756097561,0.012195121951219513,104000.0,94000.0,0.1063829787234043,104000.0,-0.06442307692307692,0.006730769230769207,113300.0,100000.0,-0.0759046778464254,-0.1412180052956752,0.04699999999999993,0.133,113300.0,100000.0,-0.0759046778464254,-0.1412180052956752,0.04699999999999993,0.133,113300.0,89400.0,-0.0759046778464254,-0.1412180052956752,0.17114093959731536,0.26733780760626397,113300.0,89400.0,-0.0759046778464254,-0.1412180052956752,0.17114093959731536,0.26733780760626397,,,,,,,,,,,,unavailable,False,outside_analysis,retrospective_snapshot,False,False,False,False,-0.035911602209944715,0.0738461538461539,0.059489698458179835,0.05865189874710358,0.05513656912793785,0.20117048520340797,0.3361926605504587,1.654445885542054,-0.020616447226263213,-0.022063060510075783,1.0,61.0,15:30,exact_1530,0.003835091083413289,8.424213186308293,0.42857142857142855,-0.00758293838862556,0.0,0.37462935313160645,밸류업금융,0.8954703832752613,0.6968641114982579,True,False,False,False,False,False,False,False,False,,False,False,0,True,True,False,True,False,True,False,True,2,False,-0.12028639618138426,True,-0.032863849765258246,-0.003047752444686469,0.19413255002753815,0.4444444444444444,0.8989547038327527,False,sector_constituent_proxy,0.2857142857142857,True,False,pending,False,기술조건 탈락,"탈락: Price Action, AVWAP·위치, 오후 흐름, 상대강도"
2026-07-21,058470,market_cap_10000eok_plus,리노공업,70000,127,37508229500,87936564525.0,0.4265373534047554,0.4865297434277611,70000,0.013024602026049159,0.05065123010130246,5334829500000,False,0.7428571428571429,0.2571428571428571,0.4857142857142857,69500.0,68200.0,0.019061583577712593,69500.0,-0.030215827338129442,0.007194244604316502,80500.0,68500.0,-0.13043478260869568,-0.16273291925465838,0.021897810218978186,0.17518248175182483,80500.0,68200.0,-0.13043478260869568,-0.16273291925465838,0.02639296187683282,0.18035190615835778,93900.0,68200.0,-0.2545260915867945,-0.28221512247071356,0.02639296187683282,0.37683284457478006,129000.0,68200.0,-0.45736434108527135,-0.4775193798449613,0.02639296187683282,0.8914956011730205,,,,,,,,,,,,unavailable,False,outside_analysis,retrospective_snapshot,False,False,False,False,-0.0318118948824343,-0.24242424242424243,0.08295918367346938,0.060025433459307484,0.07033071120049697,0.003241167434715697,0.24108241082410825,1.656685149955861,-0.038466041103682125,-0.0774587456762389,,,,,,,,,,,,0.8048780487804879,0.156794425087108,True,False,False,False,False,False,False,False,False,,False,False,0,False,False,False,False,False,False,False,False,0,False,-0.12028639618138426,False,-0.038828337874659447,0.007016442992225147,-0.12213784624285817,0.5644599303135889,0.30313588850174217,False,universe_proxy,0.5331010452961672,False,False,pending,False,기술조건 탈락,"탈락: Price Action, AVWAP·위치, 오후 흐름, 상대강도, 변동성"
2026-07-21,058610,market_cap_10000eok_plus,에스피지,66000,127,18117636950,12355826320.0,1.4663233749630757,1.6722143844092878,66000,0.054313099041533475,0.13738019169329074,1463705760000,False,0.5813953488372093,0.4186046511627907,0.06976744186046512,62000.0,64500.0,-0.03875968992248058,62000.0,-0.016129032258064502,0.06451612903225801,77000.0,61400.0,-0.1428571428571429,-0.20779220779220775,0.07491856677524433,0.254071661237785,78700.0,61400.0,-0.16137229987293522,-0.2249047013977128,0.07491856677524433,0.28175895765472314,88600.0,61400.0,-0.255079006772009,-0.31151241534988716,0.07491856677524433,0.44299674267100975,152400.0,61400.0,-0.5669291338582677,-0.5997375328083989,0.07491856677524433,1.482084690553746,,,,,,,,,,,,unavailable,False,outside_analysis,retrospective_snapshot,False,False,False,False,-0.0420899854862119,-0.23611111111111116,0.11212121212121212,0.08328033555593349,0.09423438709460556,0.03395909380613005,0.1783783783783784,2.684197582921533,-0.002135867275482095,-0.04814232252573647,,,,,,,,,,,,0.3344947735191638,0.9721254355400697,True,False,False,False,False,False,False,False,False,,False,False,0,False,False,False,False,False,False,False,False,0,False,-0.12028639618138426,False,-0.038828337874659447,-0.003261647611552454,-0.1158247149297269,0.47735191637630664,0.3205574912891986,False,universe_proxy,0.7804878048780488,False,False,pending,False,기술조건 탈락,"탈락: Price Action, AVWAP·위치, 오후 흐름, 상대강도, 변동성"
2026-07-21,060370,market_cap_10000eok_plus,LS마린솔루션,27550,127,3175267700,4510240286.25,0.7040129790158139,0.6961985942838793,27550,0.04752851711026618,0.08365019011406843,1439180427700,False,0.8409090909090909,0.1590909090909091,0.13636363636363635,25000.0,23050.0,0.08459869848156187,25000.0,0.028000000000000025,0.10200000000000009,29950.0,25000.0,-0.08013355592654425,-0.1419031719532554,0.10200000000000009,0.198,30450.0,23050.0,-0.09523809523809523,-0.15599343185550085,0.1952277657266812,0.3210412147505423,30450.0,22450.0,-0.09523809523809523,-0.15599343185550085,0.22717149220489974,0.35634743875278396,51600.0,22450.0,-0.4660852713178295,-0.501937984496124,0.22717149220489974,1.2984409799554566,,,,,,,,,,,,unavailable,False,outside_analysis,retrospective_snapshot,False,False,False,False,0.027985074626865725,-0.014311270125223596,0.09411459683691988,0.0743791992262197,0.09517878779156802,-0.059605945853200115,0.21250688705234164,1.4106557968752211,0.02665816477294647,0.013423024929591465,,,,,,,,,,,,0.11846689895470383,0.6376306620209059,False,True,False,False,False,False,False,False,True,A,True,True,2,False,False,False,False,False,False,False,False,0,False,-0.12028639618138426,False,-0.038828337874659447,0.06681341250152517,0.10597512605616066,0.9163763066202091,0.7526132404181185,True,universe_proxy,0.627177700348432,False,False,pending,False,기술조건 탈락,"탈락: 유동성, AVWAP·위치, 오후 흐름, 변동성"
2026-07-21,062040,market_cap_10000eok_plus,산일전기,164800,127,27108604600,62593002545.0,0.43309321326310884,0.567923997609145,164800,0.029356652092442204,0.08806995627732667,5045492080000,False,0.8439716312056738,0.15602836879432624,0.44680851063829785,155000.0,203000.0,-0.2364532019704434,155000.0,-0.013548387096774195,0.06322580645161291,193000.0,155000.0,-0.1461139896373057,-0.20777202072538858,0.06322580645161291,0.24516129032258063,220500.0,155000.0,-0.2526077097505669,-0.3065759637188209,0.06322580645161291,0.42258064516129035,272500.0,155000.0,-0.39522935779816515,-0.4388990825688074,0.06322580645161291,0.7580645161290323,341000.0,155000.0,-0.5167155425219941,-0.5516129032258065,0.06322580645161291,1.2,,,,,,,,,,,,unavailable,False,outside_analysis,retrospective_snapshot,False,False,False,False,-0.029446407538280317,-0.28191721132897607,0.1234396671289875,0.07559143481987848,0.08871822503554122,-0.05615703860074284,0.16202247191011238,2.199541673809352,-0.017617260610203855,-0.18462986076064802,,,,,,,,,,,,0.7212543554006968,0.17421602787456447,True,False,False,False,False,False,False,False,False,,False,False,0,False,False,False,False,False,False,False,False,0,False,-0.12028639618138426,False,-0.038828337874659447,0.00938193033637913,-0.1616308151475918,0.5958188153310104,0.23693379790940766,False,universe_proxy,0.8501742160278746,False,False,pending,False,기술조건 탈락,"탈락: Price Action, AVWAP·위치, 오후 흐름, 상대강도, 변동성"
2026-07-21,064350,market_cap_10000eok_plus,현대로템,153100,127,78574929630,101950897246.35,0.7707134684664396,0.9077215328973666,153100,0.04008152173913038,0.07404891304347826,16709685058300,False,0.8073394495412844,0.1926605504587156,0.06422018348623854,158600.0,162000.0,-0.020987654320987703,158600.0,-0.0901639344262295,-0.03467843631778056,183500.0,145500.0,-0.1656675749318801,-0.21362397820163492,0.052233676975945054,0.2611683848797251,209000.0,145500.0,-0.26746411483253585,-0.3095693779904306,0.052233676975945054,0.436426116838488,215000.0,145500.0,-0.2879069767441861,-0.32883720930232563,0.052233676975945054,0.47766323024054985,282000.0,145500.0,-0.45709219858156025,-0.48829787234042554,0.052233676975945054,0.9381443298969072,,,,,,,,,,,,unavailable,False,outside_analysis,retrospective_snapshot,False,False,False,False,-0.09941176470588231,-0.24766584766584765,0.09839507324811048,0.0688754902406961,0.08348109729840658,0.0037731432940546483,0.20326220957799906,1.3858140291927248,-0.06437536188018145,-0.12473322372535545,4.0,61.0,15:30,exact_1530,0.0,3.341726110601031,0.4666666666666667,-0.005198180636777128,0.0,0.237199422768243,방산·우주항공,0.8327526132404182,0.7317073170731707,True,False,False,False,False,False,False,False,False,,False,False,0,True,True,False,True,False,True,False,True,2,False,-0.12028639618138426,True,-0.05631668140288826,-0.04309508330299405,-0.1273794514844634,0.25,0.2857142857142857,False,sector_constituent_proxy,0.6550522648083623,False,False,pending,False,기술조건 탈락,"탈락: Price Action, AVWAP·위치, 오후 흐름, 상대강도, 변동성"
2026-07-21,064400,market_cap_10000eok_plus,LG씨엔에스,62500,127,39900708250,92785436632.5,0.4300320147011515,0.5230792277526286,62500,0.01132686084142387,0.05016181229773463,6055371750000,False,0.6451612903225806,0.3548387096774194,0.16129032258064516,64500.0,70500.0,-0.08510638297872342,64500.0,-0.06201550387596899,-0.03100775193798455,74500.0,60800.0,-0.1610738255033557,-0.18791946308724827,0.02796052631578938,0.22532894736842105,75900.0,60800.0,-0.17654808959156787,-0.2028985507246377,0.02796052631578938,0.24835526315789475,97400.0,60800.0,-0.3583162217659137,-0.37885010266940455,0.02796052631578938,0.6019736842105263,153300.0,60800.0,-0.5923026744944553,-0.6053489889106327,0.02796052631578938,1.5213815789473684,,,,,,,,,,,,unavailable,False,outside_analysis,retrospective_snapshot,False,False,False,False,-0.08357771260997071,-0.3016759776536313,0.07851428571428572,0.04615878154652899,0.0658650417651236,0.003553413654618698,0.2547307132459971,1.741929640593028,-0.04196543591783486,-0.1263127335531833,,,,,,,,,,,,0.818815331010453,0.16376306620209058,True,False,False,False,False,False,False,False,False,,False,False,0,False,False,False,False,False,False,False,False,0,False,-0.12028639618138426,False,-0.038828337874659447,-0.044749374735311265,-0.18138958147224704,0.23693379790940766,0.1916376306620209,False,universe_proxy,0.5121951219512195,True,False,pending,False,기술조건 탈락,"탈락: Price Action, AVWAP·위치, 오후 흐름, 상대강도"
2026-07-21,064760,market_cap_10000eok_plus,티씨케이,209500,127,10612370300,19477540250.0,0.544851668320901,0.641228276691981,209500,0.007211538461538547,0.07548076923076923,2342087652000,False,0.7133757961783439,0.28662420382165604,0.554140127388535,212000.0,244000.0,-0.1311475409836066,212000.0,-0.06462264150943398,-0.011792452830188704,262000.0,205500.0,-0.20038167938931295,-0.24312977099236643,0.019464720194647178,0.2749391727493917,272500.0,205500.0,-0.23119266055045873,-0.2722935779816513,0.019464720194647178,0.3260340632603406,301500.0,205500.0,-0.3051409618573798,-0.34228855721393037,0.019464720194647178,0.46715328467153283,348500.0,205500.0,-0.39885222381635577,-0.43098995695839315,0.019464720194647178,0.6958637469586375,,,,,,,,,,,,unavailable,False,outside_analysis,retrospective_snapshot,False,False,False,False,-0.08714596949891062,-0.2168224299065421,0.13474258438458916,0.09655677835926213,0.1054256634566552,0.0891268518935473,0.14843117408906883,1.7454266939556022,-0.06495466672590378,-0.03990583422719762,,,,,,,,,,,,0.4425087108013937,0.34146341463414637,True,False,False,False,False,False,False,False,False,,False,False,0,False,False,False,False,False,False,False,False,0,False,-0.12028639618138426,False,-0.038828337874659447,-0.04831763162425118,-0.09653603372515784,0.23344947735191637,0.37282229965156793,False,universe_proxy,0.8954703832752613,False,False,pending,False,기술조건 탈락,"탈락: Price Action, AVWAP·위치, 오후 흐름, 상대강도, 변동성"
2026-07-21,066570,market_cap_10000eok_plus,LG전자,173200,127,195454440350,350958398380.0,0.5569162648684413,0.6409207691991053,173200,0.03588516746411474,0.07057416267942583,28211619301600,False,0.8813559322033898,0.11864406779661017,0.3135593220338983,175800.0,175000.0,0.004571428571428671,175800.0,-0.07394766780432305,-0.014789533560864654,208500.0,166700.0,-0.16930455635491604,-0.2191846522781774,0.03899220155968797,0.250749850029994,208500.0,166700.0,-0.16930455635491604,-0.2191846522781774,0.03899220155968797,0.250749850029994,241500.0,166700.0,-0.28281573498964807,-0.325879917184265,0.03899220155968797,0.4487102579484103,438000.0,125300.0,-0.6045662100456621,-0.628310502283105,0.3822825219473265,2.49561053471668,,,,,,,,,,,,unavailable,False,outside_analysis,retrospective_snapshot,False,False,False,False,-0.06681034482758619,-0.2386813186813187,0.08722368855163312,0.062264126700179244,0.07394985698539444,0.08182354335352504,0.2292955082742317,1.6324712026726904,-0.042515175885928125,-0.06995568455854795,2.0,61.0,15:30,exact_1530,0.005807200929152101,3.5035673045199602,0.7391304347826086,-0.0034522439585730202,0.0,0.18968251486854537,로봇,0.9790940766550522,0.37282229965156793,True,False,False,False,False,False,False,False,False,,False,False,0,True,True,False,True,False,True,True,True,3,True,-0.12028639618138426,True,-0.016410256410256396,-0.05040008841732979,-0.11839492249993444,0.4,0.3170731707317073,False,sector_constituent_proxy,0.5679442508710801,False,False,pending,False,기술조건 탈락,"탈락: Price Action, AVWAP·위치, 상대강도, 변동성"
2026-07-21,066970,market_cap_10000eok_plus,엘앤에프,82800,127,18244612150,39432781160.0,0.46267627119608423,0.5795400551236038,82800,-0.009569377990430672,0.05741626794258373,3368573928000,False,0.375,0.5208333333333334,0.375,88700.0,89000.0,-0.003370786516853963,88700.0,-0.08680947012401352,-0.06651634723788047,110500.0,83300.0,-0.2506787330316742,-0.26696832579185525,-0.00600240096038418,0.32653061224489793,110500.0,83300.0,-0.2506787330316742,-0.26696832579185525,-0.00600240096038418,0.32653061224489793,130600.0,83300.0,-0.36600306278713635,-0.37978560490045943,-0.00600240096038418,0.5678271308523409,225000.0,83300.0,-0.632,-0.64,-0.00600240096038418,1.7010804321728692,,,,,,,,,,,,unavailable,False,outside_analysis,retrospective_snapshot,False,False,False,False,-0.18262586377097734,-0.3412887828162291,0.10386473429951691,0.07861921710251099,0.08985335675472653,0.07833796620479427,0.1925581395348837,1.3021021868330118,-0.08923473165926143,-0.08923473165926143,,,,,,,,,,,,0.6167247386759582,0.2229965156794425,True,False,False,False,False,False,False,False,False,,False,False,0,False,False,False,False,False,False,False,False,0,False,-0.12028639618138426,False,-0.038828337874659447,-0.1437975258963179,-0.22100238663484484,0.017421602787456445,0.12195121951219512,False,universe_proxy,0.7073170731707317,False,False,pending,False,기술조건 탈락,"탈락: Price Action, AVWAP·위치, 오후 흐름, 상대강도, 변동성"
2026-07-21,067310,market_cap_10000eok_plus,하나마이크론,37000,127,49078312925,105828583878.75,0.46375290234659133,0.5791877192482086,37000,0.009549795361528002,0.07639836289222374,2459775762000,False,0.7678571428571429,0.23214285714285715,0.5535714285714286,33800.0,33450.0,0.010463378176382765,33800.0,0.031065088757396442,0.09467455621301779,42850.0,33800.0,-0.13652275379229872,-0.18669778296382733,0.09467455621301779,0.2677514792899408,42850.0,33450.0,-0.13652275379229872,-0.18669778296382733,0.10612855007473843,0.28101644245142005,57000.0,33450.0,-0.3508771929824561,-0.38859649122807016,0.10612855007473843,0.7040358744394619,58500.0,33450.0,-0.36752136752136755,-0.4042735042735043,0.10612855007473843,0.7488789237668162,,,,,,,,,,,,unavailable,False,outside_analysis,retrospective_snapshot,False,False,False,False,-0.03141361256544506,-0.3485915492957746,0.12972972972972974,0.10836699067731197,0.10828030806567557,-0.013094460036138567,0.15416666666666667,1.3010579987464255,0.004228764554853548,-0.0066034801193112225,,,,,,,,,,,,0.8432055749128919,0.2264808362369338,True,False,False,False,False,False,False,False,False,,True,False,1,False,False,False,False,False,False,False,False,0,False,-0.12028639618138426,False,-0.038828337874659447,0.007414725309214387,-0.22830515311439037,0.5679442508710801,0.10104529616724739,False,universe_proxy,0.8745644599303136,False,False,pending,False,기술조건 탈락,"탈락: Price Action, AVWAP·위치, 오후 흐름, 상대강도, 변동성"
2026-07-21,068270,market_cap_10000eok_plus,셀트리온,171600,127,78813401400,107623735007.5,0.7323050198407229,0.7416585879154873,171600,-0.005793742757821518,0.039397450753186555,39906215949600,False,0.5,0.5,0.47058823529411764,171000.0,169000.0,0.01183431952662728,171000.0,-0.01637426900584793,0.0035087719298245723,180800.0,170900.0,-0.05088495575221241,-0.06969026548672563,0.0040959625511995945,0.05792861322410767,185000.0,170900.0,-0.07243243243243247,-0.09081081081081077,0.0040959625511995945,0.08250438853130486,188000.0,159200.0,-0.08723404255319145,-0.10531914893617023,0.07788944723618085,0.18090452261306533,202071.0,158500.0,-0.15079353296613562,-0.16761930212648035,0.08264984227129335,0.27489589905362777,,,,,,,,,,,,unavailable,False,outside_analysis,retrospective_snapshot,False,False,False,False,-0.019988577955454057,0.018397626112759635,0.04612054612054612,0.03109005636658745,0.04986990957419114,-0.19127391444988018,0.4336462093862816,1.355094718301868,-0.01720800393265065,-0.027946550548190063,5.0,61.0,15:30,exact_1530,-0.00521739130434784,3.312715582197515,0.0,-0.009237875288683584,0.0,0.2819695964512407,바이오,0.8501742160278746,0.686411149825784,True,False,False,False,False,False,False,False,False,,False,False,0,True,True,False,False,False,True,False,True,1,False,-0.12028639618138426,True,-0.07871466812464645,0.05872609016919239,0.1386840222941439,0.6666666666666666,0.8292682926829268,True,sector_constituent_proxy,0.11149825783972125,False,False,pending,False,기술조건 탈락,"탈락: Price Action, AVWAP·위치, 오후 흐름, 변동성"
2026-07-21,068760,market_cap_10000eok_plus,셀트리온제약,38250,127,3137639875,3344612220.0,0.9381176855832931,1.0029270319651444,38250,0.0,0.02091503267973856,1698389199000,False,0.5625,0.4375,0.125,39200.0,39900.0,-0.01754385964912286,39200.0,-0.0357142857142857,-0.02423469387755106,42350.0,38250.0,-0.09681227863046049,-0.1074380165289256,0.0,0.10718954248366012,43100.0,38250.0,-0.11252900232018559,-0.12296983758700697,0.0,0.12679738562091503,43300.0,38250.0,-0.11662817551963045,-0.12702078521939952,0.0,0.13202614379084968,58900.0,38250.0,-0.3505942275042445,-0.3582342954159593,0.0,0.5398692810457516,,,,,,,,,,,,unavailable,False,outside_analysis,retrospective_snapshot,False,False,False,False,-0.0496894409937888,-0.07272727272727275,0.0457516339869281,0.032459226689403216,0.04856968662810122,-0.17235808180950296,0.43714285714285717,1.1696124564247363,-0.029514952121327265,-0.029514952121327265,,,,,,,,,,,,0.09059233449477352,0.8815331010452961,False,False,False,False,False,False,False,False,False,,False,False,0,False,False,False,False,False,False,False,False,0,False,-0.12028639618138426,False,-0.038828337874659447,-0.010861103119129356,0.04755912345411151,0.42857142857142855,0.6167247386759582,False,universe_proxy,0.10104529616724739,False,False,pending,False,기술조건 탈락,"탈락: 유동성, Price Action, AVWAP·위치, 오후 흐름, 상대강도, 변동성"
2026-07-21,069620,market_cap_10000eok_plus,대웅제약,121800,127,2673690000,6345565460.0,0.4213477926993129,0.44316756750290587,121800,0.029585798816567976,0.052409129332206254,1411244835000,False,0.9516129032258065,0.04838709677419355,0.27419354838709675,117900.0,105000.0,0.12285714285714278,117900.0,-0.016963528413910134,0.0330788804071247,141600.0,117900.0,-0.13983050847457623,-0.18149717514124297,0.0330788804071247,0.2010178117048346,141600.0,117900.0,-0.13983050847457623,-0.18149717514124297,0.0330788804071247,0.2010178117048346,142100.0,105000.0,-0.1428571428571429,-0.1843771991555243,0.15999999999999992,0.35333333333333333,153300.0,105000.0,-0.20547945205479456,-0.24396607958251793,0.15999999999999992,0.46,,,,,,,,,,,,unavailable,False,outside_analysis,retrospective_snapshot,False,False,False,False,-0.08075471698113212,0.06561679790026242,0.07459535538353272,0.06582091492705572,0.07039270518212518,0.1017068808634809,0.26811320754716983,5.269012942059307,0.008408455578797325,-0.07096015910328712,,,,,,,,,,,,0.18815331010452963,0.14634146341463414,False,False,False,False,False,False,False,False,False,,True,False,1,False,False,False,False,False,False,False,False,0,False,-0.12028639618138426,False,-0.038828337874659447,-0.04192637910647268,0.18590319408164668,0.25435540069686413,0.8850174216027874,False,universe_proxy,0.45993031358885017,True,False,pending,False,기술조건 탈락,"탈락: 유동성, Price Action, AVWAP·위치, 오후 흐름, 상대강도"
2026-07-21,069960,market_cap_10000eok_plus,현대백화점,140100,127,20314717850,29512274960.0,0.6883480815197718,0.8872990387598767,140100,0.027126099706744844,0.050586510263929615,3021244171200,False,0.927536231884058,0.07246376811594203,0.4057971014492754,148900.0,183300.0,-0.18767048554282595,148900.0,-0.10208193418401612,-0.05910006715916727,171500.0,134400.0,-0.18309037900874636,-0.2204081632653061,0.04241071428571419,0.2760416666666667,183500.0,134400.0,-0.23651226158038152,-0.27138964577656677,0.04241071428571419,0.36532738095238093,210000.0,134400.0,-0.33285714285714285,-0.3633333333333333,0.04241071428571419,0.5625,222000.0,90400.0,-0.3689189189189189,-0.3977477477477478,0.5497787610619469,1.4557522123893805,,,,,,,,,,,,unavailable,False,outside_analysis,retrospective_snapshot,False,False,False,False,-0.11272957568081066,-0.2852040816326531,0.09212807178545937,0.06890806850038653,0.07859047663543826,-0.04921421340365795,0.2170890979524073,1.2168069189504798,-0.06424541330995048,-0.05716601271840016,,,,,,,,,,,,0.5296167247386759,0.6167247386759582,True,False,False,False,False,False,False,False,False,,False,False,0,False,False,False,False,False,False,False,False,0,False,-0.12028639618138426,False,-0.038828337874659447,-0.07390123780615121,-0.16491768545126884,0.11498257839721254,0.23344947735191637,False,universe_proxy,0.6097560975609756,False,False,pending,False,기술조건 탈락,"탈락: Price Action, AVWAP·위치, 오후 흐름, 상대강도, 변동성"
2026-07-21,071050,market_cap_10000eok_plus,한국금융지주,219000,127,28526096250,59554922317.5,0.4789880523715789,0.4985141147673077,219000,0.011547344110854452,0.04849884526558892,12203992248000,False,0.7142857142857143,0.2857142857142857,0.2857142857142857,212000.0,215500.0,-0.016241299303944357,212000.0,-0.002358490566037763,0.03301886792452824,256000.0,209500.0,-0.14453125,-0.173828125,0.04534606205250591,0.22195704057279236,263500.0,209500.0,-0.1688804554079696,-0.19734345351043647,0.04534606205250591,0.2577565632458234,263500.0,193000.0,-0.1688804554079696,-0.19734345351043647,0.13471502590673579,0.36528497409326427,297000.0,193000.0,-0.26262626262626265,-0.28787878787878785,0.13471502590673579,0.538860103626943,,,,,,,,,,,,unavailable,False,outside_analysis,retrospective_snapshot,False,False,False,False,-0.07594936708860756,-0.009049773755656076,0.0976842791911285,0.07724646626343314,0.08611797888090697,0.12228683641331162,0.20474123539232056,1.5920386617636237,-0.02397415973465067,-0.02397415973465067,,,,,,,,,,,,0.7038327526132404,0.24738675958188153,True,False,False,False,False,False,False,False,False,,False,False,0,False,False,False,False,False,False,False,False,0,False,-0.12028639618138426,False,-0.038828337874659447,-0.03712102921394811,0.11123662242572818,0.2787456445993031,0.7630662020905923,False,universe_proxy,0.6480836236933798,False,False,pending,False,기술조건 탈락,"탈락: Price Action, AVWAP·위치, 오후 흐름, 상대강도, 변동성"
2026-07-21,071970,market_cap_10000eok_plus,HD현대마린엔진,58200,127,13769279750,14360782870.0,0.9588112204359233,1.0385882990182813,58200,0.10018903591682427,0.12381852551984877,1974231009000,False,0.8702290076335878,0.1297709923664122,0.07633587786259542,53600.0,53500.0,0.0018691588785046953,53600.0,-0.020522388059701524,0.08582089552238803,63900.0,52700.0,-0.08920187793427226,-0.17840375586854462,0.10436432637571147,0.2125237191650854,69500.0,52700.0,-0.162589928057554,-0.24460431654676262,0.10436432637571147,0.3187855787476281,69600.0,52700.0,-0.1637931034482759,-0.2456896551724138,0.10436432637571147,0.3206831119544592,118200.0,52700.0,-0.5076142131979695,-0.5558375634517767,0.10436432637571147,1.2428842504743833,,,,,,,,,,,,unavailable,False,outside_analysis,retrospective_snapshot,False,False,False,False,-0.023489932885906062,-0.1073619631901841,0.11910898379970544,0.1019032191324537,0.10172767817573128,0.12680879912102294,0.16791344667697064,2.5380236445464215,0.023396015651497404,-0.03882846818998331,,,,,,,,,,,,0.3519163763066202,0.8954703832752613,True,False,False,False,False,False,False,False,False,,True,False,1,False,False,False,False,False,False,False,False,0,False,-0.12028639618138426,False,-0.038828337874659447,0.015338404988753385,0.012924432991200163,0.6236933797909407,0.5226480836236934,False,universe_proxy,0.8257839721254355,False,False,pending,False,기술조건 탈락,"탈락: Price Action, AVWAP·위치, 오후 흐름, 상대강도, 변동성"
2026-07-21,073240,market_cap_10000eok_plus,금호타이어,6100,127,23675668430,57113014223.8,0.4145406918504737,0.4042530260766678,6100,0.0,0.07213114754098361,1752287750700,False,0.2727272727272727,0.7045454545454546,0.2727272727272727,5330.0,4500.0,0.1844444444444444,5330.0,0.12195121951219523,0.1444652908067543,7840.0,5700.0,-0.22193877551020413,-0.2372448979591837,0.07017543859649122,0.37543859649122807,7840.0,4725.0,-0.22193877551020413,-0.2372448979591837,0.29100529100529093,0.6592592592592592,7840.0,4220.0,-0.22193877551020413,-0.2372448979591837,0.4454976303317535,0.8578199052132701,7840.0,4220.0,-0.22193877551020413,-0.2372448979591837,0.4454976303317535,0.8578199052132701,,,,,,,,,,,,unavailable,False,outside_analysis,retrospective_snapshot,False,False,False,False,-0.14804469273743015,0.3436123348017621,0.13565573770491804,0.08243666175562164,0.12976228879664467,0.1150579046774074,0.14743202416918427,18.937669914827985,-0.08220547395630806,0.00018174263254233658,,,,,,,,,,,,0.6898954703832753,0.1289198606271777,True,False,False,False,False,False,False,False,False,,False,True,1,False,False,False,False,False,False,False,False,0,False,-0.12028639618138426,False,-0.038828337874659447,-0.1092163548627707,0.4638987309831464,0.041811846689895474,0.9965156794425087,False,universe_proxy,0.8989547038327527,False,False,pending,False,기술조건 탈락,"탈락: Price Action, AVWAP·위치, 오후 흐름, 상대강도, 변동성"
2026-07-21,078600,market_cap_10000eok_plus,대주전자재료,72300,127,4854823850,14419665107.5,0.3366807629585582,0.41761493014860207,72300,0.009776536312849249,0.05446927374301676,1135409177400,False,0.7692307692307693,0.23076923076923078,0.5384615384615384,73300.0,71900.0,0.01947148817802513,73300.0,-0.054570259208731264,-0.013642564802182844,88900.0,70700.0,-0.186726659167604,-0.22047244094488194,0.022630834512022524,0.25742574257425743,89200.0,70700.0,-0.1894618834080718,-0.22309417040358748,0.022630834512022524,0.26166902404526166,115000.0,70700.0,-0.371304347826087,-0.3973913043478261,0.022630834512022524,0.6265912305516266,183300.0,70700.0,-0.6055646481178396,-0.6219312602291326,0.022630834512022524,1.5926449787835926,,,,,,,,,,,,unavailable,False,outside_analysis,retrospective_snapshot,False,False,False,False,-0.1074074074074074,-0.3641160949868074,0.1046235921754594,0.07949904257698812,0.08924195591371571,0.04901108335075999,0.1911614730878187,1.1158818966781094,-0.059891863792678524,-0.0824188394434584,,,,,,,,,,,,0.3554006968641115,0.05574912891986063,False,False,False,False,False,False,False,False,False,,False,False,0,False,False,False,False,False,False,False,False,0,False,-0.12028639618138426,False,-0.038828337874659447,-0.06857906953274795,-0.24382969880542316,0.13588850174216027,0.08710801393728224,False,universe_proxy,0.7142857142857143,False,False,pending,False,기술조건 탈락,"탈락: 유동성, Price Action, AVWAP·위치, 오후 흐름, 상대강도, 변동성"
2026-07-21,078930,market_cap_10000eok_plus,GS,82500,127,22639346050,29854808522.5,0.7583148970102392,0.7001675370749565,82500,-0.008413461538461564,0.054086538461538464,7663878337500,False,0.6666666666666666,0.3333333333333333,0.35555555555555557,75000.0,60800.0,0.23355263157894735,75000.0,0.06000000000000005,0.10000000000000009,87600.0,77800.0,-0.05821917808219179,-0.09246575342465757,0.06041131105398456,0.12596401028277635,87600.0,73000.0,-0.05821917808219179,-0.09246575342465757,0.13013698630136994,0.2,87600.0,60800.0,-0.05821917808219179,-0.09246575342465757,0.35690789473684204,0.4407894736842105,87600.0,60800.0,-0.05821917808219179,-0.09246575342465757,0.35690789473684204,0.4407894736842105,,,,,,,,,,,,unavailable,False,outside_analysis,retrospective_snapshot,False,False,False,False,0.037735849056603765,0.22041420118343202,0.07281385281385282,0.05956987657073045,0.07148374705441156,0.023255280073462004,0.2746730083234245,1.7981514107357153,0.019113244190028356,0.037398993237883316,,,,,,,,,,,,0.5365853658536586,0.7212543554006968,True,False,False,False,False,False,False,False,False,,True,True,2,False,False,False,False,False,False,False,False,0,False,-0.12028639618138426,False,-0.038828337874659447,0.07656418693126321,0.3407005973648163,0.9337979094076655,0.9860627177700348,True,universe_proxy,0.43902439024390244,True,False,pending,False,기술조건 탈락,"탈락: Price Action, AVWAP·위치, 오후 흐름"
2026-07-21,079550,market_cap_10000eok_plus,LIG디펜스앤에어로스페이스,672000,127,86475519500,121388130798.45,0.7123885912996051,0.8004253947953459,672000,-0.03309352517985609,0.060431654676258995,14784000000000,False,0.38095238095238093,0.23809523809523808,0.38095238095238093,653000.0,653000.0,0.0,653000.0,0.004594180704440953,0.029096477794793296,804000.0,653000.0,-0.16417910447761197,-0.1840796019900498,0.029096477794793296,0.23124042879019907,853000.0,653000.0,-0.21219226260257917,-0.23094958968347012,0.029096477794793296,0.30627871362940273,884000.0,653000.0,-0.23981900452488691,-0.25791855203619907,0.029096477794793296,0.3537519142419602,1118000.0,653000.0,-0.3989266547406082,-0.4132379248658319,0.029096477794793296,0.7120980091883614,,,,,,,,,,,,unavailable,False,outside_analysis,retrospective_snapshot,False,False,False,False,-0.07310344827586202,-0.2075471698113207,0.11330782312925171,0.09625439168806076,0.09611123273635916,0.10584077380952395,0.17651031894934333,1.0974196255719302,-0.05495981151702356,-0.06690274785088457,7.0,61.0,15:30,exact_1530,-0.0117647058823529,2.1515557042489126,0.07692307692307693,-0.01754385964912286,0.0,0.14698654183733179,방산·우주항공,0.8710801393728222,0.6445993031358885,True,False,False,False,False,False,False,False,False,,False,False,0,True,True,False,False,False,True,False,True,1,False,-0.12028639618138426,True,-0.05631668140288826,-0.016786766872973757,-0.08726077362993645,0.5,0.397212543554007,False,sector_constituent_proxy,0.7839721254355401,False,False,pending,False,기술조건 탈락,"탈락: Price Action, AVWAP·위치, 오후 흐름, 상대강도, 변동성"
2026-07-21,080220,market_cap_10000eok_plus,제주반도체,78300,127,107241127900,289075073932.5,0.3709801970855542,0.4917171275250465,78300,0.0038461538461538325,0.07435897435897436,2696873823900,False,0.6551724137931034,0.3448275862068966,0.5172413793103449,69600.0,73100.0,-0.04787961696306431,69600.0,0.07040229885057481,0.125,93300.0,69600.0,-0.16077170418006426,-0.20150053590568062,0.125,0.34051724137931033,95500.0,69600.0,-0.18010471204188483,-0.2198952879581152,0.125,0.37212643678160917,138000.0,69600.0,-0.43260869565217386,-0.46014492753623193,0.125,0.9827586206896551,138000.0,43500.0,-0.43260869565217386,-0.46014492753623193,0.8,2.1724137931034484,,,,,,,,,,,,unavailable,False,outside_analysis,retrospective_snapshot,False,False,False,False,0.012936610608020649,-0.41567164179104477,0.1360153256704981,0.1027041528991031,0.11773975408044228,-0.11594122858490663,0.14704225352112676,1.1143636211947718,-0.038475214663244106,-0.17885360568681263,3.0,61.0,15:30,exact_1530,0.016883116883116944,2.449110931019688,0.76,-0.0076045627376425395,0.0,0.15711367607609578,반도체 설계,0.9686411149825784,0.06968641114982578,False,False,False,False,False,False,False,False,False,,False,False,0,True,True,False,True,False,True,True,True,3,True,-0.12028639618138426,False,-0.038828337874659447,0.051764948482680095,-0.2953852456096605,0.8501742160278746,0.03484320557491289,False,universe_proxy,0.9094076655052264,False,False,pending,False,기술조건 탈락,"탈락: 유동성, Price Action, AVWAP·위치, 상대강도, 변동성"
2026-07-21,081660,market_cap_10000eok_plus,미스토홀딩스,46000,127,5837706800,7817307145.35,0.7467669737746542,0.7162877132972703,46000,-0.03765690376569042,0.032426778242677826,2442224640000,False,0.3225806451612903,0.22580645161290322,0.3225806451612903,44100.0,44400.0,-0.006756756756756799,44100.0,0.031746031746031855,0.04308390022675734,48600.0,44100.0,-0.053497942386831254,-0.06378600823045266,0.04308390022675734,0.10204081632653061,52400.0,44100.0,-0.12213740458015265,-0.13167938931297707,0.04308390022675734,0.18820861678004536,52400.0,37100.0,-0.12213740458015265,-0.13167938931297707,0.23989218328840978,0.4123989218328841,52400.0,36000.0,-0.12213740458015265,-0.13167938931297707,0.2777777777777777,0.45555555555555555,,,,,,,,,,,,unavailable,False,outside_analysis,retrospective_snapshot,False,False,False,False,0.01882613510520481,0.20418848167539272,0.07461180124223603,0.04662388223000702,0.06579025687907468,-0.04239351136614422,0.268054110301769,1.4670631522266526,-0.0005883805251641894,-0.0225924974827032,,,,,,,,,,,,0.24041811846689895,0.7003484320557491,True,False,False,False,False,False,False,False,False,,False,False,0,False,False,False,False,False,False,False,False,0,False,-0.12028639618138426,False,-0.038828337874659447,0.05765447297986426,0.324474877856777,0.8745644599303136,0.9825783972125436,True,universe_proxy,0.4634146341463415,True,False,pending,False,기술조건 탈락,"탈락: Price Action, AVWAP·위치, 오후 흐름"
2026-07-21,082640,market_cap_10000eok_plus,동양생명,7630,127,235002930,709166710.25,0.3313789643582611,0.32728855819844066,7630,-0.0052151238591916504,0.035202086049543675,1190757493030,False,0.8518518518518519,0.0,0.8518518518518519,7350.0,7200.0,0.02083333333333326,7350.0,0.006802721088435382,0.03809523809523818,8040.0,7350.0,-0.05099502487562191,-0.07960199004975121,0.03809523809523818,0.09387755102040816,8050.0,7200.0,-0.05217391304347829,-0.08074534161490687,0.05972222222222223,0.11805555555555555,8050.0,6740.0,-0.05217391304347829,-0.08074534161490687,0.13204747774480707,0.1943620178041543,9070.0,6740.0,-0.15876515986769568,-0.18412348401323042,0.13204747774480707,0.3456973293768546,,,,,,,,,,,,unavailable,False,outside_analysis,retrospective_snapshot,False,False,False,False,-0.011658031088082943,0.0,0.05242463958060288,0.04351939514186509,0.05194098257284806,-0.014599122457120028,0.3815,1.2615075205552782,-0.004682681429311497,-0.007029989379514046,,,,,,,,,,,,0.010452961672473868,0.05226480836236934,False,True,False,False,False,False,False,False,True,A,False,False,0,False,False,False,False,False,False,False,False,0,False,-0.12028639618138426,False,-0.038828337874659447,0.027170306786576504,0.12028639618138426,0.7142857142857143,0.7874564459930313,True,universe_proxy,0.1916376306620209,True,False,pending,False,기술조건 탈락,"탈락: 유동성, AVWAP·위치, 오후 흐름"
2026-07-21,082740,market_cap_10000eok_plus,한화엔진,44400,127,28006536105,39178137189.75,0.7148511418334413,0.8110610407895736,44400,0.04716981132075482,0.08608490566037735,3705053104800,False,0.8356164383561644,0.1643835616438356,0.2054794520547945,42050.0,41500.0,0.013253012048192847,42050.0,-0.01664684898929847,0.05588585017835901,49200.0,42050.0,-0.09756097560975607,-0.15955284552845528,0.05588585017835901,0.1700356718192628,57800.0,41500.0,-0.23183391003460208,-0.28460207612456745,0.06987951807228909,0.3927710843373494,62100.0,41500.0,-0.285024154589372,-0.3341384863123994,0.06987951807228909,0.4963855421686747,94400.0,41500.0,-0.5296610169491525,-0.5619703389830508,0.06987951807228909,1.274698795180723,,,,,,,,,,,,unavailable,False,outside_analysis,retrospective_snapshot,False,False,False,False,-0.038961038961038974,-0.20855614973262027,0.1138996138996139,0.09501631604926937,0.09525951512413261,0.02604833245501781,0.17559322033898306,1.3711980785172069,-0.015275749526276416,-0.064881750877816,,,,,,,,,,,,0.6132404181184669,0.6515679442508711,True,False,False,False,False,False,False,False,False,,False,False,0,False,False,False,False,False,False,False,False,0,False,-0.12028639618138426,False,-0.038828337874659447,-0.0001327010863795275,-0.08826975355123601,0.49477351916376305,0.39372822299651566,False,universe_proxy,0.7909407665505227,False,False,pending,False,기술조건 탈락,"탈락: Price Action, AVWAP·위치, 오후 흐름, 상대강도, 변동성"
2026-07-21,082920,market_cap_10000eok_plus,비츠로셀,29000,127,13032463075,11428252893.75,1.1403723032876991,1.384133350421809,29000,0.10056925996204935,0.14231499051233396,1314844833000,False,0.9066666666666666,0.09333333333333334,0.18666666666666668,25700.0,36500.0,-0.2958904109589041,25700.0,-0.0038910505836575737,0.12840466926070038,31500.0,25700.0,-0.07936507936507942,-0.1873015873015873,0.12840466926070038,0.22568093385214008,38900.0,25700.0,-0.25449871465295626,-0.3419023136246787,0.12840466926070038,0.5136186770428015,44500.0,25700.0,-0.348314606741573,-0.42471910112359545,0.12840466926070038,0.7315175097276264,67800.0,25700.0,-0.5722713864306785,-0.6224188790560472,0.12840466926070038,1.6381322957198443,,,,,,,,,,,,unavailable,False,outside_analysis,retrospective_snapshot,False,False,False,False,0.0017271157167531026,-0.32558139534883723,0.10320197044334975,0.09140801023423495,0.08193902774143781,-0.0017241379310344307,0.1937947494033413,1.384133350421809,0.03882426380654502,0.03633114949373306,,,,,,,,,,,,0.30313588850174217,0.9442508710801394,True,False,False,False,False,False,False,False,False,,True,True,2,False,False,False,False,False,False,False,False,0,False,-0.12028639618138426,False,-0.038828337874659447,0.04055545359141255,-0.20529499916745297,0.8083623693379791,0.156794425087108,False,universe_proxy,0.7003484320557491,False,False,pending,False,기술조건 탈락,"탈락: Price Action, AVWAP·위치, 오후 흐름, 상대강도, 변동성"
2026-07-21,083650,market_cap_10000eok_plus,비에이치아이,40550,127,7031867250,11654832375.0,0.603343490815328,0.779396105153174,40550,0.004956629491945419,0.07063197026022305,1254794406250,False,0.7017543859649122,0.2982456140350877,0.5087719298245614,42200.0,43950.0,-0.03981797497155859,42200.0,-0.0864928909952607,-0.0390995260663507,51100.0,40050.0,-0.20645792563600784,-0.24559686888454013,0.012484394506866447,0.2759051186017478,55600.0,40050.0,-0.27068345323741005,-0.3066546762589928,0.012484394506866447,0.3882646691635456,62000.0,40050.0,-0.34596774193548385,-0.37822580645161286,0.012484394506866447,0.5480649188514357,105900.0,40050.0,-0.6170915958451368,-0.6359773371104815,0.012484394506866447,1.6441947565543071,,,,,,,,,,,,unavailable,False,outside_analysis,retrospective_snapshot,False,False,False,False,-0.12513484358144555,-0.3330592105263158,0.11097410604192355,0.06141127280892596,0.0869040008433855,-0.006743483991666355,0.18022222222222223,1.0145886417387981,-0.05462865734728517,-0.1876585182165179,,,,,,,,,,,,0.31010452961672474,0.4738675958188153,True,False,False,False,False,False,False,False,False,,False,False,0,False,False,False,False,False,False,False,False,0,False,-0.12028639618138426,False,-0.038828337874659447,-0.08630650570678611,-0.21277281434493156,0.07317073170731707,0.13588850174216027,False,universe_proxy,0.7630662020905923,False,False,pending,False,기술조건 탈락,"탈락: Price Action, AVWAP·위치, 오후 흐름, 상대강도, 변동성"
2026-07-21,084370,market_cap_10000eok_plus,유진테크,125800,127,28108721950,47254056455.0,0.5948425184781314,0.8051846567508836,125800,-0.016419077404221993,0.06958561376075059,2882838083600,False,0.5955056179775281,0.30337078651685395,0.5955056179775281,139600.0,133000.0,0.049624060150375904,139600.0,-0.13681948424068768,-0.09885386819484243,178700.0,121600.0,-0.2960268606603246,-0.32568550643536653,0.03453947368421062,0.46957236842105265,178700.0,121600.0,-0.2960268606603246,-0.32568550643536653,0.03453947368421062,0.46957236842105265,231500.0,121600.0,-0.45658747300215985,-0.47948164146868255,0.03453947368421062,0.9037828947368421,231500.0,108000.0,-0.45658747300215985,-0.47948164146868255,0.16481481481481475,1.1435185185185186,,,,,,,,,,,,unavailable,False,outside_analysis,retrospective_snapshot,False,False,False,False,-0.17831482691051603,-0.32835024025627335,0.17936634113104702,0.10886238890125624,0.12790515530238986,0.133747613035347,0.11150364039252927,1.8713979046767404,-0.12068047112889824,-0.2356489674120299,,,,,,,,,,,,0.6585365853658537,0.44947735191637633,True,False,False,False,False,False,False,False,False,,False,False,0,False,False,False,False,False,False,False,False,0,False,-0.12028639618138426,False,-0.038828337874659447,-0.1394864890358566,-0.2080638440748891,0.020905923344947737,0.14634146341463414,False,universe_proxy,0.9895470383275261,False,False,pending,False,기술조건 탈락,"탈락: Price Action, AVWAP·위치, 오후 흐름, 상대강도, 변동성"
2026-07-21,085620,market_cap_10000eok_plus,미래에셋생명,15930,127,1409854465,13689661377.0,0.10298680341127331,0.14186099679025357,15930,0.014649681528662528,0.04777070063694268,2153417400000,False,0.88,0.12,0.44,15500.0,16350.0,-0.051987767584097844,15500.0,-0.014838709677419404,0.02774193548387105,18470.0,15480.0,-0.13752030319436925,-0.17325392528424477,0.029069767441860517,0.19315245478036175,22300.0,15480.0,-0.28565022421524666,-0.3152466367713005,0.029069767441860517,0.4405684754521964,29400.0,15480.0,-0.4581632653061225,-0.4806122448979592,0.029069767441860517,0.8992248062015504,37300.0,13200.0,-0.5729222520107239,-0.5906166219839142,0.2068181818181818,1.8257575757575757,,,,,,,,,,,,unavailable,False,outside_analysis,retrospective_snapshot,False,False,False,False,-0.043243243243243246,-0.34173553719008265,0.10111200789166891,0.05148399901093211,0.10298721493454314,-0.2562572092285256,0.19780044345898004,0.6706644836177036,-0.024418749057987355,-0.20869949613958994,,,,,,,,,,,,0.34494773519163763,0.006968641114982578,False,False,False,False,False,False,False,False,False,,False,False,0,False,False,False,False,False,False,False,False,0,False,-0.12028639618138426,False,-0.038828337874659447,-0.004414905368583799,-0.2214491410086984,0.47038327526132406,0.11846689895470383,False,universe_proxy,0.6724738675958188,False,False,pending,False,기술조건 탈락,"탈락: 유동성, Price Action, AVWAP·위치, 오후 흐름, 상대강도, 변동성"
2026-07-21,086280,market_cap_10000eok_plus,현대글로비스,189700,127,38361409850,42311327910.0,0.9066463225072531,0.9129211105897902,189700,0.0171581769436997,0.057908847184986595,14227500000000,False,0.6481481481481481,0.35185185185185186,0.18518518518518517,176900.0,182100.0,-0.02855573860516203,176900.0,0.032786885245901676,0.07235726399095532,198400.0,176900.0,-0.04385080645161288,-0.079133064516129,0.07235726399095532,0.1215375918598078,203500.0,176900.0,-0.0678132678132678,-0.10221130221130226,0.07235726399095532,0.15036743923120408,219000.0,172500.0,-0.13378995433789953,-0.1657534246575343,0.09971014492753616,0.26956521739130435,288500.0,172500.0,-0.3424610051993068,-0.3667244367417678,0.09971014492753616,0.672463768115942,,,,,,,,,,,,unavailable,False,outside_analysis,retrospective_snapshot,False,False,False,False,0.010117145899893432,-0.07009803921568625,0.06483921982076964,0.052748656102553124,0.06109333733401049,-0.031940506798594503,0.30845528455284554,1.0415643101845151,0.01458011406549553,0.007857284263190323,,,,,,,,,,,,0.6306620209059234,0.8571428571428571,True,False,False,False,False,False,False,False,False,,True,True,2,False,False,False,False,False,False,False,False,0,False,-0.12028639618138426,False,-0.038828337874659447,0.04894548377455288,0.05018835696569801,0.8432055749128919,0.6236933797909407,True,universe_proxy,0.3588850174216028,True,False,pending,False,기술조건 탈락,"탈락: Price Action, AVWAP·위치, 오후 흐름"
2026-07-21,086520,market_cap_10000eok_plus,에코프로,75200,127,58043602850,131230691477.5,0.44230204227760084,0.5637252818021908,75200,0.023129251700680253,0.05714285714285714,10210366630400,False,0.8095238095238095,0.19047619047619047,0.023809523809523808,75600.0,76200.0,-0.007874015748031482,75600.0,-0.050264550264550234,-0.005291005291005346,89500.0,72600.0,-0.15977653631284916,-0.19776536312849158,0.03581267217630857,0.2327823691460055,89500.0,72600.0,-0.15977653631284916,-0.19776536312849158,0.03581267217630857,0.2327823691460055,118700.0,72600.0,-0.36647009267059816,-0.3951137320977254,0.03581267217630857,0.6349862258953168,166700.0,72600.0,-0.5488902219556089,-0.5692861427714457,0.03581267217630857,1.2961432506887052,,,,,,,,,,,,unavailable,False,outside_analysis,retrospective_snapshot,False,False,False,False,-0.1004784688995215,-0.34323144104803494,0.10524316109422494,0.0810389196207198,0.09588478583704209,-0.0922874300318286,0.19003610108303248,2.3773088002892244,-0.05907752682224132,-0.17214331652825987,,,,,,,,,,,2차전지/배터리,0.8850174216027874,0.18466898954703834,True,False,False,False,False,False,False,False,False,,False,False,0,False,False,False,False,False,False,False,False,0,False,-0.12028639618138426,False,-0.038828337874659447,-0.061650131024862054,-0.22294504486665068,0.1672473867595819,0.11149825783972125,False,universe_proxy,0.7212543554006968,False,False,pending,False,기술조건 탈락,"탈락: Price Action, AVWAP·위치, 오후 흐름, 상대강도, 변동성"
2026-07-21,086790,market_cap_10000eok_plus,하나금융지주,132600,127,127142805650,119796919637.8,1.0613194899702756,1.002858756668991,132600,-0.005997001499250421,0.05247376311844078,36381163384800,False,0.8,0.2,0.6,119200.0,107600.0,0.10780669144981414,119200.0,0.06543624161073835,0.11241610738255026,142500.0,129200.0,-0.06947368421052635,-0.10877192982456141,0.026315789473684292,0.10294117647058823,142500.0,119200.0,-0.06947368421052635,-0.10877192982456141,0.11241610738255026,0.19546979865771813,142500.0,107600.0,-0.06947368421052635,-0.10877192982456141,0.23234200743494426,0.3243494423791822,142500.0,107600.0,-0.06947368421052635,-0.10877192982456141,0.23234200743494426,0.3243494423791822,,,,,,,,,,,,unavailable,False,outside_analysis,retrospective_snapshot,False,False,False,False,0.0,0.10776942355889729,0.05580693815987934,0.0630134364925869,0.055032471786936675,0.18807339449541294,0.3583783783783784,1.5967419643838732,0.004328647301095501,-0.015484237894750175,1.0,61.0,15:30,exact_1530,0.0015105740181269312,5.8703457986947924,0.1875,-0.009708737864077666,0.0,0.26355290275400134,밸류업금융,0.867595818815331,0.9303135888501742,True,False,False,False,False,False,False,False,False,,True,False,1,True,True,True,True,False,True,False,True,2,False,-0.12028639618138426,True,-0.032863849765258246,0.032863849765258246,0.22805581974028155,0.8888888888888888,0.9337979094076655,True,sector_constituent_proxy,0.23693379790940766,True,False,pending,False,기술조건 탈락,"탈락: Price Action, 오후 흐름"
2026-07-21,087010,market_cap_10000eok_plus,펩트론,106300,127,19691136100,52436099997.5,0.3755263282536042,0.5115578078477134,106300,-0.02027649769585249,0.0728110599078341,2478634305000,False,0.6962025316455697,0.08860759493670886,0.6962025316455697,98000.0,168300.0,-0.4177064765300059,98000.0,0.02857142857142847,0.08469387755102042,137500.0,98000.0,-0.22690909090909095,-0.2669090909090909,0.08469387755102042,0.4030612244897959,198900.0,98000.0,-0.46556058320764204,-0.49321266968325794,0.08469387755102042,1.029591836734694,224000.0,98000.0,-0.5254464285714286,-0.55,0.08469387755102042,1.2857142857142858,332000.0,98000.0,-0.6798192771084337,-0.6963855421686747,0.08469387755102042,2.3877551020408165,,,,,,,,,,,,unavailable,False,outside_analysis,retrospective_snapshot,False,False,False,False,-0.01756007393715342,-0.4814634146341463,0.17726112081709447,0.10995435979827022,0.11719168540791065,-0.20862025990647004,0.112827899924185,9.930567586461864,-0.0875678207025048,-0.07501539811155133,,,,,,,,,,,,0.6759581881533101,0.07665505226480836,False,False,False,False,False,False,False,False,False,,False,False,0,False,False,False,False,False,False,False,False,0,False,-0.12028639618138426,False,-0.038828337874659447,0.021268263937506027,-0.36117701845276207,0.6655052264808362,0.010452961672473868,False,universe_proxy,0.9825783972125436,False,False,pending,False,기술조건 탈락,"탈락: 유동성, Price Action, AVWAP·위치, 오후 흐름, 상대강도, 변동성"
2026-07-21,088350,market_cap_10000eok_plus,한화생명,4340,127,8413528005,15214089686.95,0.5530089659072253,0.5823913300265612,4340,0.005793742757821629,0.04287369640787949,3769420200000,False,0.6216216216216216,0.3783783783783784,0.43243243243243246,4255.0,4195.0,0.014302741358760418,4255.0,-0.007050528789659172,0.0199764982373678,4750.0,4255.0,-0.08631578947368423,-0.1105263157894737,0.0199764982373678,0.11633372502937721,4780.0,4195.0,-0.09205020920502094,-0.11610878661087864,0.03456495828367112,0.1394517282479142,5170.0,4185.0,-0.160541586073501,-0.18278529980657643,0.03703703703703698,0.23536439665471923,6350.0,4185.0,-0.3165354330708662,-0.33464566929133854,0.03703703703703698,0.5173237753882916,,,,,,,,,,,,unavailable,False,outside_analysis,retrospective_snapshot,False,False,False,False,-0.003444316877152742,-0.132,0.061224489795918366,0.04283078030624676,0.058601173062408606,-0.08508403361344552,0.32666666666666666,0.9948185431981359,-0.016183170219776666,-0.03383893245108294,,,,,,,,,,,,0.3867595818815331,0.3623693379790941,True,False,False,False,False,False,False,False,False,,False,False,0,False,False,False,False,False,False,False,False,0,False,-0.12028639618138426,False,-0.038828337874659447,0.035384020997506704,-0.011713603818615748,0.7735191637630662,0.4808362369337979,False,universe_proxy,0.3083623693379791,True,False,pending,False,기술조건 탈락,"탈락: Price Action, AVWAP·위치, 오후 흐름, 상대강도"
2026-07-21,088980,market_cap_10000eok_plus,맥쿼리인프라,10020,127,9071539290,19747394742.0,0.45937904257851697,0.471820765315272,10020,-0.0019920318725099584,0.0099601593625498,4798798369860,False,0.2,0.4,0.2,9970.0,9920.0,0.00504032258064524,9970.0,0.0030090270812437314,0.005015045135406293,10330.0,10000.0,-0.030009680542110395,-0.03194578896418199,0.0020000000000000018,0.033,10330.0,9970.0,-0.030009680542110395,-0.03194578896418199,0.005015045135406293,0.03610832497492478,10870.0,9920.0,-0.07819687212511495,-0.0800367985280589,0.010080645161290258,0.09576612903225806,11460.0,9920.0,-0.12565445026178013,-0.1273996509598604,0.010080645161290258,0.15524193548387097,,,,,,,,,,,,unavailable,False,outside_analysis,retrospective_snapshot,False,False,False,False,-0.0049652432969214955,-0.05915492957746482,0.01746506986027944,0.01640456183282702,0.018478315238805863,-0.12063373253493015,1.1451428571428572,1.4521167844852305,-0.007881908373856716,-0.017235687527626498,,,,,,,,,,,,0.4529616724738676,0.21254355400696864,True,False,False,False,False,False,False,False,False,,False,False,0,False,False,False,False,False,False,False,False,0,False,-0.12028639618138426,False,-0.038828337874659447,0.03386309457773795,0.06113146660391944,0.7560975609756098,0.6376306620209059,True,universe_proxy,0.003484320557491289,False,False,pending,False,기술조건 탈락,"탈락: Price Action, AVWAP·위치, 오후 흐름, 변동성"
2026-07-21,089030,market_cap_10000eok_plus,테크윙,46800,127,41728779475,92190289237.5,0.4526374721257095,0.49502522519413006,46800,-0.03604531410916578,0.082389289392379,1734110586000,False,0.65,0.2,0.65,37700.0,48800.0,-0.22745901639344257,37700.0,0.17241379310344818,0.24137931034482762,54100.0,42900.0,-0.1349353049907579,-0.18299445471349352,0.09090909090909083,0.26107226107226106,54100.0,37700.0,-0.1349353049907579,-0.18299445471349352,0.24137931034482762,0.4350132625994695,64000.0,37700.0,-0.26875000000000004,-0.30937499999999996,0.24137931034482762,0.6976127320954907,74000.0,37700.0,-0.3675675675675676,-0.4027027027027027,0.24137931034482762,0.9628647214854111,,,,,,,,,,,,unavailable,False,outside_analysis,retrospective_snapshot,False,False,False,False,0.06727480045610035,-0.23404255319148937,0.12171855921855922,0.10278934975713402,0.10990937815181581,-0.06303418803418803,0.16431347962382445,2.28755220336893,0.012608420962810785,-0.045139261231958994,,,,,,,,,,,,0.8153310104529616,0.18815331010452963,True,False,False,False,False,False,False,False,False,,True,False,1,False,False,False,False,False,False,False,False,0,False,-0.12028639618138426,False,-0.038828337874659447,0.1061031383307598,-0.11375615701010511,0.9581881533101045,0.3240418118466899,False,universe_proxy,0.8466898954703833,False,False,pending,False,기술조건 탈락,"탈락: Price Action, AVWAP·위치, 오후 흐름, 상대강도, 변동성"
2026-07-21,089860,market_cap_10000eok_plus,롯데렌탈,36700,127,2527428300,2228461875.0,1.1341581959978562,1.0011258512200365,36700,0.0,0.03814713896457766,1332554539600,False,0.35714285714285715,0.6428571428571429,0.07142857142857142,26650.0,29150.0,-0.08576329331046317,26650.0,0.35834896810506556,0.3771106941838649,37850.0,33000.0,-0.0303830911492734,-0.04359313077939231,0.11212121212121207,0.14696969696969697,37850.0,30450.0,-0.0303830911492734,-0.04359313077939231,0.20525451559934327,0.24302134646962234,37850.0,26650.0,-0.0303830911492734,-0.04359313077939231,0.3771106941838649,0.4202626641651032,37850.0,26650.0,-0.0303830911492734,-0.04359313077939231,0.3771106941838649,0.4202626641651032,,,,,,,,,,,,unavailable,False,outside_analysis,retrospective_snapshot,False,False,False,False,0.07309941520467844,0.2765217391304349,0.047878551965745426,0.054795061920007195,0.04697464836021348,0.16072155347842565,0.41772357723577236,3.8689109070715326,0.1023648683017202,0.009307651105749715,,,,,,,,,,,,0.05226480836236934,0.9372822299651568,False,False,False,False,False,False,False,False,False,,True,True,2,False,False,False,False,False,False,False,False,0,False,-0.12028639618138426,False,-0.038828337874659447,0.11192775307933789,0.39680813531181913,0.9616724738675958,0.9895470383275261,True,universe_proxy,0.1289198606271777,False,False,pending,False,기술조건 탈락,"탈락: 유동성, Price Action, AVWAP·위치, 오후 흐름, 변동성"
2026-07-21,089970,market_cap_10000eok_plus,브이엠,89300,127,62828367900,84785978207.5,0.7410230940101641,0.8509957679167148,89300,-0.03978494623655915,0.09247311827956989,2350980114500,False,0.5697674418604651,0.18604651162790697,0.5697674418604651,81500.0,83000.0,-0.01807228915662651,81500.0,0.03558282208588959,0.09570552147239253,118300.0,90200.0,-0.24513947590870666,-0.2865595942519019,-0.009977827050997812,0.311529933481153,118300.0,81500.0,-0.24513947590870666,-0.2865595942519019,0.09570552147239253,0.45153374233128835,122100.0,81500.0,-0.26863226863226863,-0.3087633087633087,0.09570552147239253,0.498159509202454,122100.0,48000.0,-0.26863226863226863,-0.3087633087633087,0.8604166666666666,1.54375,,,,,,,,,,,,unavailable,False,outside_analysis,retrospective_snapshot,False,False,False,False,-0.07365145228215764,-0.13132295719844356,0.1737322028475444,0.14313739681478035,0.1377491877117638,0.1343443684714365,0.11511970534069982,1.776976186294291,-0.10397047005602722,-0.13544935179742046,3.0,61.0,15:30,exact_1530,0.009039548022598876,2.7929511849301196,0.5,-0.016519823788546217,0.0,0.13181761866950495,반도체 장비,0.7979094076655052,0.6933797909407665,True,False,False,False,False,False,False,False,False,,False,False,0,True,True,False,True,False,True,False,True,2,False,-0.12028639618138426,True,-0.07326408230546239,-0.00038736997669525097,-0.011036561017059299,0.5,0.4843205574912892,False,sector_constituent_proxy,0.9790940766550522,False,False,pending,False,기술조건 탈락,"탈락: Price Action, AVWAP·위치, 오후 흐름, 상대강도, 변동성"
2026-07-21,090430,market_cap_10000eok_plus,아모레퍼시픽,119700,127,17260886550,42595982572.5,0.4052233451974328,0.39066801456523015,119700,0.020460358056265893,0.05456095481670929,7001583252300,False,0.703125,0.296875,0.046875,116500.0,113000.0,0.030973451327433565,116500.0,-0.011158798283261828,0.02746781115879826,125200.0,116100.0,-0.04392971246006394,-0.07987220447284349,0.03100775193798455,0.07838070628768304,130500.0,113000.0,-0.08275862068965523,-0.11724137931034484,0.059292035398230025,0.15486725663716813,130500.0,94000.0,-0.08275862068965523,-0.11724137931034484,0.2734042553191489,0.3882978723404255,155600.0,94000.0,-0.23071979434447298,-0.2596401028277635,0.2734042553191489,0.6553191489361702,,,,,,,,,,,,unavailable,False,outside_analysis,retrospective_snapshot,False,False,False,False,-0.015625,0.18867924528301883,0.06283566058002148,0.051758104677857485,0.06282039942618478,-0.042332779127765674,0.3182905982905983,3.095274433128298,-0.0055513372269631045,0.01190477679370372,,,,,,,,,,,,0.6376306620209059,0.11498257839721254,True,False,False,False,False,False,False,False,False,,False,True,1,False,False,False,False,False,False,False,False,0,False,-0.12028639618138426,False,-0.038828337874659447,0.023203337874659447,0.3089656414644031,0.6829268292682927,0.975609756097561,True,universe_proxy,0.3205574912891986,True,False,pending,False,기술조건 탈락,"탈락: Price Action, AVWAP·위치, 오후 흐름"
2026-07-21,093370,market_cap_10000eok_plus,후성,10670,127,29518842465,77107450351.25,0.38282737051389826,0.5602659001836848,10670,0.037937743190661566,0.0963035019455253,1144414371100,False,0.6666666666666666,0.3333333333333333,0.2222222222222222,11250.0,10530.0,0.06837606837606836,11250.0,-0.11022222222222222,-0.05155555555555558,14420.0,10270.0,-0.26005547850208044,-0.3058252427184466,0.038948393378773094,0.4040895813047712,14640.0,10270.0,-0.27117486338797814,-0.3162568306010929,0.038948393378773094,0.4255111976630964,20950.0,10270.0,-0.49069212410501195,-0.5221957040572792,0.038948393378773094,1.0399221032132424,23550.0,10270.0,-0.5469214437367304,-0.5749469214437367,0.038948393378773094,1.2930866601752677,,,,,,,,,,,,unavailable,False,outside_analysis,retrospective_snapshot,False,False,False,False,-0.13533225283630468,-0.4263440860215054,0.17077252644262952,0.08636918873256502,0.12290767727400682,-0.03617570505623402,0.11711485691885536,1.6467448510866378,-0.07789187902604433,-0.22774674297712572,,,,,,,,,,,,0.7804878048780488,0.08013937282229965,False,False,False,False,False,False,False,False,False,,False,False,0,False,False,False,False,False,False,False,False,0,False,-0.12028639618138426,False,-0.038828337874659447,-0.09650391496164523,-0.30605768984012116,0.059233449477351915,0.027874564459930314,False,universe_proxy,0.975609756097561,False,False,pending,False,기술조건 탈락,"탈락: 유동성, Price Action, AVWAP·위치, 오후 흐름, 상대강도, 변동성"
2026-07-21,095340,market_cap_10000eok_plus,ISC,139200,127,21134503000,59136877602.5,0.35738280167680925,0.43599164999947815,139200,0.026548672566371723,0.06710914454277286,2950630473600,False,0.8241758241758241,0.17582417582417584,0.43956043956043955,135700.0,147800.0,-0.08186738836265228,135700.0,-0.029476787030213725,0.025792188651436954,169400.0,132100.0,-0.1782762691853601,-0.22255017709563163,0.05374716124148371,0.28236184708554124,169400.0,132100.0,-0.1782762691853601,-0.22255017709563163,0.05374716124148371,0.28236184708554124,213000.0,132100.0,-0.3464788732394366,-0.38169014084507047,0.05374716124148371,0.6124148372445117,257000.0,132100.0,-0.45836575875486385,-0.48754863813229576,0.05374716124148371,0.9454958364875095,,,,,,,,,,,,unavailable,False,outside_analysis,retrospective_snapshot,False,False,False,False,-0.09315960912052113,-0.2976791120080726,0.10360221674876846,0.07529726502910752,0.08736342777296174,-0.00783795101112561,0.19304606240713226,3.0175670934545327,-0.052235041890825507,-0.10868966569925143,,,,,,,,,,,,0.7003484320557491,0.059233449477351915,False,False,False,False,False,False,False,False,False,,False,False,0,False,False,False,False,False,False,False,False,0,False,-0.12028639618138426,False,-0.038828337874659447,-0.05433127124586168,-0.17739271582668836,0.1916376306620209,0.20557491289198607,False,universe_proxy,0.7038327526132404,False,False,pending,False,기술조건 탈락,"탈락: 유동성, Price Action, AVWAP·위치, 오후 흐름, 상대강도, 변동성"
2026-07-21,095610,market_cap_10000eok_plus,테스,165700,127,81028250150,110798773480.0,0.7313099920246517,0.805422387834841,165700,-0.029859484777517542,0.08782201405152225,3207952000000,False,0.48,0.32666666666666666,0.48,133300.0,152700.0,-0.12704649639816634,133300.0,0.18904726181545395,0.24306076519129793,231500.0,165500.0,-0.2842332613390929,-0.3153347732181425,0.0012084592145014117,0.3987915407854985,231500.0,133300.0,-0.2842332613390929,-0.3153347732181425,0.24306076519129793,0.7366841710427607,236500.0,133300.0,-0.2993657505285412,-0.32980972515856233,0.24306076519129793,0.7741935483870968,236500.0,83200.0,-0.2993657505285412,-0.32980972515856233,0.9915865384615385,1.8425480769230769,,,,,,,,,,,,unavailable,False,outside_analysis,retrospective_snapshot,False,False,False,False,-0.11105150214592274,-0.09651035986913847,0.1619967238555048,0.14102372566576366,0.1385173640313851,0.16910025047932886,0.12345928685470996,1.9365850449810862,-0.10063841554075581,-0.1524271132051993,2.0,61.0,15:30,exact_1530,0.0006038647342994086,2.319756923505126,0.42857142857142855,-0.009563658099222994,0.0,0.14613815368970046,반도체 장비,0.8536585365853658,0.6829268292682927,True,False,False,False,False,False,False,False,False,,False,False,0,True,True,False,True,False,True,False,True,2,False,-0.12028639618138426,True,-0.07326408230546239,-0.03778741984046036,0.023776036312245785,0.25,0.5644599303135889,False,sector_constituent_proxy,0.9581881533101045,False,False,pending,False,기술조건 탈락,"탈락: Price Action, AVWAP·위치, 오후 흐름, 상대강도, 변동성"
2026-07-21,096530,market_cap_10000eok_plus,씨젠,27200,127,5707634125,7546655056.25,0.7563131059333423,0.8029894312442765,27200,0.022556390977443552,0.03571428571428571,1420547036800,False,0.7368421052631579,0.2631578947368421,0.0,27100.0,26850.0,0.009310986964618184,27100.0,-0.022140221402214055,0.0036900369003689537,30300.0,26500.0,-0.10231023102310233,-0.12541254125412538,0.026415094339622636,0.14339622641509434,30500.0,26500.0,-0.1081967213114754,-0.1311475409836066,0.026415094339622636,0.1509433962264151,31450.0,26350.0,-0.1351351351351351,-0.1573926868044515,0.032258064516129004,0.1935483870967742,32500.0,23800.0,-0.16307692307692312,-0.18461538461538463,0.1428571428571428,0.36554621848739494,,,,,,,,,,,,unavailable,False,outside_analysis,retrospective_snapshot,False,False,False,False,-0.04393673110720564,0.0036900369003689537,0.05934873949579832,0.05288085068074846,0.06044870014488879,-0.07841703933035216,0.3369911504424779,1.363076196054297,-0.026706759467901575,-0.052070614362359935,,,,,,,,,,,,0.23344947735191637,0.7038327526132404,True,False,False,False,False,False,False,False,False,,False,False,0,False,False,False,False,False,False,False,False,0,False,-0.12028639618138426,False,-0.038828337874659447,-0.005108393232546193,0.12397643308175321,0.45993031358885017,0.7979094076655052,False,universe_proxy,0.28222996515679444,True,False,pending,False,기술조건 탈락,"탈락: Price Action, AVWAP·위치, 오후 흐름, 상대강도"
2026-07-21,096770,market_cap_10000eok_plus,SK이노베이션,116300,127,55203505450,66118320195.0,0.8349199629874232,0.7714527151961927,116300,-0.0051325919589392255,0.055603079555175364,19660839244400,False,0.6153846153846154,0.38461538461538464,0.5538461538461539,91000.0,87700.0,0.03762827822120873,91000.0,0.23406593406593412,0.2780219780219779,126650.0,104100.0,-0.08172127911567306,-0.11330438215554683,0.11719500480307388,0.21661863592699326,126650.0,94600.0,-0.08172127911567306,-0.11330438215554683,0.2293868921775899,0.33879492600422834,126650.0,87700.0,-0.08172127911567306,-0.11330438215554683,0.3261117445838084,0.44412770809578106,155400.0,87700.0,-0.2516087516087516,-0.2773487773487774,0.3261117445838084,0.7719498289623717,,,,,,,,,,,,unavailable,False,outside_analysis,retrospective_snapshot,False,False,False,False,0.05535390199637025,0.16067864271457077,0.06722147156368996,0.07096566949910847,0.07471271912256651,8.954993694199054e-05,0.29752398355413434,3.498115171000336,0.049376656914647654,0.00940088797450489,,,,,,,,,,,,0.7386759581881533,0.8083623693379791,True,False,False,False,False,False,False,False,False,,True,True,2,False,False,False,False,False,False,False,False,0,False,-0.12028639618138426,False,-0.038828337874659447,0.0941822398710297,0.28096503889595503,0.9477351916376306,0.9547038327526133,True,universe_proxy,0.3902439024390244,True,False,pending,False,기술조건 탈락,"탈락: Price Action, AVWAP·위치, 오후 흐름"
2026-07-21,097230,market_cap_10000eok_plus,HJ중공업,14500,127,6655674030,12596286437.25,0.5283838267060761,0.6942035387214156,14500,0.013986013986013957,0.055944055944055944,1309282488000,False,0.8375,0.1625,0.475,14640.0,18400.0,-0.20434782608695656,14640.0,-0.055327868852458995,-0.0095628415300546,18320.0,14200.0,-0.20851528384279472,-0.2450873362445415,0.021126760563380254,0.29014084507042254,20400.0,14200.0,-0.2892156862745098,-0.32205882352941173,0.021126760563380254,0.43661971830985913,22550.0,14200.0,-0.3569844789356984,-0.38669623059866964,0.021126760563380254,0.5880281690140845,33800.0,14200.0,-0.5710059171597632,-0.590828402366864,0.021126760563380254,1.380281690140845,,,,,,,,,,,,unavailable,False,outside_analysis,retrospective_snapshot,False,False,False,False,-0.09318323952470298,-0.32242990654205606,0.0970935960591133,0.06868117172779545,0.08378622597637563,-0.08521159874608153,0.20598680872653474,1.7591637178557522,-0.04460818191453153,-0.18062302733639746,,,,,,,,,,,,0.33797909407665505,0.3205574912891986,True,False,False,False,False,False,False,False,False,,False,False,0,False,False,False,False,False,False,False,False,0,False,-0.12028639618138426,False,-0.038828337874659447,-0.05435490165004353,-0.2021435103606718,0.18815331010452963,0.16376306620209058,False,universe_proxy,0.6445993031358885,False,False,pending,False,기술조건 탈락,"탈락: Price Action, AVWAP·위치, 오후 흐름, 상대강도, 변동성"
2026-07-21,097950,market_cap_10000eok_plus,CJ제일제당,186200,127,7368237500,11715809845.0,0.6289140569437093,0.6412605616981307,186200,0.010857763300760048,0.02985884907709012,2803089433200,False,0.6181818181818182,0.38181818181818183,0.09090909090909091,189400.0,172600.0,0.09733487833140209,189400.0,-0.03484688489968324,-0.0168954593453009,198900.0,178600.0,-0.06385118149824032,-0.08094519859225746,0.042553191489361764,0.11366181410974244,204000.0,178600.0,-0.08725490196078434,-0.10392156862745094,0.042553191489361764,0.1422172452407615,204000.0,172600.0,-0.08725490196078434,-0.10392156862745094,0.07879490150637314,0.18192352259559674,252000.0,172600.0,-0.26111111111111107,-0.2746031746031746,0.07879490150637314,0.4600231749710313,,,,,,,,,,,,unavailable,False,outside_analysis,retrospective_snapshot,False,False,False,False,-0.02970297029702973,-0.008519701810436597,0.04119993862206537,0.0362795882591883,0.04410649572757031,-0.10301657129626551,0.485437616387337,1.6479528529681144,-0.012381600869085685,-0.01811085236226273,,,,,,,,,,,,0.313588850174216,0.5261324041811847,True,False,False,False,False,False,False,False,False,,False,False,0,False,False,False,False,False,False,False,False,0,False,-0.12028639618138426,False,-0.038828337874659447,0.009125367577629717,0.11176669437094766,0.5888501742160279,0.7665505226480837,False,universe_proxy,0.04529616724738676,False,False,pending,False,기술조건 탈락,"탈락: Price Action, AVWAP·위치, 오후 흐름, 상대강도, 변동성"
2026-07-21,098460,market_cap_10000eok_plus,고영,25600,127,27960555325,35660227567.5,0.7840823581979235,0.9093801197128126,25600,0.03853955375253548,0.10141987829614604,1746027852800,False,0.62,0.38,0.22,23750.0,24700.0,-0.038461538461538436,23750.0,0.012631578947368327,0.07789473684210524,29600.0,23750.0,-0.1351351351351351,-0.1875,0.07789473684210524,0.2463157894736842,30200.0,23750.0,-0.152317880794702,-0.20364238410596025,0.07789473684210524,0.27157894736842103,35700.0,23750.0,-0.28291316526610644,-0.3263305322128851,0.07789473684210524,0.5031578947368421,45000.0,23750.0,-0.4311111111111111,-0.4655555555555555,0.07789473684210524,0.8947368421052632,,,,,,,,,,,,unavailable,False,outside_analysis,retrospective_snapshot,False,False,False,False,-0.009671179883945835,-0.23007518796992477,0.11893136160714286,0.0817674905075675,0.09089421040739483,0.04027213935045326,0.1681642228739003,0.9129902781077444,-0.017602718858645616,-0.027987086965465147,,,,,,,,,,,,0.578397212543554,0.7491289198606271,True,False,False,False,False,False,False,False,False,,False,False,0,False,False,False,False,False,False,False,False,0,False,-0.12028639618138426,False,-0.038828337874659447,0.02915715799071361,-0.10978879178854051,0.7282229965156795,0.3344947735191638,False,universe_proxy,0.8222996515679443,False,False,pending,False,기술조건 탈락,"탈락: Price Action, AVWAP·위치, 오후 흐름, 상대강도, 변동성"
2026-07-21,103140,market_cap_10000eok_plus,풍산,59800,127,5540988200,6755760595.0,0.8201871753864304,0.8883611411283688,59800,-0.0033333333333332993,0.03333333333333333,1675851824400,False,0.45,0.55,0.05,60100.0,60000.0,0.0016666666666667052,60100.0,-0.019966722129783676,-0.004991680532445919,67400.0,59500.0,-0.11275964391691395,-0.12611275964391688,0.005042016806722671,0.13277310924369748,69200.0,59500.0,-0.13583815028901736,-0.14884393063583812,0.005042016806722671,0.16302521008403362,71900.0,59500.0,-0.1682892906815021,-0.18080667593880384,0.005042016806722671,0.20840336134453782,104000.0,59500.0,-0.42500000000000004,-0.43365384615384617,0.005042016806722671,0.7478991596638656,,,,,,,,,,,,unavailable,False,outside_analysis,retrospective_snapshot,False,False,False,False,-0.047770700636942665,-0.1333333333333333,0.059842331581462016,0.03891232814929606,0.05949391923608144,-0.14588672197367847,0.33421157684630737,1.177801951713228,-0.022028116220289995,-0.040452989928365435,,,,,,,,,,,,0.20209059233449478,0.7979094076655052,True,False,False,False,False,False,False,False,False,,False,False,0,False,False,False,False,False,False,False,False,0,False,-0.12028639618138426,False,-0.038828337874659447,-0.008942362762283218,-0.013046937151949045,0.445993031358885,0.47735191637630664,False,universe_proxy,0.289198606271777,True,False,pending,False,기술조건 탈락,"탈락: Price Action, AVWAP·위치, 오후 흐름, 상대강도"
2026-07-21,103590,market_cap_10000eok_plus,일진전기,59300,127,12527159450,24220452412.5,0.5172140980956583,0.633897082750675,59300,0.03310104529616731,0.08188153310104529,2827743627000,False,0.8723404255319149,0.1276595744680851,0.2978723404255319,58600.0,63600.0,-0.07861635220125784,58600.0,-0.058020477815699634,0.011945392491467643,68700.0,56100.0,-0.13682678311499274,-0.19650655021834063,0.057040998217468886,0.22459893048128343,75200.0,56100.0,-0.21143617021276595,-0.26595744680851063,0.057040998217468886,0.3404634581105169,84700.0,56100.0,-0.2998819362455726,-0.3482880755608029,0.057040998217468886,0.5098039215686274,147900.0,56100.0,-0.599053414469236,-0.6267748478701826,0.057040998217468886,1.6363636363636365,,,,,,,,,,,,unavailable,False,outside_analysis,retrospective_snapshot,False,False,False,False,-0.02786885245901638,-0.27060270602706027,0.10262587328354612,0.06790039909200232,0.08478516707651299,-0.08895534527912274,0.19488262910798124,1.7396958985825761,-0.025997217935272654,-0.15033035038697962,,,,,,,,,,,,0.4878048780487805,0.313588850174216,True,False,False,False,False,False,False,False,False,,False,False,0,False,False,False,False,False,False,False,False,0,False,-0.12028639618138426,False,-0.038828337874659447,0.010959485415643067,-0.150316309845676,0.6062717770034843,0.2508710801393728,False,universe_proxy,0.6933797909407665,False,False,pending,False,기술조건 탈락,"탈락: Price Action, AVWAP·위치, 오후 흐름, 상대강도, 변동성"
2026-07-21,105560,market_cap_10000eok_plus,KB금융,174000,127,174477668333,281732395531.05,0.6193028245975023,0.616975453628745,174000,0.0308056872037914,0.061611374407582936,61715665716000,False,0.9519230769230769,0.04807692307692308,0.25,145000.0,147400.0,-0.016282225237449155,145000.0,0.13172413793103455,0.19999999999999996,194500.0,165600.0,-0.1053984575835476,-0.15629820051413879,0.050724637681159424,0.17451690821256038,194500.0,165600.0,-0.1053984575835476,-0.15629820051413879,0.050724637681159424,0.17451690821256038,194500.0,145000.0,-0.1053984575835476,-0.15629820051413879,0.19999999999999996,0.3413793103448276,194500.0,145000.0,-0.1053984575835476,-0.15629820051413879,0.19999999999999996,0.3413793103448276,,,,,,,,,,,,unavailable,False,outside_analysis,retrospective_snapshot,False,False,False,False,-0.06552094522019336,0.10828025477707004,0.05841543513957307,0.056401691516342445,0.05537053607027653,0.19620861211185447,0.34237526352775827,1.5562882218421896,0.008855826826868585,-0.032387584987138895,3.0,61.0,15:30,exact_1530,0.004039238315060478,6.700246735271108,0.7222222222222222,-0.002865329512893977,0.0,0.37535458548333633,밸류업금융,0.9651567944250871,0.5087108013937283,True,False,False,False,False,False,False,False,False,,True,False,1,True,True,True,True,False,True,True,True,3,True,-0.12028639618138426,True,-0.032863849765258246,-0.032657095454935114,0.2285666509584543,0.2222222222222222,0.9372822299651568,False,sector_constituent_proxy,0.2613240418118467,True,False,pending,False,기술조건 탈락,"탈락: Price Action, 상대강도"
2026-07-21,108490,market_cap_10000eok_plus,로보티즈,197000,127,35554067450,38188454585.0,0.9310161365881834,1.1185252911191614,197000,0.06948968512486431,0.1444082519001086,2888222516000,False,0.6804511278195489,0.31954887218045114,0.18045112781954886,183000.0,191200.0,-0.042887029288702916,183000.0,-0.022404371584699434,0.07650273224043724,235000.0,180900.0,-0.16170212765957448,-0.23872340425531913,0.08899944720840236,0.2990602542841349,235000.0,180900.0,-0.16170212765957448,-0.23872340425531913,0.08899944720840236,0.2990602542841349,296000.0,180900.0,-0.33445945945945943,-0.3956081081081081,0.08899944720840236,0.6362631288004422,464000.0,180900.0,-0.5754310344827587,-0.6144396551724138,0.08899944720840236,1.5649530127142068,,,,,,,,,,,,unavailable,False,outside_analysis,retrospective_snapshot,False,False,False,False,-0.043689320388349495,-0.31833910034602075,0.1254894851341552,0.11184919180667148,0.10994547456847217,-0.0013474748153874394,0.1593759029182317,1.1185252911191614,-0.01201401807489888,0.016511867905056654,,,,,,,,,,,,0.6097560975609756,0.8745644599303136,True,False,False,False,False,False,False,False,False,,False,True,1,False,False,False,False,False,False,False,False,0,False,-0.12028639618138426,False,-0.038828337874659447,-0.004860982513690049,-0.1980527041646365,0.46689895470383275,0.17073170731707318,False,universe_proxy,0.8571428571428571,False,False,pending,False,기술조건 탈락,"탈락: Price Action, AVWAP·위치, 오후 흐름, 상대강도, 변동성"
2026-07-21,111770,market_cap_10000eok_plus,영원무역,86800,127,4023589400,7055224862.5,0.5702992432439994,0.5271812179751056,86800,0.005793742757821629,0.06141367323290846,3846235422400,False,0.660377358490566,0.33962264150943394,0.0,82700.0,68200.0,0.21260997067448684,82700.0,0.007255139056831839,0.049576783555018045,91500.0,82700.0,-0.051366120218579225,-0.08961748633879785,0.049576783555018045,0.10640870616686819,91500.0,81000.0,-0.051366120218579225,-0.08961748633879785,0.07160493827160486,0.12962962962962962,91500.0,68200.0,-0.051366120218579225,-0.08961748633879785,0.2727272727272727,0.3416422287390029,94000.0,68200.0,-0.07659574468085106,-0.11382978723404258,0.2727272727272727,0.3782991202346041,,,,,,,,,,,,unavailable,False,outside_analysis,retrospective_snapshot,False,False,False,False,0.026004728132387633,0.1972413793103449,0.06673798551678736,0.05794064936530826,0.06798398714617829,-0.0032223197215265342,0.2996794081381011,2.6057786745014804,0.009135701255958084,0.02854224265155003,,,,,,,,,,,,0.21602787456445993,0.397212543554007,True,True,False,False,False,False,False,False,True,A,True,True,2,False,False,False,False,False,False,False,False,0,False,-0.12028639618138426,False,-0.038828337874659447,0.06483306600704708,0.31752777549172917,0.9059233449477352,0.9790940766550522,True,universe_proxy,0.3832752613240418,True,False,pending,False,기술조건 탈락,"탈락: AVWAP·위치, 오후 흐름"
2026-07-21,112610,market_cap_10000eok_plus,씨에스윈드,38700,127,9164190250,22544448727.5,0.4064943153310024,0.43690734142692544,38700,-0.007692307692307665,0.04358974358974359,1632033296100,False,0.5882352941176471,0.29411764705882354,0.5882352941176471,36700.0,37550.0,-0.022636484687083902,36700.0,0.027247956403269713,0.054495912806539426,43550.0,38700.0,-0.11136624569460385,-0.13432835820895528,0.0,0.12532299741602068,43550.0,36700.0,-0.11136624569460385,-0.13432835820895528,0.054495912806539426,0.18664850136239783,46150.0,36700.0,-0.161430119176598,-0.18309859154929575,0.054495912806539426,0.2574931880108992,75500.0,36700.0,-0.4874172185430463,-0.5006622516556292,0.054495912806539426,1.0572207084468666,,,,,,,,,,,,unavailable,False,outside_analysis,retrospective_snapshot,False,False,False,False,-0.06521739130434778,-0.10932105868814734,0.06533776301218161,0.045524138979536985,0.06360584813123228,-0.10048058332873011,0.3061016949152543,1.4957818065015918,-0.03053393832095186,-0.06157072081632009,,,,,,,,,,,,0.47038327526132406,0.11846689895470383,True,False,False,False,False,False,False,False,False,,False,False,0,False,False,False,False,False,False,False,False,0,False,-0.12028639618138426,False,-0.038828337874659447,-0.026389053429688336,0.010965337493236915,0.3623693379790941,0.519163763066202,False,universe_proxy,0.3693379790940767,True,False,pending,False,기술조건 탈락,"탈락: Price Action, AVWAP·위치, 오후 흐름, 상대강도"
2026-07-21,120110,market_cap_10000eok_plus,코오롱인더,49600,127,30160719225,12096363990.0,2.4933706731984673,3.1030813838171247,49600,-0.03875968992248058,0.13468992248062014,1485323187200,False,0.841726618705036,0.15827338129496402,0.8201438848920863,50300.0,54600.0,-0.07875457875457881,50300.0,-0.13021868787276347,-0.013916500994035741,57300.0,50300.0,-0.13438045375218155,-0.2364746945898778,-0.013916500994035741,0.13916500994035785,61900.0,50300.0,-0.19870759289176088,-0.2932148626817448,-0.013916500994035741,0.23061630218687873,70300.0,50300.0,-0.294452347083926,-0.3776671408250356,-0.013916500994035741,0.3976143141153082,104900.0,50300.0,-0.5271687321258341,-0.5829361296472831,-0.013916500994035741,1.0854870775347913,,,,,,,,,,,,unavailable,False,outside_analysis,retrospective_snapshot,False,False,False,False,-0.07116104868913853,-0.2310077519379845,0.08510944700460829,0.07151246143276381,0.08170440566096235,-0.09426587073814718,0.23499153976311338,3.1030813838171247,-0.011254094749689192,0.032974661575841724,,,,,,,,,,,,0.3240418118466899,0.9930313588850174,True,False,False,False,False,False,False,False,False,,False,True,1,False,False,False,False,False,False,False,False,0,False,-0.12028639618138426,False,-0.038828337874659447,-0.03233271081447908,-0.11072135575660025,0.31010452961672474,0.3310104529616725,False,universe_proxy,0.5470383275261324,False,False,pending,False,기술조건 탈락,"탈락: Price Action, AVWAP·위치, 오후 흐름, 상대강도, 변동성"
2026-07-21,127120,market_cap_10000eok_plus,제이에스링크,32600,127,4207229200,5106218442.5,0.8239422671350003,0.9579513389164014,32600,0.012422360248447228,0.09083850931677019,1132569053200,False,0.9145299145299145,0.08547008547008547,0.6752136752136753,34000.0,29350.0,0.15843270868824533,34000.0,-0.1198529411764706,-0.04117647058823526,41250.0,31200.0,-0.20969696969696972,-0.27454545454545454,0.044871794871794934,0.32211538461538464,41250.0,31200.0,-0.20969696969696972,-0.27454545454545454,0.044871794871794934,0.32211538461538464,41250.0,29350.0,-0.20969696969696972,-0.27454545454545454,0.11073253833049401,0.40545144804088584,47350.0,27950.0,-0.3115100316789863,-0.36800422386483633,0.1663685152057246,0.6940966010733453,,,,,,,,,,,,unavailable,False,outside_analysis,retrospective_snapshot,False,False,False,False,-0.11772665764546686,-0.075177304964539,0.09887160385626644,0.0948336632889874,0.09463013258855216,0.1391153825132878,0.2022825484764543,2.0261344229940828,-0.11022584160732851,-0.0873201010755833,,,,,,,,,,,,0.14285714285714285,0.8048780487804879,False,False,False,False,False,False,False,False,False,,False,False,0,False,False,False,False,False,False,False,False,0,False,-0.12028639618138426,False,-0.038828337874659447,-0.07889831977080741,0.045109091216845254,0.09407665505226481,0.6097560975609756,False,universe_proxy,0.662020905923345,False,False,pending,False,기술조건 탈락,"탈락: 유동성, Price Action, AVWAP·위치, 오후 흐름, 상대강도, 변동성"
2026-07-21,128940,market_cap_10000eok_plus,한미약품,372500,127,28221703250,43137358225.0,0.6542288265034338,0.716194487903547,372500,0.0013440860215054862,0.030913978494623656,4772094147500,False,0.7391304347826086,0.2608695652173913,0.4782608695652174,342000.0,358500.0,-0.046025104602510414,342000.0,0.06432748538011701,0.0891812865497077,408000.0,342000.0,-0.08700980392156865,-0.10784313725490191,0.0891812865497077,0.19298245614035087,454500.0,342000.0,-0.18041804180418042,-0.19911991199119916,0.0891812865497077,0.32894736842105265,470000.0,342000.0,-0.20744680851063835,-0.225531914893617,0.0891812865497077,0.3742690058479532,578000.0,342000.0,-0.35553633217993075,-0.370242214532872,0.0891812865497077,0.6900584795321637,,,,,,,,,,,,unavailable,False,outside_analysis,retrospective_snapshot,False,False,False,False,-0.023591087811271283,-0.07682775712515488,0.087535953978907,0.06117666448157767,0.08233926716597846,-0.11200469097560817,0.2284775465498357,1.5551509558326815,0.0027688407277521865,0.0027688407277521865,,,,,,,,,,,,0.6411149825783972,0.5679442508710801,True,False,False,False,False,False,False,False,False,,True,True,2,False,False,False,False,False,False,False,False,0,False,-0.12028639618138426,False,-0.038828337874659447,0.015237250063388164,0.043458639056229376,0.6202090592334495,0.6062717770034843,True,universe_proxy,0.5749128919860628,False,False,pending,False,기술조건 탈락,"탈락: Price Action, AVWAP·위치, 오후 흐름, 변동성"
2026-07-21,131290,market_cap_10000eok_plus,티에스이,251000,127,30169984500,34067917650.0,0.8855834633027534,0.89451008861592,251000,-0.029013539651837505,0.08897485493230174,2776418679000,False,0.391304347826087,0.41304347826086957,0.391304347826087,216000.0,213500.0,0.011709601873536313,216000.0,0.12037037037037046,0.16203703703703698,294000.0,243000.0,-0.1462585034013606,-0.1768707482993197,0.03292181069958855,0.20987654320987653,294000.0,216000.0,-0.1462585034013606,-0.1768707482993197,0.16203703703703698,0.3611111111111111,294000.0,213500.0,-0.1462585034013606,-0.1768707482993197,0.17564402810304447,0.3770491803278688,294000.0,155100.0,-0.1462585034013606,-0.1768707482993197,0.6183107672469375,0.8955512572533849,,,,,,,,,,,,unavailable,False,outside_analysis,retrospective_snapshot,False,False,False,False,0.001996007984031989,-0.032755298651252374,0.13851735913488902,0.11359672689218492,0.1299251704739649,6.25393433983934e-05,0.14438623523369284,1.9153147150582581,-0.03608250735463525,-0.05854620643098252,,,,,,,,,,,,0.5644599303135889,0.8397212543554007,True,False,False,False,False,False,False,False,False,,False,False,0,False,False,False,False,False,False,False,False,0,False,-0.12028639618138426,False,-0.038828337874659447,0.040824345858691435,0.08753109753013188,0.8153310104529616,0.710801393728223,True,universe_proxy,0.9163763066202091,False,False,pending,False,기술조건 탈락,"탈락: Price Action, AVWAP·위치, 오후 흐름, 변동성"
2026-07-21,131970,market_cap_10000eok_plus,두산테스나,81900,127,14914414200,31921496615.0,0.4672216462743064,0.617516700935777,81900,0.016129032258064502,0.05583126550868486,1582900792200,False,0.6888888888888889,0.3111111111111111,0.24444444444444444,81900.0,87500.0,-0.06399999999999995,81900.0,-0.03785103785103783,0.0,105900.0,80000.0,-0.22662889518413598,-0.25590179414542025,0.023749999999999938,0.32375,114600.0,80000.0,-0.2853403141361257,-0.31239092495637,0.023749999999999938,0.4325,147300.0,80000.0,-0.44399185336048885,-0.4650373387644263,0.023749999999999938,0.84125,196900.0,80000.0,-0.5840528186896903,-0.5997968511934992,0.023749999999999938,1.46125,,,,,,,,,,,,unavailable,False,outside_analysis,retrospective_snapshot,False,False,False,False,-0.11459459459459465,-0.42606867554309735,0.14224664224664224,0.09551095308296531,0.10525789182114409,0.07223167467637781,0.14060085836909872,1.1102403295659604,-0.0648700409741616,-0.10215412670761148,,,,,,,,,,,,0.554006968641115,0.22996515679442509,True,False,False,False,False,False,False,False,False,,False,False,0,False,False,False,False,False,False,False,False,0,False,-0.12028639618138426,False,-0.038828337874659447,-0.0757662567199352,-0.3057822793617131,0.11149825783972125,0.0313588850174216,False,universe_proxy,0.926829268292683,False,False,pending,False,기술조건 탈락,"탈락: Price Action, AVWAP·위치, 오후 흐름, 상대강도, 변동성"
2026-07-21,138040,market_cap_10000eok_plus,메리츠금융지주,113000,127,26734849950,33237301370.0,0.8043628347676531,0.7724613139535575,113000,0.0,0.03893805309734513,18910241849000,False,0.2727272727272727,0.7272727272727273,0.11363636363636363,109600.0,98000.0,0.1183673469387756,109600.0,0.02007299270072993,0.031021897810219023,119000.0,111200.0,-0.050420168067226934,-0.060504201680672276,0.01618705035971213,0.07014388489208633,119000.0,109600.0,-0.050420168067226934,-0.060504201680672276,0.031021897810219023,0.08576642335766424,119000.0,98000.0,-0.050420168067226934,-0.060504201680672276,0.15306122448979598,0.21428571428571427,119000.0,98000.0,-0.050420168067226934,-0.060504201680672276,0.15306122448979598,0.21428571428571427,,,,,,,,,,,,unavailable,False,outside_analysis,retrospective_snapshot,False,False,False,False,-0.03418803418803418,0.06906338694418168,0.045448798988621995,0.04579756503785793,0.04540880631163925,0.11278225326401836,0.4400556328233658,1.3091290647619684,-0.016840409632043363,0.0036801978397906776,,,,,,,,,,,,0.5609756097560976,0.7665505226480837,True,False,False,False,False,False,False,False,False,,False,True,1,False,False,False,False,False,False,False,False,0,False,-0.12028639618138426,False,-0.038828337874659447,0.004640303686625269,0.18934978312556594,0.5435540069686411,0.8954703832752613,False,universe_proxy,0.09059233449477352,False,False,pending,False,기술조건 탈락,"탈락: Price Action, AVWAP·위치, 오후 흐름, 상대강도, 변동성"
2026-07-21,138930,market_cap_10000eok_plus,BNK금융지주,18100,127,14724961025,18512535253.75,0.7954048877242371,0.7711626546763558,18100,0.02259887005649719,0.05310734463276836,5616919297300,False,0.7021276595744681,0.2978723404255319,0.06382978723404255,17040.0,15420.0,0.10505836575875493,17040.0,0.023474178403755763,0.062206572769953006,18790.0,17490.0,-0.03672166045769021,-0.07184672698243744,0.03487707261292172,0.07432818753573471,19050.0,17040.0,-0.04986876640419946,-0.08451443569553807,0.062206572769953006,0.11795774647887323,19050.0,15420.0,-0.04986876640419946,-0.08451443569553807,0.1738002594033723,0.23540856031128404,19400.0,15420.0,-0.0670103092783505,-0.10103092783505152,0.1738002594033723,0.25810635538262,,,,,,,,,,,,unavailable,False,outside_analysis,retrospective_snapshot,False,False,False,False,-0.0033039647577092213,0.06784660766961648,0.05197316495659037,0.042367522764389355,0.05457091742887329,-0.0811086607396706,0.3848139711465452,1.6964258652922508,0.0035041092088670123,-0.003115112692215316,,,,,,,,,,,,0.43902439024390244,0.7560975609756098,True,True,False,False,False,False,False,False,True,A,True,False,1,False,False,False,False,False,False,False,False,0,False,-0.12028639618138426,False,-0.038828337874659447,0.035524373116950225,0.18813300385100074,0.7770034843205574,0.89198606271777,True,universe_proxy,0.18118466898954705,True,False,pending,False,기술조건 탈락,"탈락: AVWAP·위치, 오후 흐름"
2026-07-21,139130,market_cap_10000eok_plus,iM금융지주,18140,127,4732127955,10400913337.5,0.4549723472782469,0.43847329257957635,18140,0.013407821229050265,0.03910614525139665,2872712221120,False,0.7,0.3,0.07142857142857142,17160.0,15250.0,0.12524590163934435,17160.0,0.028554778554778615,0.05710955710955701,18790.0,17660.0,-0.03459286854709953,-0.06067056945183613,0.027180067950169917,0.06398640996602492,19040.0,17160.0,-0.047268907563025264,-0.07300420168067223,0.05710955710955701,0.10955710955710955,19040.0,15250.0,-0.047268907563025264,-0.07300420168067223,0.18950819672131147,0.24852459016393444,19550.0,15250.0,-0.07212276214833757,-0.09718670076726343,0.18950819672131147,0.2819672131147541,,,,,,,,,,,,unavailable,False,outside_analysis,retrospective_snapshot,False,False,False,False,-0.004390779363336983,0.10072815533980584,0.04969286501811309,0.04127827172247639,0.049469746996521555,-0.008164631547708412,0.4024722662440571,1.4502427423117255,0.0015629806158850013,0.0015629806158850013,,,,,,,,,,,,0.28222996515679444,0.20209059233449478,True,True,False,False,False,False,False,False,True,A,True,True,2,False,False,False,False,False,False,False,False,0,False,-0.12028639618138426,False,-0.038828337874659447,0.034437558511322464,0.2210145515211901,0.7665505226480837,0.926829268292683,True,universe_proxy,0.13937282229965156,False,False,pending,False,기술조건 탈락,"탈락: AVWAP·위치, 오후 흐름, 변동성"
2026-07-21,139480,market_cap_10000eok_plus,이마트,79900,127,12819749700,10544985372.5,1.2157200078657577,1.2402694857191547,79900,0.05827814569536427,0.0781456953642384,2204905938100,False,0.711864406779661,0.288135593220339,0.01694915254237288,77900.0,80500.0,-0.032298136645962705,77900.0,-0.028241335044929428,0.025673940949935803,85500.0,75500.0,-0.06549707602339183,-0.11461988304093562,0.05827814569536427,0.13245033112582782,87500.0,75500.0,-0.08685714285714285,-0.1348571428571429,0.05827814569536427,0.15894039735099338,87500.0,75500.0,-0.08685714285714285,-0.1348571428571429,0.05827814569536427,0.15894039735099338,118700.0,75500.0,-0.32687447346251053,-0.36225779275484415,0.05827814569536427,0.5721854304635762,,,,,,,,,,,,unavailable,False,outside_analysis,retrospective_snapshot,False,False,False,False,-0.02916160388821387,-0.031515151515151496,0.05122474521723583,0.05068398526199369,0.049022860716922315,0.03545879718068634,0.3904363001745201,1.2402694857191547,-0.0027267644212761732,0.010539629005059004,,,,,,,,,,,,0.2857142857142857,0.9547038327526133,True,False,False,False,False,False,False,False,False,,False,True,1,False,False,False,False,False,False,False,False,0,False,-0.12028639618138426,False,-0.038828337874659447,0.009666733986445575,0.08877124466623276,0.5993031358885017,0.7177700348432056,False,universe_proxy,0.1672473867595819,True,False,pending,False,기술조건 탈락,"탈락: Price Action, AVWAP·위치, 오후 흐름, 상대강도"
2026-07-21,140410,market_cap_10000eok_plus,메지온,54900,127,9994052425,7434988173.75,1.3441921078348238,1.4153220540486988,54900,0.06601941747572826,0.16601941747572815,1680269070600,False,0.672514619883041,0.32748538011695905,0.2046783625730994,45850.0,53400.0,-0.14138576779026213,45850.0,0.0719738276990185,0.19738276990185377,60000.0,45850.0,-0.08499999999999996,-0.1808333333333333,0.19738276990185377,0.30861504907306436,61200.0,45850.0,-0.1029411764705882,-0.19689542483660127,0.19738276990185377,0.33478735005452565,65200.0,45850.0,-0.15797546012269936,-0.2461656441717791,0.19738276990185377,0.42202835332606325,99900.0,45850.0,-0.4504504504504504,-0.508008008008008,0.19738276990185377,1.178844056706652,,,,,,,,,,,,unavailable,False,outside_analysis,retrospective_snapshot,False,False,False,False,0.0018248175182482562,-0.08803986710963452,0.08652094717668488,0.10426865536642194,0.07935249168201416,0.12697573300428933,0.23115789473684212,5.0740567395809375,0.05409907272191794,0.05409907272191794,,,,,,,,,,,,0.2264808362369338,0.9651567944250871,True,False,False,False,False,False,False,False,False,,True,True,2,False,False,False,False,False,False,False,False,0,False,-0.12028639618138426,False,-0.038828337874659447,0.0406531553929077,0.03224652907174974,0.8118466898954704,0.5853658536585366,False,universe_proxy,0.5609756097560976,False,False,pending,False,기술조건 탈락,"탈락: Price Action, AVWAP·위치, 오후 흐름, 상대강도, 변동성"
2026-07-21,140860,market_cap_10000eok_plus,파크시스템스,246500,127,8935416250,12098040112.5,0.7385837843906389,0.7838063162130547,246500,-0.02182539682539686,0.06547619047619048,1726108608500,False,0.6363636363636364,0.2727272727272727,0.6363636363636364,241000.0,233000.0,0.03433476394849788,241000.0,-0.020746887966805017,0.022821576763485396,277000.0,241000.0,-0.11010830324909748,-0.148014440433213,0.022821576763485396,0.14937759336099585,298000.0,241000.0,-0.17281879194630867,-0.20805369127516782,0.022821576763485396,0.23651452282157676,298000.0,233000.0,-0.17281879194630867,-0.20805369127516782,0.05793991416309008,0.27896995708154504,350500.0,232500.0,-0.296718972895863,-0.32667617689015693,0.06021505376344094,0.5075268817204301,,,,,,,,,,,,unavailable,False,outside_analysis,retrospective_snapshot,False,False,False,False,-0.029527559055118058,-0.04826254826254828,0.08301941466241669,0.056254336314885266,0.07065379209354603,0.034035161259382773,0.24090750436300176,1.3839108805720237,-0.021347516321446713,-0.053940184840189365,,,,,,,,,,,,0.32752613240418116,0.6898954703832753,True,False,False,False,False,False,False,False,False,,False,False,0,False,False,False,False,False,False,False,False,0,False,-0.12028639618138426,False,-0.038828337874659447,0.009300778819541389,0.07202384791883598,0.5923344947735192,0.6655052264808362,False,universe_proxy,0.5365853658536586,False,False,pending,False,기술조건 탈락,"탈락: Price Action, AVWAP·위치, 오후 흐름, 상대강도, 변동성"
2026-07-21,141080,market_cap_10000eok_plus,리가켐바이오,93600,127,59701199700,70651922060.0,0.845004607932672,1.24782470059233,93600,-0.03604531410916578,0.08135942327497425,3465017524800,False,0.4430379746835443,0.20253164556962025,0.4430379746835443,98300.0,127900.0,-0.2314308053166536,98300.0,-0.08341810783316383,-0.047812817904374416,127900.0,95000.0,-0.2681782642689601,-0.2955433932759969,-0.01473684210526316,0.3463157894736842,144500.0,95000.0,-0.35224913494809684,-0.3764705882352941,-0.01473684210526316,0.5210526315789473,173800.0,95000.0,-0.46144994246260074,-0.4815880322209436,-0.01473684210526316,0.8294736842105264,212000.0,95000.0,-0.5584905660377358,-0.575,-0.01473684210526316,1.231578947368421,,,,,,,,,,,,unavailable,False,outside_analysis,retrospective_snapshot,False,False,False,False,-0.17387466902030013,-0.30097087378640774,0.13896520146520147,0.08483384946032473,0.10952933249640635,-0.06241343018246459,0.14392092257001649,2.747132753986956,-0.08014368609340272,-0.2740409427077386,2.0,61.0,15:30,exact_1530,0.0042918454935623185,4.1462448505334315,0.7142857142857143,-0.004255319148936176,0.0,0.15072120776197437,바이오,0.7560975609756098,0.8153310104529616,True,False,False,False,False,False,False,False,False,,False,False,0,True,True,False,True,False,True,True,True,3,True,-0.12028639618138426,True,-0.07871466812464645,-0.09516000089565368,-0.18068447760502349,0.3333333333333333,0.1951219512195122,False,sector_constituent_proxy,0.9198606271777003,False,False,pending,False,기술조건 탈락,"탈락: Price Action, AVWAP·위치, 상대강도, 변동성"
2026-07-21,145020,market_cap_10000eok_plus,휴젤,228500,127,6607132000,14580133612.5,0.4531599075563684,0.5029408577682422,228500,-0.006521739130434745,0.03260869565217391,2811471540500,False,0.6666666666666666,0.26666666666666666,0.6666666666666666,223500.0,234500.0,-0.046908315565031944,223500.0,0.0,0.02237136465324374,259500.0,223500.0,-0.11946050096339111,-0.138728323699422,0.02237136465324374,0.1610738255033557,259500.0,223500.0,-0.11946050096339111,-0.138728323699422,0.02237136465324374,0.1610738255033557,290500.0,223500.0,-0.21342512908777966,-0.23063683304647165,0.02237136465324374,0.29977628635346754,306500.0,223500.0,-0.2544861337683524,-0.27079934747145185,0.02237136465324374,0.3713646532438479,,,,,,,,,,,,unavailable,False,outside_analysis,retrospective_snapshot,False,False,False,False,-0.06734693877551023,-0.09683794466403162,0.0726789621756799,0.05509818205549484,0.06954268579773105,-0.04669659555417949,0.27518279569892473,1.5101072840203276,-0.019494337143147522,-0.09242542878997617,,,,,,,,,,,,0.36585365853658536,0.1951219512195122,True,False,False,False,False,False,False,False,False,,False,False,0,False,False,False,False,False,False,False,False,0,False,-0.12028639618138426,False,-0.038828337874659447,-0.028518600900850788,0.023448451517352642,0.33797909407665505,0.554006968641115,False,universe_proxy,0.43205574912891986,True,False,pending,False,기술조건 탈락,"탈락: Price Action, AVWAP·위치, 오후 흐름, 상대강도"
2026-07-21,161390,market_cap_10000eok_plus,한국타이어앤테크놀로지,70900,127,22289125700,27153830830.45,0.8208464521700277,0.7723635211941436,70900,0.011412268188302432,0.07417974322396577,8782742392100,False,0.5384615384615384,0.46153846153846156,0.19230769230769232,66500.0,67100.0,-0.008941877794336861,66500.0,0.024060150375939893,0.06616541353383454,74700.0,66500.0,-0.05087014725568939,-0.08835341365461846,0.06616541353383454,0.12330827067669173,75400.0,66500.0,-0.05968169761273212,-0.09681697612732099,0.06616541353383454,0.13383458646616542,75400.0,58100.0,-0.05968169761273212,-0.09681697612732099,0.22030981067125643,0.2977624784853701,76000.0,56400.0,-0.06710526315789478,-0.10394736842105268,0.2570921985815602,0.3475177304964539,,,,,,,,,,,,unavailable,False,outside_analysis,retrospective_snapshot,False,False,False,False,0.017216642754662947,0.09922480620155039,0.06387265766673383,0.06088559954067093,0.06468966861425805,0.023430859625597433,0.3131230283911672,1.8701296357187496,0.0007061210291832154,-0.0029499081678773242,,,,,,,,,,,,0.519163763066202,0.8013937282229965,True,False,False,False,False,False,False,False,False,,True,False,1,False,False,False,False,False,False,False,False,0,False,-0.12028639618138426,False,-0.038828337874659447,0.056044980629322394,0.21951120238293464,0.867595818815331,0.9233449477351916,True,universe_proxy,0.34494773519163763,True,False,pending,False,기술조건 탈락,"탈락: Price Action, AVWAP·위치, 오후 흐름"
2026-07-21,161890,market_cap_10000eok_plus,한국콜마,101700,127,18860267750,48565932827.5,0.388343570316857,0.40890705806074834,101700,0.022110552763819014,0.07537688442211055,2400636330900,False,0.8266666666666667,0.17333333333333334,0.52,99600.0,82500.0,0.20727272727272728,99600.0,-0.04116465863453811,0.02108433734939763,117900.0,99300.0,-0.13740458015267176,-0.18999151823579308,0.024169184290030232,0.18731117824773413,124600.0,99300.0,-0.1837881219903692,-0.2335473515248796,0.024169184290030232,0.25478348439073517,124600.0,82500.0,-0.1837881219903692,-0.2335473515248796,0.23272727272727267,0.5103030303030303,124600.0,76100.0,-0.1837881219903692,-0.2335473515248796,0.3363994743758212,0.6373193166885677,,,,,,,,,,,,unavailable,False,outside_analysis,retrospective_snapshot,False,False,False,False,-0.12176165803108807,0.18531468531468542,0.09425481106897036,0.0696798027870554,0.07799292555720545,0.2323056427823771,0.21219076005961252,4.7147738252001465,-0.052557622580334695,-0.08583009789840412,,,,,,,,,,,,0.6655052264808362,0.09407665505226481,False,False,False,False,False,False,False,False,False,,False,False,0,False,False,False,False,False,False,False,False,0,False,-0.12028639618138426,False,-0.038828337874659447,-0.08293332015642862,0.3056010814960697,0.08013937282229965,0.9721254355400697,False,universe_proxy,0.6306620209059234,False,False,pending,False,기술조건 탈락,"탈락: 유동성, Price Action, AVWAP·위치, 오후 흐름, 상대강도, 변동성"
2026-07-21,166090,market_cap_10000eok_plus,하나머티리얼즈,53300,127,5489892700,10884104237.5,0.5043954541601293,0.5547986324576053,53300,0.0,0.058161350844277676,1054150024200,False,0.7096774193548387,0.2903225806451613,0.7096774193548387,49400.0,47800.0,0.03347280334728042,49400.0,0.03441295546558698,0.07894736842105265,61200.0,49400.0,-0.12908496732026142,-0.16503267973856206,0.07894736842105265,0.2388663967611336,61200.0,47800.0,-0.12908496732026142,-0.16503267973856206,0.11506276150627626,0.2803347280334728,72800.0,47800.0,-0.2678571428571429,-0.29807692307692313,0.11506276150627626,0.5230125523012552,87900.0,47800.0,-0.39362912400455063,-0.41865756541524457,0.11506276150627626,0.8389121338912134,,,,,,,,,,,,unavailable,False,outside_analysis,retrospective_snapshot,False,False,False,False,-0.023809523809523836,-0.2207602339181286,0.12436344143661217,0.09033161882030857,0.10457060852069575,0.01999371925049731,0.16081896551724137,1.6338379127305296,-0.02023593686897296,-0.024851296782308574,,,,,,,,,,,,0.2926829268292683,0.29965156794425085,True,False,False,False,False,False,False,False,False,,False,False,0,False,False,False,False,False,False,False,False,0,False,-0.12028639618138426,False,-0.038828337874659447,0.01501881406513561,-0.10047383773674434,0.6167247386759582,0.3588850174216028,False,universe_proxy,0.8536585365853658,False,False,pending,False,기술조건 탈락,"탈락: Price Action, AVWAP·위치, 오후 흐름, 상대강도, 변동성"
2026-07-21,175330,market_cap_10000eok_plus,JB금융지주,26000,127,6753784000,14810842327.5,0.4560026938818953,0.4546211932398006,26000,-0.017013232514177745,0.030245746691871456,4894593184000,False,0.375,0.5625,0.375,24000.0,23950.0,0.0020876826722338038,24000.0,0.0708333333333333,0.08333333333333326,28800.0,25900.0,-0.09722222222222221,-0.10763888888888884,0.0038610038610038533,0.11196911196911197,28800.0,24000.0,-0.09722222222222221,-0.10763888888888884,0.08333333333333326,0.2,28800.0,22200.0,-0.09722222222222221,-0.10763888888888884,0.1711711711711712,0.2972972972972973,31650.0,22200.0,-0.17851500789889418,-0.18799368088467616,0.1711711711711712,0.42567567567567566,,,,,,,,,,,,unavailable,False,outside_analysis,retrospective_snapshot,False,False,False,False,-0.0714285714285714,0.031746031746031855,0.0771978021978022,0.062310551945096285,0.07220718096697192,0.10443571027512633,0.2590747330960854,2.85576657408046,-0.032798946342898816,-0.026759547275406526,,,,,,,,,,,,0.3693379790940767,0.20557491289198607,True,False,False,False,False,False,False,False,False,,False,False,0,False,False,False,False,False,False,False,False,0,False,-0.12028639618138426,False,-0.038828337874659447,-0.03260023355391195,0.15203242792741611,0.30662020905923343,0.8536585365853658,False,universe_proxy,0.49825783972125437,True,False,pending,False,기술조건 탈락,"탈락: Price Action, AVWAP·위치, 오후 흐름, 상대강도"
2026-07-21,178320,market_cap_10000eok_plus,서진시스템,36200,127,41245289900,68253350573.75,0.6042969254005062,0.8554282587325089,36200,-0.010928961748633892,0.08333333333333333,2304156679400,False,0.8688524590163934,0.13114754098360656,0.7049180327868853,36000.0,48050.0,-0.25078043704474506,36000.0,-0.06805555555555554,0.005555555555555536,47800.0,36000.0,-0.2426778242677824,-0.2981171548117155,0.005555555555555536,0.3277777777777778,51100.0,36000.0,-0.2915851272015656,-0.34344422700587085,0.005555555555555536,0.41944444444444445,68600.0,36000.0,-0.4723032069970845,-0.5109329446064139,0.005555555555555536,0.9055555555555556,83300.0,36000.0,-0.5654261704681873,-0.5972388955582233,0.005555555555555536,1.3138888888888889,,,,,,,,,,,,unavailable,False,outside_analysis,retrospective_snapshot,False,False,False,False,-0.07770700636942673,-0.45481927710843373,0.14206787687450673,0.09024762486223412,0.10692385063014145,-0.02049813873850126,0.14077777777777775,1.4873378853004229,-0.057747853450477504,-0.061563595844947194,,,,,,,,,,,,0.7526132404181185,0.47735191637630664,True,False,False,False,False,False,False,False,False,,False,False,0,False,False,False,False,False,False,False,False,0,False,-0.12028639618138426,False,-0.038828337874659447,-0.03887866849476729,-0.33453288092704947,0.27177700348432055,0.013937282229965157,False,universe_proxy,0.9233449477351916,False,False,pending,False,기술조건 탈락,"탈락: Price Action, AVWAP·위치, 오후 흐름, 상대강도, 변동성"
2026-07-21,180640,market_cap_10000eok_plus,한진칼,102800,127,10290385400,16205024977.5,0.6350120048742763,0.7570784758357942,102800,-0.029272898961284266,0.05476864966949953,6863162281200,False,0.3275862068965517,0.1206896551724138,0.3275862068965517,125800.0,106000.0,0.18679245283018875,125800.0,-0.19793322734499208,-0.1828298887122417,140200.0,105500.0,-0.2667617689015692,-0.28031383737517834,-0.025592417061611417,0.3289099526066351,143700.0,105500.0,-0.28462073764787754,-0.2978427279053584,-0.025592417061611417,0.36208530805687206,143700.0,105500.0,-0.28462073764787754,-0.2978427279053584,-0.025592417061611417,0.36208530805687206,143700.0,103000.0,-0.28462073764787754,-0.2978427279053584,-0.001941747572815511,0.3951456310679612,,,,,,,,,,,,unavailable,False,outside_analysis,retrospective_snapshot,False,False,False,False,-0.21884498480243164,-0.09666080843585234,0.10651750972762646,0.09000609264690942,0.08246422691197064,0.3714036332786792,0.18776255707762557,2.35941006873198,-0.15500865639551775,-0.1349658187341113,,,,,,,,,,,,0.397212543554007,0.5400696864111498,True,False,False,False,False,False,False,False,False,,False,False,0,False,False,False,False,False,False,False,False,0,False,-0.12028639618138426,False,-0.038828337874659447,-0.1800166469277722,0.023625587745531917,0.010452961672473868,0.5574912891986062,False,universe_proxy,0.735191637630662,False,False,pending,False,기술조건 탈락,"탈락: Price Action, AVWAP·위치, 오후 흐름, 상대강도, 변동성"
2026-07-21,181710,market_cap_10000eok_plus,NHN,34800,127,1920157700,5138527455.0,0.37367859115583923,0.3871718748398711,34800,0.0043290043290042934,0.05916305916305916,1139809237200,False,0.4146341463414634,0.5853658536585366,0.2926829268292683,36400.0,33150.0,0.0980392156862746,36400.0,-0.06730769230769229,-0.04395604395604391,39750.0,34650.0,-0.12452830188679243,-0.14591194968553456,0.0043290043290042934,0.1471861471861472,40350.0,34650.0,-0.137546468401487,-0.1586121437422553,0.0043290043290042934,0.1645021645021645,40350.0,31500.0,-0.137546468401487,-0.1586121437422553,0.10476190476190483,0.28095238095238095,64900.0,31500.0,-0.46379044684129433,-0.4768875192604006,0.10476190476190483,1.0603174603174603,,,,,,,,,,,,unavailable,False,outside_analysis,retrospective_snapshot,False,False,False,False,-0.09019607843137256,-0.08781127129750987,0.0625,0.05444159970541197,0.059939562995214704,0.06418918918918903,0.32,4.425974393238778,-0.07585765029897695,-0.05507192377283798,,,,,,,,,,,,0.14634146341463414,0.07317073170731707,False,False,False,False,False,False,False,False,False,,False,False,0,False,False,False,False,False,False,False,False,0,False,-0.12028639618138426,False,-0.038828337874659447,-0.051367740556713115,0.032475124883874384,0.21254355400696864,0.5888501742160279,False,universe_proxy,0.3170731707317073,True,False,pending,False,기술조건 탈락,"탈락: 유동성, Price Action, AVWAP·위치, 오후 흐름, 상대강도"
2026-07-21,183300,market_cap_10000eok_plus,코미코,69200,127,7790527100,18279087340.0,0.4261989099943761,0.5282722879624461,69200,0.03129657228017879,0.06706408345752608,1421735452000,False,0.7777777777777778,0.2222222222222222,0.35555555555555557,68900.0,65600.0,0.05030487804878048,68900.0,-0.046444121915820036,0.004354136429608024,93000.0,66700.0,-0.2559139784946236,-0.2935483870967742,0.03748125937031488,0.39430284857571213,93000.0,65600.0,-0.2559139784946236,-0.2935483870967742,0.054878048780487854,0.4176829268292683,109700.0,65600.0,-0.36918869644484964,-0.4010938924339107,0.054878048780487854,0.6722560975609756,139200.0,65600.0,-0.5028735632183908,-0.5280172413793103,0.054878048780487854,1.1219512195121952,,,,,,,,,,,,unavailable,False,outside_analysis,retrospective_snapshot,False,False,False,False,-0.1306532663316583,-0.36688014638609334,0.13145127993393887,0.09830270834374234,0.10383556288506586,0.16492490145830208,0.1521476246564586,1.363965999516534,-0.06028912609354853,-0.06028912609354853,,,,,,,,,,,,0.43205574912891986,0.15331010452961671,True,False,False,False,False,False,False,False,False,,False,False,0,False,False,False,False,False,False,False,False,0,False,-0.12028639618138426,False,-0.038828337874659447,-0.09182492845699886,-0.24659375020470908,0.06620209059233449,0.08013937282229965,False,universe_proxy,0.8780487804878049,False,False,pending,False,기술조건 탈락,"탈락: Price Action, AVWAP·위치, 오후 흐름, 상대강도, 변동성"
2026-07-21,192080,market_cap_10000eok_plus,더블유게임즈,59200,127,3767592200,4215532522.5,0.8937405131832903,0.945683827411175,59200,-0.018242122719734688,0.03814262023217247,1253469305600,False,0.5217391304347826,0.4782608695652174,0.391304347826087,58700.0,60300.0,-0.026533996683250405,58700.0,-0.011925042589437829,0.008517887563884052,63400.0,58300.0,-0.06624605678233442,-0.08517350157728709,0.015437392795883298,0.08747855917667238,68900.0,58300.0,-0.14078374455732945,-0.158200290275762,0.015437392795883298,0.18181818181818182,68900.0,58000.0,-0.14078374455732945,-0.158200290275762,0.020689655172413834,0.1879310344827586,76500.0,50800.0,-0.22614379084967318,-0.24183006535947715,0.16535433070866135,0.5059055118110236,,,,,,,,,,,,unavailable,False,outside_analysis,retrospective_snapshot,False,False,False,False,-0.03109656301145658,-0.08074534161490687,0.06105212355212355,0.04871573737239883,0.055079441547944454,0.018011432485116607,0.3275889328063241,1.1663376361771032,-0.017442396058050647,-0.03803054464963085,,,,,,,,,,,,0.11149825783972125,0.8466898954703833,False,False,False,False,False,False,False,False,False,,False,False,0,False,False,False,False,False,False,False,False,0,False,-0.12028639618138426,False,-0.038828337874659447,0.007731774863202867,0.039541054566477385,0.578397212543554,0.5993031358885017,False,universe_proxy,0.30313588850174217,True,False,pending,False,기술조건 탈락,"탈락: 유동성, Price Action, AVWAP·위치, 오후 흐름, 상대강도"
2026-07-21,192820,market_cap_10000eok_plus,코스맥스,172200,127,8053653450,14915326262.5,0.5399582488683761,0.5294916749944276,172200,-0.008064516129032251,0.03513824884792627,1954385449800,False,0.2786885245901639,0.7213114754098361,0.0,172500.0,168400.0,0.02434679334916856,172500.0,-0.011594202898550732,-0.0017391304347825765,189500.0,172500.0,-0.09129287598944591,-0.10026385224274403,-0.0017391304347825765,0.09855072463768116,189500.0,168400.0,-0.09129287598944591,-0.10026385224274403,0.0225653206650831,0.12529691211401425,189500.0,141000.0,-0.09129287598944591,-0.10026385224274403,0.22127659574468095,0.34397163120567376,234500.0,141000.0,-0.26567164179104474,-0.27292110874200426,0.22127659574468095,0.6631205673758865,,,,,,,,,,,,unavailable,False,outside_analysis,retrospective_snapshot,False,False,False,False,-0.06565382528486163,0.10384615384615392,0.06873237099717937,0.050007351012955725,0.06580235261400993,0.0651247065881213,0.2909837054918527,1.7817991810271285,-0.03025017741292413,-0.031214784856874678,,,,,,,,,,,,0.37630662020905925,0.3310104529616725,True,False,False,False,False,False,False,False,False,,False,False,0,False,False,False,False,False,False,False,False,0,False,-0.12028639618138426,False,-0.038828337874659447,-0.026825487410202187,0.22413255002753818,0.3554006968641115,0.9303135888501742,False,universe_proxy,0.4076655052264808,True,False,pending,False,기술조건 탈락,"탈락: Price Action, AVWAP·위치, 오후 흐름, 상대강도"
2026-07-21,195940,market_cap_10000eok_plus,HK이노엔,37800,127,3780709700,6185215221.25,0.6112494981598939,0.6514608959403912,37800,0.012048192771084265,0.03748326639892905,1070869879800,False,0.8571428571428571,0.14285714285714285,0.42857142857142855,36950.0,37400.0,-0.012032085561497374,36950.0,-0.009472259810554773,0.023004059539918797,42150.0,36950.0,-0.10320284697508897,-0.1316725978647687,0.023004059539918797,0.14073071718538566,42400.0,36950.0,-0.10849056603773588,-0.1367924528301887,0.023004059539918797,0.14749661705006767,42850.0,36950.0,-0.117852975495916,-0.14585764294049008,0.023004059539918797,0.15967523680649526,55800.0,36950.0,-0.32258064516129037,-0.34408602150537637,0.023004059539918797,0.510148849797023,,,,,,,,,,,,unavailable,False,outside_analysis,retrospective_snapshot,False,False,False,False,-0.03448275862068961,-0.03448275862068961,0.05187074829931973,0.042654351281081866,0.05293681359271096,-0.12116361227644068,0.38557377049180325,1.2726171873967198,-0.005901611199607637,-0.05914429602288285,,,,,,,,,,,,0.18466898954703834,0.5017421602787456,False,False,False,False,False,False,False,False,False,,False,False,0,False,False,False,False,False,False,False,False,0,False,-0.12028639618138426,False,-0.038828337874659447,0.0043455792539698335,0.08580363756069465,0.5400696864111498,0.7003484320557491,False,universe_proxy,0.17770034843205576,True,False,pending,False,기술조건 탈락,"탈락: 유동성, Price Action, AVWAP·위치, 오후 흐름, 상대강도"
2026-07-21,196170,market_cap_10000eok_plus,알테오젠,273000,127,83977399250,175359785487.5,0.47888630233290336,0.589153815974532,273000,0.01298701298701288,0.0686456400742115,14629071639000,False,0.8378378378378378,0.16216216216216217,0.24324324324324326,253000.0,331500.0,-0.23680241327300156,253000.0,0.01778656126482203,0.07905138339920947,344000.0,253000.0,-0.20639534883720934,-0.251453488372093,0.07905138339920947,0.35968379446640314,346000.0,253000.0,-0.2109826589595376,-0.2557803468208093,0.07905138339920947,0.3675889328063241,397500.0,253000.0,-0.31320754716981136,-0.35220125786163525,0.07905138339920947,0.5711462450592886,405000.0,253000.0,-0.32592592592592595,-0.3641975308641975,0.07905138339920947,0.6007905138339921,,,,,,,,,,,,unavailable,False,outside_analysis,retrospective_snapshot,False,False,False,False,-0.13744075829383884,-0.2211126961483595,0.09406070120355835,0.08882096924762065,0.08307425184630826,0.05115502404279182,0.21262865090403338,2.68501164401853,-0.023968275990372878,-0.023968275990372878,1.0,61.0,15:30,exact_1530,-0.005464480874316946,3.2780262690805824,0.3333333333333333,-0.010869565217391353,0.0,0.19314491959240063,바이오,0.9094076655052264,0.24390243902439024,True,False,False,False,False,False,False,False,False,,False,False,0,True,True,False,False,False,True,False,True,1,False,-0.12028639618138426,True,-0.07871466812464645,-0.05872609016919239,-0.10082629996697523,0.5,0.3554006968641115,False,sector_constituent_proxy,0.6236933797909407,False,False,pending,False,기술조건 탈락,"탈락: Price Action, AVWAP·위치, 오후 흐름, 상대강도, 변동성"
2026-07-21,204320,market_cap_10000eok_plus,HL만도,43200,127,16296498800,41190639903.75,0.39563597064964184,0.4546207346476698,43200,0.027348394768133222,0.06777645659928656,2028547584000,False,0.6666666666666666,0.3333333333333333,0.14035087719298245,43800.0,45750.0,-0.042622950819672156,43800.0,-0.057077625570776225,-0.013698630136986356,52300.0,41850.0,-0.1739961759082218,-0.21032504780114725,0.032258064516129004,0.24970131421744324,52300.0,41850.0,-0.1739961759082218,-0.21032504780114725,0.032258064516129004,0.24970131421744324,64500.0,41850.0,-0.3302325581395349,-0.35968992248062015,0.032258064516129004,0.5412186379928315,79100.0,41850.0,-0.4538558786346397,-0.47787610619469023,0.032258064516129004,0.8900836320191159,,,,,,,,,,,,unavailable,False,outside_analysis,retrospective_snapshot,False,False,False,False,-0.09243697478991597,-0.24077328646748686,0.08052248677248677,0.0599398617189407,0.07772712804389861,-0.007212114982697693,0.24837782340862424,0.9123939950745193,-0.03648915783516482,-0.1069611120921321,,,,,,,,,,,,0.627177700348432,0.10104529616724739,True,False,False,False,False,False,False,False,False,,False,False,0,False,False,False,False,False,False,False,False,0,False,-0.12028639618138426,False,-0.038828337874659447,-0.053608636915256525,-0.1204868902861026,0.20209059233449478,0.313588850174216,False,universe_proxy,0.519163763066202,False,False,pending,False,기술조건 탈락,"탈락: Price Action, AVWAP·위치, 오후 흐름, 상대강도, 변동성"
2026-07-21,207940,market_cap_10000eok_plus,삼성바이오로직스,1395000,127,71942451000,76564243827.0,0.939635101243302,0.9305353815785801,1395000,0.037174721189590976,0.051301115241635685,64575876645000,False,0.7101449275362319,0.2898550724637681,0.30434782608695654,1304000.0,1258000.0,0.0365659777424483,1304000.0,0.03220858895705514,0.06978527607361973,1445000.0,1339000.0,-0.03460207612456745,-0.06851211072664365,0.041822255414488474,0.07916355489171023,1445000.0,1304000.0,-0.03460207612456745,-0.06851211072664365,0.06978527607361973,0.10812883435582822,1460000.0,1258000.0,-0.044520547945205435,-0.07808219178082187,0.10890302066772661,0.16057233704292528,1608000.0,1228000.0,-0.1324626865671642,-0.16293532338308458,0.1359934853420195,0.30944625407166126,,,,,,,,,,,,unavailable,False,outside_analysis,retrospective_snapshot,False,False,False,False,-0.0035714285714285587,0.07722007722007729,0.04874551971326165,0.045243540490164366,0.05458333375354629,-0.1477143743265581,0.4102941176470588,1.4799722344454016,0.012810665784239506,0.005856925499238663,5.0,61.0,15:30,exact_1530,-0.0064102564102563875,2.0320788077797425,0.2222222222222222,-0.009936124911284594,0.0,0.23233398494203264,바이오,0.7770034843205574,0.8850174216027874,True,False,False,False,False,False,False,False,False,,True,True,2,True,True,True,False,False,True,False,True,1,False,-0.12028639618138426,True,-0.07871466812464645,0.07514323955321789,0.19750647340146155,0.8333333333333334,0.9024390243902439,True,sector_constituent_proxy,0.13240418118466898,False,False,pending,False,기술조건 탈락,"탈락: Price Action, 오후 흐름, 변동성"
2026-07-21,214150,market_cap_10000eok_plus,클래시스,43750,127,5620530975,11449924573.2,0.49087930134977176,0.5258459959703973,43750,-0.0011415525114155667,0.0365296803652968,2854060081250,False,0.625,0.375,0.375,44300.0,42850.0,0.03383897316219375,44300.0,-0.03498871331828446,-0.01241534988713322,49950.0,42400.0,-0.1241241241241241,-0.14414414414414412,0.03183962264150941,0.17806603773584906,50100.0,42400.0,-0.12674650698602796,-0.1467065868263473,0.03183962264150941,0.18160377358490565,51000.0,42400.0,-0.1421568627450981,-0.16176470588235292,0.03183962264150941,0.2028301886792453,61200.0,40150.0,-0.28513071895424835,-0.30147058823529416,0.08966376089663752,0.5242839352428393,,,,,,,,,,,,unavailable,False,outside_analysis,retrospective_snapshot,False,False,False,False,-0.07797681770284515,-0.05405405405405406,0.06391836734693877,0.049217776527822686,0.0629619889308668,-0.0522104591836734,0.3128991060025543,1.1734430201723247,-0.06152490623234763,-0.06001589381033623,,,,,,,,,,,,0.30662020905923343,0.2682926829268293,True,False,False,False,False,False,False,False,False,,False,False,0,False,False,False,False,False,False,False,False,0,False,-0.12028639618138426,False,-0.038828337874659447,-0.0391484798281857,0.0662323421273302,0.26480836236933797,0.6515679442508711,False,universe_proxy,0.34843205574912894,True,False,pending,False,기술조건 탈락,"탈락: Price Action, AVWAP·위치, 오후 흐름, 상대강도"
2026-07-21,214370,market_cap_10000eok_plus,케어젠,56500,127,8679300550,5829666697.5,1.4888159135619263,1.7799883357577104,56500,-0.05833333333333335,0.13,3034897500000,False,0.5384615384615384,0.01282051282051282,0.5384615384615384,54700.0,62400.0,-0.1233974358974359,54700.0,-0.04387568555758681,0.03290676416819016,68200.0,57500.0,-0.17155425219941345,-0.23313782991202348,-0.017391304347826098,0.18608695652173912,72200.0,54700.0,-0.2174515235457064,-0.275623268698061,0.03290676416819016,0.31992687385740404,76800.0,54700.0,-0.26432291666666663,-0.31901041666666663,0.03290676416819016,0.4040219378427788,112300.0,54700.0,-0.4968833481745325,-0.5342831700801425,0.03290676416819016,1.053016453382084,,,,,,,,,,,,unavailable,False,outside_analysis,retrospective_snapshot,False,False,False,False,-0.1116352201257862,-0.22496570644718794,0.11567635903919089,0.08690654785576649,0.09927730967767244,0.033081545521520095,0.17289617486338799,2.325349571277757,-0.06684660906922235,-0.06684660906922235,,,,,,,,,,,,0.17073170731707318,0.975609756097561,False,False,False,False,False,False,False,True,True,C,False,False,0,False,False,False,False,False,False,False,False,0,False,-0.12028639618138426,False,-0.038828337874659447,-0.07280688225112675,-0.10467931026580368,0.1254355400696864,0.34494773519163763,False,universe_proxy,0.8083623693379791,False,False,pending,False,기술조건 탈락,"탈락: 유동성, AVWAP·위치, 오후 흐름, 상대강도, 변동성"
2026-07-21,214450,market_cap_10000eok_plus,파마리서치,341500,127,50594694750,65799839337.5,0.7689182110383295,0.7569395841949714,341500,0.04434250764525993,0.07951070336391437,3548064792000,False,0.7692307692307693,0.23076923076923078,0.23076923076923078,300500.0,303500.0,-0.009884678747940745,300500.0,0.06988352745424287,0.13643926788685534,353500.0,300500.0,-0.0339462517680339,-0.09052333804809054,0.13643926788685534,0.17637271214642264,354500.0,300500.0,-0.03667136812411853,-0.09308885754583918,0.13643926788685534,0.17970049916805325,378500.0,276000.0,-0.09775429326287977,-0.1505944517833554,0.2373188405797102,0.3713768115942029,378500.0,255000.0,-0.09775429326287977,-0.1505944517833554,0.3392156862745097,0.4843137254901961,,,,,,,,,,,,unavailable,False,outside_analysis,retrospective_snapshot,False,False,False,False,0.033282904689863946,0.16354344122657571,0.08366450533361222,0.07851349444835061,0.08499298475833374,-0.08048535349495556,0.23904999999999998,4.3967810625853225,0.02955670091990803,0.0014596090073701884,,,,,,,,,,,,0.7317073170731707,0.7282229965156795,True,False,False,False,False,False,False,False,False,,True,True,2,False,False,False,False,False,False,False,False,0,False,-0.12028639618138426,False,-0.038828337874659447,0.07211124256452339,0.28382983740796,0.9233449477351916,0.9616724738675958,True,universe_proxy,0.5400696864111498,False,False,pending,False,기술조건 탈락,"탈락: Price Action, AVWAP·위치, 오후 흐름, 변동성"
2026-07-21,218410,market_cap_10000eok_plus,RFHIC,43550,127,8217776600,16349874442.5,0.5026201656104858,0.6553048888810086,43550,0.038140643623361115,0.09654350417163289,1156402399100,False,0.7530864197530864,0.24691358024691357,0.35802469135802467,41800.0,45000.0,-0.07111111111111112,41800.0,-0.031100478468899517,0.04186602870813405,53000.0,41450.0,-0.17830188679245285,-0.23584905660377353,0.0506634499396863,0.27864897466827504,60500.0,41450.0,-0.2801652892561983,-0.3305785123966942,0.0506634499396863,0.45958986731001206,75600.0,41450.0,-0.42394179894179895,-0.4642857142857143,0.0506634499396863,0.8238841978287093,126900.0,41450.0,-0.656816390858944,-0.6808510638297872,0.0506634499396863,2.0615199034981906,,,,,,,,,,,,unavailable,False,outside_analysis,retrospective_snapshot,False,False,False,False,-0.07635206786850479,-0.4074829931972789,0.13154010168935543,0.10714003869574143,0.0996815459392825,0.08537026406429393,0.15204488778054862,2.566566608238001,-0.047048638266423026,-0.09382821782740502,,,,,,,,,,,,0.40069686411149824,0.2961672473867596,True,False,False,False,False,False,False,False,False,,False,False,0,False,False,False,False,False,False,False,False,0,False,-0.12028639618138426,False,-0.038828337874659447,-0.037523729993845345,-0.2871965970158946,0.27526132404181186,0.041811846689895474,False,universe_proxy,0.8815331010452961,False,False,pending,False,기술조건 탈락,"탈락: Price Action, AVWAP·위치, 오후 흐름, 상대강도, 변동성"
2026-07-21,222800,market_cap_10000eok_plus,심텍,100900,127,41220374850,103424124275.0,0.3985566727197701,0.49493901014733643,100900,0.014070351758793898,0.07236180904522613,3780110637900,False,0.6388888888888888,0.3611111111111111,0.5277777777777778,99600.0,100600.0,-0.00994035785288272,99600.0,-0.033132530120481896,0.013052208835341306,129500.0,98600.0,-0.22084942084942083,-0.25637065637065637,0.0233265720081135,0.3133874239350913,129500.0,98600.0,-0.22084942084942083,-0.25637065637065637,0.0233265720081135,0.3133874239350913,164200.0,98600.0,-0.3855054811205847,-0.4135200974421437,0.0233265720081135,0.665314401622718,164200.0,77600.0,-0.3855054811205847,-0.4135200974421437,0.30025773195876293,1.115979381443299,,,,,,,,,,,,unavailable,False,outside_analysis,retrospective_snapshot,False,False,False,False,-0.06660499537465314,-0.2470149253731343,0.1678465241398839,0.10627719909144975,0.1270830542511318,-0.012368080741445131,0.1191564740615774,1.4684974644674913,-0.06879195099916247,-0.1666348232939855,,,,,,,,,,,,0.8362369337979094,0.10801393728222997,True,False,False,False,False,False,False,False,False,,False,False,0,False,False,False,False,False,False,False,False,0,False,-0.12028639618138426,False,-0.038828337874659447,-0.027776657499993695,-0.12672852919175004,0.34843205574912894,0.289198606271777,False,universe_proxy,0.9721254355400697,False,False,pending,False,기술조건 탈락,"탈락: Price Action, AVWAP·위치, 오후 흐름, 상대강도, 변동성"
2026-07-21,226950,market_cap_10000eok_plus,올릭스,109200,127,39719576500,48914900462.5,0.8120138469963876,1.0800067777187734,109200,-0.04878048780487809,0.09843205574912892,2292379143600,False,0.5752212389380531,0.0,0.5752212389380531,113000.0,119100.0,-0.05121746431570107,113000.0,-0.09115044247787607,-0.03362831858407078,141800.0,114000.0,-0.22990126939351196,-0.2757404795486601,-0.04210526315789476,0.24385964912280703,150800.0,113000.0,-0.27586206896551724,-0.31896551724137934,-0.03362831858407078,0.3345132743362832,179400.0,113000.0,-0.3913043478260869,-0.427536231884058,-0.03362831858407078,0.5876106194690266,197000.0,112000.0,-0.4456852791878173,-0.47868020304568526,-0.025000000000000022,0.7589285714285714,,,,,,,,,,,,unavailable,False,outside_analysis,retrospective_snapshot,False,False,False,False,-0.1435294117647059,-0.1644988523335884,0.157705389848247,0.10220196650123883,0.12420270204505064,0.027387302478543374,0.12681874740771462,2.3270734286897343,-0.11520764505302228,-0.22613419615560282,,,,,,,,,,,,0.6689895470383276,0.7909407665505227,True,False,False,False,False,False,False,False,False,,False,False,0,False,False,False,False,False,False,False,False,0,False,-0.12028639618138426,False,-0.038828337874659447,-0.10470107389004646,-0.04421245615220415,0.04529616724738676,0.4564459930313589,False,universe_proxy,0.9547038327526133,False,False,pending,False,기술조건 탈락,"탈락: Price Action, AVWAP·위치, 오후 흐름, 상대강도, 변동성"
2026-07-21,229640,market_cap_10000eok_plus,LS에코에너지,42650,127,2940169900,6042928026.25,0.4865472312806201,0.5910988150545492,42650,0.05569306930693063,0.07054455445544554,1306151089350,False,1.0,0.0,0.07017543859649122,40900.0,41550.0,-0.01564380264741272,40900.0,-0.02689486552567233,0.04278728606356963,47200.0,40400.0,-0.09639830508474578,-0.15677966101694918,0.05569306930693063,0.16831683168316833,52400.0,40400.0,-0.18606870229007633,-0.24045801526717558,0.05569306930693063,0.297029702970297,62000.0,40400.0,-0.3120967741935484,-0.35806451612903223,0.05569306930693063,0.5346534653465347,109800.0,40400.0,-0.6115664845173041,-0.6375227686703097,0.05569306930693063,1.7178217821782178,,,,,,,,,,,,unavailable,False,outside_analysis,retrospective_snapshot,False,False,False,False,-0.004667444574095736,-0.26592082616179,0.10961313012895663,0.06302101552276769,0.08919749932926596,-0.11794880262426455,0.18245989304812835,1.6305244881392622,-0.006479931941955064,-0.12297019595115255,,,,,,,,,,,,0.17770034843205576,0.2578397212543554,False,False,False,False,False,False,False,False,False,,False,False,0,False,False,False,False,False,False,False,False,0,False,-0.12028639618138426,False,-0.038828337874659447,0.03416089330056371,-0.14563442998040577,0.7630662020905923,0.2613240418118467,False,universe_proxy,0.7526132404181185,False,False,pending,False,기술조건 탈락,"탈락: 유동성, Price Action, AVWAP·위치, 오후 흐름, 상대강도, 변동성"
2026-07-21,237690,market_cap_10000eok_plus,에스티팜,114000,127,10445190100,16594531825.0,0.6294356605025825,0.6938001602476072,114000,0.0008779631255486642,0.09833187006145742,2379845532000,False,0.3392857142857143,0.6607142857142857,0.25892857142857145,117100.0,114000.0,0.027192982456140324,117100.0,-0.05892399658411618,-0.026473099914602893,135400.0,112900.0,-0.15805022156573112,-0.18611521418020682,0.009743135518157642,0.19929140832595216,135400.0,112900.0,-0.15805022156573112,-0.18611521418020682,0.009743135518157642,0.19929140832595216,137100.0,112900.0,-0.16849015317286653,-0.19620714806710426,0.009743135518157642,0.21434898139946856,172100.0,108500.0,-0.3375944218477629,-0.3596746077861709,0.05069124423963123,0.5861751152073733,,,,,,,,,,,,unavailable,False,outside_analysis,retrospective_snapshot,False,False,False,False,-0.09451945988880062,-0.03797468354430378,0.08659147869674184,0.0874198072059768,0.07717898316470463,0.15363673734601035,0.23096960926193924,2.5060533399040947,-0.07791886175633311,-0.09895573890873233,,,,,,,,,,,,0.41114982578397213,0.5296167247386759,True,False,False,False,False,False,False,False,False,,False,False,0,False,False,False,False,False,False,False,False,0,False,-0.12028639618138426,False,-0.038828337874659447,-0.05569112201414117,0.08231171263708048,0.18118466898954705,0.686411149825784,False,universe_proxy,0.5644599303135889,False,False,pending,False,기술조건 탈락,"탈락: Price Action, AVWAP·위치, 오후 흐름, 상대강도, 변동성"
2026-07-21,240810,market_cap_10000eok_plus,원익IPS,116100,127,135182210400,323243679227.5,0.418205270782289,0.5208307062073633,116100,0.008688097306689846,0.0842745438748914,5698640906100,False,0.7319587628865979,0.26804123711340205,0.6391752577319587,100500.0,143000.0,-0.2972027972027972,100500.0,0.08457711442786064,0.15522388059701497,148100.0,113300.0,-0.21607022282241728,-0.26401080351114115,0.024713150926743088,0.30714916151809357,148100.0,100500.0,-0.21607022282241728,-0.26401080351114115,0.15522388059701497,0.4736318407960199,187800.0,100500.0,-0.3817891373801917,-0.4195953141640043,0.15522388059701497,0.8686567164179104,187800.0,96000.0,-0.3817891373801917,-0.4195953141640043,0.2093750000000001,0.95625,,,,,,,,,,,,unavailable,False,outside_analysis,retrospective_snapshot,False,False,False,False,-0.06971153846153844,-0.3269565217391305,0.16368278577580903,0.13431126446394623,0.13283439957703685,0.014316592684850304,0.12218755872956212,3.0619145694276333,-0.07506612119749301,-0.13195782615636997,3.0,61.0,15:30,exact_1530,-0.0059931506849315586,2.4900308295156597,0.14285714285714285,-0.020253164556962022,0.0,0.2061672216780378,반도체 장비,0.9721254355400697,0.13588850174216027,True,False,False,False,False,False,False,False,False,,False,False,0,True,True,False,False,False,True,False,True,1,False,-0.12028639618138426,True,-0.07326408230546239,0.00355254384392395,-0.20667012555774622,0.75,0.15331010452961671,False,sector_constituent_proxy,0.9651567944250871,False,False,pending,False,기술조건 탈락,"탈락: Price Action, AVWAP·위치, 오후 흐름, 상대강도, 변동성"
2026-07-21,241560,market_cap_10000eok_plus,두산밥캣,60700,127,7411260300,14477013842.5,0.5119329428450811,0.5269487726499419,60700,0.015050167224080369,0.038461538461538464,5818463145500,False,0.4782608695652174,0.5217391304347826,0.21739130434782608,58300.0,61400.0,-0.050488599348534224,58300.0,0.022298456260720467,0.04116638078902235,66400.0,59600.0,-0.08584337349397586,-0.10240963855421692,0.01845637583892623,0.11409395973154363,66400.0,58300.0,-0.08584337349397586,-0.10240963855421692,0.04116638078902235,0.13893653516295026,66400.0,58000.0,-0.08584337349397586,-0.10240963855421692,0.04655172413793096,0.14482758620689656,79700.0,58000.0,-0.23839397741530743,-0.2521957340025094,0.04655172413793096,0.3741379310344828,,,,,,,,,,,,unavailable,False,outside_analysis,retrospective_snapshot,False,False,False,False,-0.01461038961038963,-0.06037151702786381,0.05742527653565545,0.04916211227541117,0.05433620417896219,-0.02320397466766755,0.34827868852459015,1.1419439589470515,-0.024978515736874263,-0.02730729307345303,,,,,,,,,,,,0.3623693379790941,0.31010452961672474,True,False,False,False,False,False,False,False,False,,False,False,0,False,False,False,False,False,False,False,False,0,False,-0.12028639618138426,False,-0.038828337874659447,0.024217948264269817,0.05991487915352045,0.6898954703832753,0.6341463414634146,True,universe_proxy,0.2508710801393728,True,False,pending,False,기술조건 탈락,"탈락: Price Action, AVWAP·위치, 오후 흐름"
2026-07-21,247540,market_cap_10000eok_plus,에코프로비엠,105900,127,30192497450,82926716667.5,0.36408649303045193,0.4600329978851312,105900,0.01729106628242083,0.05475504322766571,10360242960600,False,0.7543859649122807,0.24561403508771928,0.24561403508771928,108100.0,109400.0,-0.01188299817184646,108100.0,-0.0601295097132285,-0.020351526364477346,126900.0,103100.0,-0.16548463356973997,-0.1993695823483057,0.027158098933074637,0.23084384093113483,126900.0,103100.0,-0.16548463356973997,-0.1993695823483057,0.027158098933074637,0.23084384093113483,171500.0,103100.0,-0.3825072886297376,-0.40758017492711374,0.027158098933074637,0.6634335596508244,243500.0,103100.0,-0.5650924024640658,-0.5827515400410678,0.027158098933074637,1.361784675072745,,,,,,,,,,,,unavailable,False,outside_analysis,retrospective_snapshot,False,False,False,False,-0.11602671118530883,-0.36472705458908217,0.09173074328881693,0.07557497963060873,0.08403279841424822,-0.04795295393562027,0.21802941176470592,2.2476432687125523,-0.06105505923619814,-0.12492435649630063,,,,,,,,,,,,0.794425087108014,0.0627177700348432,False,False,False,False,False,False,False,False,False,,False,False,0,False,False,False,False,False,False,False,False,0,False,-0.12028639618138426,False,-0.038828337874659447,-0.07719837331064938,-0.2444406584076979,0.10452961672473868,0.08362369337979095,False,universe_proxy,0.6027874564459931,False,False,pending,False,기술조건 탈락,"탈락: 유동성, Price Action, AVWAP·위치, 오후 흐름, 상대강도, 변동성"
2026-07-21,251270,market_cap_10000eok_plus,넷마블,35000,127,5649985250,6924561031.25,0.8159340678061845,0.8688952359092645,35000,0.002865329512893977,0.04154727793696275,2867709985000,False,0.5517241379310345,0.4482758620689655,0.41379310344827586,37500.0,36900.0,0.016260162601626105,37500.0,-0.08799999999999997,-0.06666666666666665,38550.0,34800.0,-0.09208819714656291,-0.11284046692607008,0.005747126436781658,0.10775862068965517,39900.0,34800.0,-0.1228070175438597,-0.1428571428571429,0.005747126436781658,0.14655172413793102,40750.0,34450.0,-0.14110429447852757,-0.16073619631901837,0.0159651669085632,0.18287373004354138,52200.0,34450.0,-0.32950191570881227,-0.3448275862068966,0.0159651669085632,0.5152394775036284,,,,,,,,,,,,unavailable,False,outside_analysis,retrospective_snapshot,False,False,False,False,-0.08256880733944949,-0.08854166666666663,0.04357142857142857,0.042580291535820235,0.04427611248860179,-0.00336188436830831,0.45901639344262296,1.3324412765251643,-0.0482013212177268,-0.019430774240703386,,,,,,,,,,,,0.20905923344947736,0.794425087108014,True,False,False,False,False,False,False,False,False,,False,False,0,False,False,False,False,False,False,False,False,0,False,-0.12028639618138426,False,-0.038828337874659447,-0.043740469464790044,0.03174472951471763,0.24390243902439024,0.578397212543554,False,universe_proxy,0.06968641114982578,False,False,pending,False,기술조건 탈락,"탈락: Price Action, AVWAP·위치, 오후 흐름, 상대강도, 변동성"
2026-07-21,257720,market_cap_10000eok_plus,실리콘투,35650,127,17281912850,21383590550.0,0.8081857352061953,0.8089082696106326,35650,0.03483309143686508,0.08853410740203194,2337793383800,False,0.7868852459016393,0.21311475409836064,0.4098360655737705,35100.0,29850.0,0.1758793969849246,35100.0,-0.05270655270655267,0.015669515669515688,40450.0,33750.0,-0.1186650185414091,-0.17799752781211375,0.05629629629629629,0.1985185185185185,40450.0,33750.0,-0.1186650185414091,-0.17799752781211375,0.05629629629629629,0.1985185185185185,40450.0,29850.0,-0.1186650185414091,-0.17799752781211375,0.19430485762144056,0.35510887772194305,50500.0,29850.0,-0.2940594059405941,-0.34158415841584155,0.19430485762144056,0.6917922948073701,,,,,,,,,,,,unavailable,False,outside_analysis,retrospective_snapshot,False,False,False,False,-0.07040417209908734,0.027377521613832778,0.07473452213985173,0.0593540586738418,0.07243214197667125,0.055920129918062944,0.2676139410187668,1.9582773502909556,-0.026035250827183498,-0.03512838661816453,,,,,,,,,,,,0.45993031358885017,0.7804878048780488,True,False,False,False,False,False,False,False,False,,False,False,0,False,False,False,False,False,False,False,False,0,False,-0.12028639618138426,False,-0.038828337874659447,-0.03157583422442789,0.14766391779521704,0.313588850174216,0.8466898954703833,False,universe_proxy,0.47735191637630664,True,False,pending,False,기술조건 탈락,"탈락: Price Action, AVWAP·위치, 오후 흐름, 상대강도"
2026-07-21,259960,market_cap_10000eok_plus,크래프톤,234500,127,25732594750,27290632030.0,0.9429094467915846,0.9337631755379369,234500,0.053932584269662964,0.0853932584269663,10819321838500,False,0.6842105263157895,0.3157894736842105,0.0,232500.0,230000.0,0.010869565217391353,232500.0,-0.047311827956989294,0.008602150537634357,242000.0,222000.0,-0.030991735537190035,-0.08471074380165289,0.056306306306306286,0.09009009009009009,251500.0,222000.0,-0.06759443339960236,-0.11928429423459241,0.056306306306306286,0.13288288288288289,251500.0,199300.0,-0.06759443339960236,-0.11928429423459241,0.1766181635725037,0.26191670847967885,303500.0,199300.0,-0.2273476112026359,-0.27018121911037896,0.1766181635725037,0.5228299046663322,,,,,,,,,,,,unavailable,False,outside_analysis,retrospective_snapshot,False,False,False,False,-0.014705882352941124,0.04222222222222216,0.058330795004568996,0.06506982067400471,0.06109139955088928,0.0008146702122755478,0.3428720626631854,1.7107212906052645,-0.004158709784343406,-0.013073277260837513,,,,,,,,,,,,0.5226480836236934,0.8885017421602788,True,False,False,False,False,False,False,False,False,,False,False,0,False,False,False,False,False,False,False,False,0,False,-0.12028639618138426,False,-0.038828337874659447,0.024122455521718322,0.16250861840360642,0.686411149825784,0.8606271777003485,True,universe_proxy,0.2578397212543554,True,False,pending,False,기술조건 탈락,"탈락: Price Action, AVWAP·위치, 오후 흐름"
2026-07-21,263750,market_cap_10000eok_plus,펄어비스,33350,127,5426889950,11048241223.75,0.49119944433635404,0.5396201310930977,33350,0.0167682926829269,0.05030487804878049,2095844398500,False,0.7878787878787878,0.21212121212121213,0.24242424242424243,33600.0,35650.0,-0.057503506311360475,33600.0,-0.04613095238095233,-0.007440476190476164,38250.0,32600.0,-0.12810457516339868,-0.16209150326797384,0.02300613496932513,0.17331288343558282,38250.0,32600.0,-0.12810457516339868,-0.16209150326797384,0.02300613496932513,0.17331288343558282,40450.0,32600.0,-0.1755253399258344,-0.20766378244746597,0.02300613496932513,0.24079754601226994,62400.0,32600.0,-0.4655448717948718,-0.4863782051282052,0.02300613496932513,0.9141104294478528,,,,,,,,,,,,unavailable,False,outside_analysis,retrospective_snapshot,False,False,False,False,-0.049857549857549865,-0.12467191601049865,0.05365174555579353,0.039010268644307136,0.05140428954463304,-0.0733051751804239,0.37277445109780444,1.0768851505369232,-0.017300133092249315,-0.05151691679913961,,,,,,,,,,,,0.2961672473867596,0.27177700348432055,True,False,False,False,False,False,False,False,False,,False,False,0,False,False,False,False,False,False,False,False,0,False,-0.12028639618138426,False,-0.038828337874659447,-0.011029211982890419,-0.004385519829114393,0.4250871080139373,0.49825783972125437,False,universe_proxy,0.20905923344947736,True,False,pending,False,기술조건 탈락,"탈락: Price Action, AVWAP·위치, 오후 흐름, 상대강도"
2026-07-21,267250,market_cap_10000eok_plus,HD현대,198000,127,30815556700,35235739117.5,0.8745540031738771,0.8981001528049637,198000,0.002024291497975783,0.05263157894736842,15640630830000,False,0.6153846153846154,0.38461538461538464,0.5865384615384616,186000.0,185000.0,0.00540540540540535,186000.0,0.03010752688172036,0.06451612903225801,209500.0,186000.0,-0.054892601431980936,-0.08544152744630074,0.06451612903225801,0.12634408602150538,215500.0,185000.0,-0.08120649651972156,-0.11090487238979119,0.07027027027027022,0.16486486486486487,233000.0,184500.0,-0.15021459227467815,-0.1776824034334764,0.07317073170731714,0.26287262872628725,333000.0,184500.0,-0.4054054054054054,-0.4246246246246246,0.07317073170731714,0.8048780487804879,,,,,,,,,,,,unavailable,False,outside_analysis,retrospective_snapshot,False,False,False,False,0.0,-0.1160714285714286,0.07736291486291487,0.06643792976125222,0.07051570809107235,0.033743070619426385,0.25852179995336905,1.596505148879624,-0.0027331915290697006,-0.013900799851376155,,,,,,,,,,,,0.5749128919860628,0.8292682926829268,True,False,False,False,False,False,False,False,False,,False,False,0,False,False,False,False,False,False,False,False,0,False,-0.12028639618138426,False,-0.038828337874659447,0.038828337874659447,0.0042149676099556554,0.7961672473867596,0.5052264808362369,False,universe_proxy,0.5017421602787456,True,False,pending,False,기술조건 탈락,"탈락: Price Action, AVWAP·위치, 오후 흐름, 상대강도"
2026-07-21,267260,market_cap_10000eok_plus,HD현대일렉트릭,778000,127,101750730000,160420839801.5,0.6342737647172484,0.7483354257274806,778000,0.034574468085106336,0.09707446808510638,28044671030000,False,0.8356164383561644,0.1643835616438356,0.3835616438356164,756000.0,850000.0,-0.11058823529411765,756000.0,-0.051587301587301626,0.02910052910052907,855000.0,744000.0,-0.09005847953216373,-0.16140350877192977,0.045698924731182755,0.14919354838709678,953000.0,744000.0,-0.18363064008394547,-0.24763903462749215,0.045698924731182755,0.28091397849462363,1103000.0,744000.0,-0.2946509519492294,-0.3499546690843155,0.045698924731182755,0.4825268817204301,1430000.0,744000.0,-0.45594405594405596,-0.4986013986013986,0.045698924731182755,0.9220430107526881,,,,,,,,,,,,unavailable,False,outside_analysis,retrospective_snapshot,False,False,False,False,-0.012690355329949221,-0.24685382381413357,0.09768637532133675,0.0623985569274659,0.08072215262202664,-0.07890932261112205,0.20473684210526316,1.3281370490611522,-0.013336527324821823,-0.03304945510278978,4.0,61.0,15:30,exact_1530,0.003870967741935516,6.29592684954281,0.8666666666666667,-0.002564102564102555,0.0,0.26293991207375617,에너지,0.9024390243902439,0.5365853658536586,True,False,False,False,False,False,False,False,False,,False,False,0,True,True,False,True,False,True,True,True,3,True,-0.12028639618138426,True,-0.012690355329949221,0.0,-0.1265674276327493,0.6666666666666666,0.2926829268292683,False,sector_constituent_proxy,0.6515679442508711,False,False,pending,False,기술조건 탈락,"탈락: Price Action, AVWAP·위치, 상대강도, 변동성"
2026-07-21,267270,market_cap_10000eok_plus,HD건설기계,122200,127,24840939550,38004076359.9,0.6536388179719299,0.6669040885670023,122200,0.009083402146985886,0.06523534269199009,5856055813400,False,0.8227848101265823,0.17721518987341772,0.3291139240506329,119100.0,116900.0,0.018819503849443864,119100.0,-0.028547439126784258,0.02602854743912686,136100.0,119100.0,-0.10213078618662752,-0.14988978692138133,0.02602854743912686,0.14273719563392107,136100.0,116900.0,-0.10213078618662752,-0.14988978692138133,0.04533789563729673,0.16424294268605646,137500.0,104800.0,-0.1112727272727273,-0.15854545454545454,0.166030534351145,0.31202290076335876,217500.0,104800.0,-0.43816091954022984,-0.4680459770114943,0.166030534351145,1.075381679389313,,,,,,,,,,,,unavailable,False,outside_analysis,retrospective_snapshot,False,False,False,False,-0.03779527559055118,-0.0777358490566038,0.07563712882861819,0.0692597370986201,0.07436224571216368,0.05146845236343345,0.2644204018547141,1.1002664164474456,-0.027348619932235696,-0.0036886506889457493,,,,,,,,,,,,0.6062717770034843,0.5644599303135889,True,False,False,False,False,False,False,False,False,,False,False,0,False,False,False,False,False,False,False,False,0,False,-0.12028639618138426,False,-0.038828337874659447,0.001033062284108266,0.04255054712478046,0.5087108013937283,0.6027874564459931,False,universe_proxy,0.4843205574912892,True,False,pending,False,기술조건 탈락,"탈락: Price Action, AVWAP·위치, 오후 흐름, 상대강도"
2026-07-21,271560,market_cap_10000eok_plus,오리온,128000,127,12792999500,16104229835.0,0.7943875386202224,0.8265187217486382,128000,0.007874015748031482,0.03937007874015748,5059684864000,False,0.76,0.24,0.4,120300.0,125000.0,-0.03759999999999997,120300.0,0.032418952618453956,0.06400665004156281,138200.0,123900.0,-0.0738060781476122,-0.10130246020260492,0.03309120258272791,0.11541565778853914,143200.0,123900.0,-0.1061452513966481,-0.13268156424581,0.03309120258272791,0.15577078288942695,145300.0,120300.0,-0.11906400550584995,-0.14521679284239508,0.06400665004156281,0.20781379883624274,150100.0,120300.0,-0.14723517654896734,-0.1725516322451699,0.06400665004156281,0.24771404821280132,,,,,,,,,,,,unavailable,False,outside_analysis,retrospective_snapshot,False,False,False,False,-0.04263275991024684,-0.016141429669485063,0.05044642857142857,0.04580674255904701,0.047998885959278634,0.003460414452709948,0.39646017699115044,1.4398393442415898,-0.03777544122142562,-0.05171460672384709,,,,,,,,,,,,0.39372822299651566,0.7526132404181185,True,False,False,False,False,False,False,False,False,,False,False,0,False,False,False,False,False,False,False,False,0,False,-0.12028639618138426,False,-0.038828337874659447,-0.003804422035587396,0.1041449665118992,0.4738675958188153,0.7456445993031359,False,universe_proxy,0.14982578397212543,False,False,pending,False,기술조건 탈락,"탈락: Price Action, AVWAP·위치, 오후 흐름, 상대강도, 변동성"
2026-07-21,272210,market_cap_10000eok_plus,한화시스템,60600,127,30346079650,52347048865.0,0.5797094642003751,0.6957029213725683,60600,-0.008183306055646433,0.054009819967266774,11448514973400,False,0.45454545454545453,0.5454545454545454,0.42424242424242425,60900.0,63500.0,-0.04094488188976375,60900.0,-0.029556650246305383,-0.0049261083743842304,73100.0,60700.0,-0.1709986320109439,-0.19151846785225723,-0.0016474464579900872,0.2042833607907743,87900.0,60700.0,-0.31058020477815695,-0.32764505119453924,-0.0016474464579900872,0.44810543657331137,92600.0,60700.0,-0.3455723542116631,-0.36177105831533474,-0.0016474464579900872,0.5255354200988468,137700.0,60700.0,-0.5599128540305012,-0.5708061002178649,-0.0016474464579900872,1.2685337726523889,,,,,,,,,,,,unavailable,False,outside_analysis,retrospective_snapshot,False,False,False,False,-0.0887218045112782,-0.32290502793296094,0.11633663366336634,0.07245714517573165,0.08631466198839759,0.059778923097789205,0.17191489361702128,1.437086719046962,-0.04855348735244425,-0.11653479248109777,,,,,,,,,,,,0.6724738675958188,0.42857142857142855,True,False,False,False,False,False,False,False,False,,False,False,0,False,False,False,False,False,False,False,False,0,False,-0.12028639618138426,False,-0.038828337874659447,-0.049893466636618755,-0.20261863175157668,0.21951219512195122,0.1602787456445993,False,universe_proxy,0.8153310104529616,False,False,pending,False,기술조건 탈락,"탈락: Price Action, AVWAP·위치, 오후 흐름, 상대강도, 변동성"
2026-07-21,277810,market_cap_10000eok_plus,레인보우로보틱스,411500,127,87823937750,40463234637.5,2.1704626072728166,2.5374840726963117,411500,0.09733333333333327,0.20933333333333334,7983041567000,False,0.5923566878980892,0.40764331210191085,0.12101910828025478,377000.0,417500.0,-0.0970059880239521,377000.0,-0.03183023872679047,0.09151193633952248,468000.0,372500.0,-0.12072649572649574,-0.22008547008547008,0.1046979865771811,0.2563758389261745,504000.0,372500.0,-0.18353174603174605,-0.2757936507936508,0.1046979865771811,0.3530201342281879,590000.0,372500.0,-0.3025423728813559,-0.3813559322033898,0.1046979865771811,0.5838926174496645,979000.0,372500.0,-0.5796731358529111,-0.6271705822267619,0.1046979865771811,1.6281879194630873,,,,,,,,,,,,unavailable,False,outside_analysis,retrospective_snapshot,False,False,False,False,-0.008433734939759074,-0.28184991273996507,0.10558062836313141,0.1045022518588709,0.09010352812984421,0.049035401094131625,0.18942868886148787,2.5374840726963117,0.017804328578726603,0.011885245901654296,0.0,61.0,15:30,exact_1530,0.007343941248469932,2.8878837719298245,0.4444444444444444,-0.01200480192076836,0.0,0.13182635690617492,로봇,0.6236933797909407,0.9895470383275261,True,False,False,False,False,False,False,False,False,,True,True,2,True,True,True,True,True,True,False,True,3,True,-0.12028639618138426,True,-0.016410256410256396,0.007976521470497322,-0.1615635165585808,0.8,0.24041811846689895,False,sector_constituent_proxy,0.7282229965156795,False,False,pending,False,기술조건 탈락,"탈락: Price Action, 상대강도, 변동성"
2026-07-21,278470,market_cap_10000eok_plus,에이피알,365000,127,48408940250,105369724227.5,0.4594198248586282,0.47842649224822775,365000,-0.008152173913043459,0.04076086956521739,13664926575000,False,0.26666666666666666,0.7333333333333333,0.26666666666666666,361500.0,360000.0,0.004166666666666652,361500.0,-0.0013831258644536604,0.009681881051175623,402500.0,361500.0,-0.09316770186335399,-0.10310559006211184,0.009681881051175623,0.11341632088520055,414500.0,360000.0,-0.11942098914354649,-0.12907117008443914,0.01388888888888884,0.15138888888888888,433500.0,342500.0,-0.15801614763552485,-0.1672433679354095,0.06569343065693434,0.2656934306569343,473000.0,342500.0,-0.2283298097251586,-0.2367864693446089,0.06569343065693434,0.381021897810219,,,,,,,,,,,,unavailable,False,outside_analysis,retrospective_snapshot,False,False,False,False,-0.03947368421052633,-0.02144772117962468,0.08091976516634052,0.051865448872801576,0.07312215768115146,-0.0017550129045066365,0.2471584038694075,1.865718007399194,-0.031132503688318547,-0.05744801907753894,,,,,,,,,,,,0.8397212543554007,0.21602787456445993,True,False,False,False,False,False,False,False,False,,False,False,0,False,False,False,False,False,False,False,False,0,False,-0.12028639618138426,False,-0.038828337874659447,-0.000645346335866881,0.09883867500175958,0.4912891986062718,0.7386759581881533,False,universe_proxy,0.5226480836236934,False,False,pending,False,기술조건 탈락,"탈락: Price Action, AVWAP·위치, 오후 흐름, 상대강도, 변동성"
2026-07-21,279570,market_cap_10000eok_plus,케이뱅크,6180,93,12280801255,15124648286.0,0.8119726834486206,0.7969659764070159,6180,-0.003225806451612856,0.06129032258064516,2507196033180,False,0.4473684210526316,0.5526315789473685,0.2894736842105263,5220.0,5460.0,-0.04395604395604391,5220.0,0.15134099616858232,0.1839080459770115,6850.0,5410.0,-0.09781021897810216,-0.1226277372262774,0.14232902033271722,0.266173752310536,6850.0,5220.0,-0.09781021897810216,-0.1226277372262774,0.1839080459770115,0.31226053639846746,6910.0,5220.0,-0.105643994211288,-0.13024602026049203,0.1839080459770115,0.32375478927203066,7390.0,5210.0,-0.16373477672530445,-0.18673883626522325,0.1861804222648753,0.418426103646833,,,,,,,,,,,,unavailable,False,outside_analysis,retrospective_snapshot,False,False,False,False,0.09380530973451329,-0.015923566878980888,0.052473416551086456,0.07903513319208623,0.059168984370421465,0.00015596366046710664,0.3811453744493392,5.639196790434171,0.010948938682366904,-0.020108139001403846,,,,,,,,,,,,0.3832752613240418,0.7874564459930313,True,False,False,False,False,False,False,False,False,,True,False,1,False,False,False,False,False,False,False,False,0,False,-0.12028639618138426,False,-0.038828337874659447,0.13263364760917273,0.10436282930240337,0.975609756097561,0.7491289198606271,True,universe_proxy,0.1951219512195122,True,False,pending,False,기술조건 탈락,"탈락: Price Action, AVWAP·위치, 오후 흐름"
2026-07-21,281820,market_cap_10000eok_plus,케이씨텍,100300,127,20808779050,32235657752.5,0.6455205353576569,0.6424161794111201,100300,0.07387580299785856,0.0974304068522484,1985805698300,False,0.7582417582417582,0.24175824175824176,0.12087912087912088,86000.0,81800.0,0.05134474327628369,86000.0,0.086046511627907,0.1662790697674419,105800.0,86000.0,-0.051984877126654117,-0.1172022684310019,0.1662790697674419,0.2302325581395349,108800.0,81800.0,-0.078125,-0.14154411764705888,0.2261613691931541,0.33007334963325186,124800.0,74700.0,-0.19631410256410253,-0.2516025641025641,0.34270414993306564,0.6706827309236948,124800.0,54200.0,-0.19631410256410253,-0.2516025641025641,0.8505535055350553,1.3025830258302582,,,,,,,,,,,,unavailable,False,outside_analysis,retrospective_snapshot,False,False,False,False,0.11444444444444435,0.06702127659574475,0.12676256943455347,0.1019051081594438,0.13289159091177946,-0.17669671398176623,0.15777528089887644,2.963547937478713,0.02496193245201539,-0.018894949202723832,,,,,,,,,,,,0.5574912891986062,0.554006968641115,True,False,False,False,False,False,False,False,False,,True,False,1,False,False,False,False,False,False,False,False,0,False,-0.12028639618138426,False,-0.038828337874659447,0.1532727823191038,0.187307672777129,0.9860627177700348,0.8885017421602788,True,universe_proxy,0.8641114982578397,False,False,pending,False,기술조건 탈락,"탈락: Price Action, AVWAP·위치, 오후 흐름, 변동성"
2026-07-21,282330,market_cap_10000eok_plus,BGF리테일,123700,127,5771660728,8505943085.5,0.6785444800164364,0.6584918207960333,123700,0.006509357200976451,0.03173311635475997,2138019172200,False,0.46153846153846156,0.5384615384615384,0.0,117500.0,112300.0,0.04630454140694562,117500.0,0.03744680851063831,0.052765957446808454,130600.0,121100.0,-0.05283307810107196,-0.06661562021439515,0.02146985962014858,0.07844756399669695,130600.0,117500.0,-0.05283307810107196,-0.06661562021439515,0.052765957446808454,0.11148936170212766,130600.0,107200.0,-0.05283307810107196,-0.06661562021439515,0.15391791044776126,0.21828358208955223,146000.0,107200.0,-0.15273972602739727,-0.16506849315068495,0.15391791044776126,0.3619402985074627,,,,,,,,,,,,unavailable,False,outside_analysis,retrospective_snapshot,False,False,False,False,-0.032081377151799706,0.14537037037037037,0.05471186049197367,0.040805182048331994,0.05833717803011932,-0.08213351343423081,0.36555145118733506,1.2219554732581173,-0.005416154491925229,0.01825249376886595,,,,,,,,,,,,0.25435540069686413,0.6062717770034843,True,False,False,False,False,False,False,False,False,,False,True,1,False,False,False,False,False,False,False,False,0,False,-0.12028639618138426,False,-0.038828337874659447,0.006746960722859741,0.26565676655175463,0.5574912891986062,0.9512195121951219,False,universe_proxy,0.2229965156794425,True,False,pending,False,기술조건 탈락,"탈락: Price Action, AVWAP·위치, 오후 흐름, 상대강도"
2026-07-21,290650,market_cap_10000eok_plus,엘앤씨바이오,66800,127,11470589650,29795103297.5,0.38498237564299553,0.4927406949375845,66800,0.04049844236760114,0.07165109034267912,1801576227200,False,0.6739130434782609,0.32608695652173914,0.021739130434782608,64500.0,68000.0,-0.05147058823529416,64500.0,-0.012403100775193798,0.0356589147286821,76400.0,61700.0,-0.12565445026178013,-0.16623036649214662,0.08265802269043765,0.23824959481361427,83300.0,61700.0,-0.19807923169267705,-0.23529411764705888,0.08265802269043765,0.3500810372771475,99300.0,61700.0,-0.32729103726082576,-0.35850956696878145,0.08265802269043765,0.6094003241491086,99300.0,58200.0,-0.32729103726082576,-0.35850956696878145,0.1477663230240549,0.7061855670103093,,,,,,,,,,,,unavailable,False,outside_analysis,retrospective_snapshot,False,False,False,False,-0.03884892086330938,-0.24090909090909096,0.11355859709153122,0.0822592015950053,0.0993565496857879,-0.12237875321636316,0.17612052730696798,2.2442282882685594,-0.019742988325463617,-0.20830822475881272,,,,,,,,,,,,0.5331010452961672,0.09059233449477352,False,False,False,False,False,False,False,False,False,,False,False,0,False,False,False,False,False,False,False,False,0,False,-0.12028639618138426,False,-0.038828337874659447,-2.058298864993091e-05,-0.1206226947277067,0.49825783972125437,0.31010452961672474,False,universe_proxy,0.7874564459930313,False,False,pending,False,기술조건 탈락,"탈락: 유동성, Price Action, AVWAP·위치, 오후 흐름, 상대강도, 변동성"
2026-07-21,294870,market_cap_10000eok_plus,IPARK현대산업개발,19810,127,4792759420,3757929682.75,1.2753722992742977,1.1887897351981573,19810,0.02271553949406302,0.05627258647392876,1305624207300,False,0.7798165137614679,0.22018348623853212,0.03669724770642202,16900.0,17000.0,-0.00588235294117645,16900.0,0.1218934911242604,0.172189349112426,19900.0,16900.0,-0.004522613065326642,-0.04723618090452264,0.172189349112426,0.17751479289940827,19900.0,16900.0,-0.004522613065326642,-0.04723618090452264,0.172189349112426,0.17751479289940827,20400.0,16900.0,-0.02892156862745099,-0.07058823529411762,0.172189349112426,0.20710059171597633,25050.0,16900.0,-0.20918163672654688,-0.2431137724550898,0.172189349112426,0.4822485207100592,,,,,,,,,,,,unavailable,False,outside_analysis,retrospective_snapshot,False,False,False,False,0.10794183445190164,0.015897435897435974,0.050155044349895435,0.06700289709206343,0.056453969377617194,-0.12510029953548252,0.39876347951114305,2.5829390340094296,0.07714105034518437,0.03238822540545239,,,,,,,,,,,,0.0975609756097561,0.9581881533101045,False,False,False,False,False,False,False,False,False,,True,True,2,False,False,False,False,False,False,False,False,0,False,-0.12028639618138426,False,-0.038828337874659447,0.1467701723265611,0.13618383207882023,0.9825783972125436,0.8257839721254355,True,universe_proxy,0.14285714285714285,False,False,pending,False,기술조건 탈락,"탈락: 유동성, Price Action, AVWAP·위치, 오후 흐름, 변동성"
2026-07-21,298020,market_cap_10000eok_plus,효성티앤씨,315000,127,19404664250,5399926650.0,3.5935051543709395,3.1882520103214187,315000,0.057046979865771785,0.11912751677852348,1363219830000,False,0.7464788732394366,0.2535211267605634,0.18309859154929578,265000.0,261000.0,0.015325670498084198,265000.0,0.08867924528301896,0.18867924528301883,310000.0,265000.0,0.016129032258064502,-0.0693548387096774,0.18867924528301883,0.16981132075471697,310000.0,261000.0,0.016129032258064502,-0.0693548387096774,0.2068965517241379,0.18773946360153257,310000.0,255000.0,0.016129032258064502,-0.0693548387096774,0.23529411764705888,0.21568627450980393,557000.0,255000.0,-0.43447037701974867,-0.4820466786355476,0.23529411764705888,1.184313725490196,,,,,,,,,,,,unavailable,False,outside_analysis,retrospective_snapshot,False,False,False,False,0.15808823529411775,0.09565217391304337,0.06326530612244897,0.07367980719178777,0.068342449830014,-0.07162124965593186,0.31612903225806455,3.1882520103214187,0.06253192079936198,0.018867924528297664,,,,,,,,,,,,0.156794425087108,0.9965156794425087,False,False,False,False,False,False,False,False,False,,True,True,2,False,False,False,False,False,False,False,False,0,False,-0.12028639618138426,False,-0.038828337874659447,0.1969165731687772,0.21593857009442763,0.9895470383275261,0.9163763066202091,True,universe_proxy,0.3310104529616725,True,False,pending,False,기술조건 탈락,"탈락: 유동성, Price Action, AVWAP·위치, 오후 흐름"
2026-07-21,298040,market_cap_10000eok_plus,효성중공업,2578000,127,115695578000,179038460351.5,0.6462051660456579,0.7981004471190349,2578000,0.015360378101614724,0.08074044899566758,24038684744000,False,0.7560975609756098,0.24390243902439024,0.5170731707317073,2506000.0,2640000.0,-0.05075757575757578,2506000.0,-0.03312051077414202,0.02873104549082206,2971000.0,2506000.0,-0.13227869404241,-0.18444968024234265,0.02873104549082206,0.18555466879489227,3368000.0,2506000.0,-0.23456057007125886,-0.2805819477434679,0.02873104549082206,0.34397446129289705,4169000.0,2506000.0,-0.38162628927800435,-0.418805468937395,0.02873104549082206,0.6636073423782921,4742000.0,2506000.0,-0.4563475326866301,-0.48903416280050616,0.02873104549082206,0.8922585794094174,,,,,,,,,,,,unavailable,False,outside_analysis,retrospective_snapshot,False,False,False,False,-0.03300825206301572,-0.32759520083463745,0.11168680039898038,0.07550366276089873,0.08892537187312391,-0.02897783878603688,0.17907219052344334,1.6987523559348476,-0.04080114897535958,-0.05565668216495567,2.0,61.0,15:30,exact_1530,0.00038804811796655514,2.8411184210526317,0.4117647058823529,-0.007698229407236301,0.0,0.2571460030830214,전력기기·전선,0.9163763066202091,0.5574912891986062,True,False,False,False,False,False,False,False,False,,False,False,0,True,True,False,True,False,True,False,True,2,False,-0.12028639618138426,False,-0.038828337874659447,0.005820085811643727,-0.2073088046532532,0.5505226480836237,0.14982578397212543,False,universe_proxy,0.7770034843205574,False,False,pending,False,기술조건 탈락,"탈락: Price Action, AVWAP·위치, 오후 흐름, 상대강도, 변동성"
2026-07-21,298380,market_cap_10000eok_plus,에이비엘바이오,69300,127,30034848950,37253345640.0,0.8062322573720925,1.062882705046428,69300,-0.012820512820512775,0.05270655270655271,3879931185900,False,0.5945945945945946,0.3783783783783784,0.5945945945945946,70000.0,88000.0,-0.20454545454545459,70000.0,-0.04142857142857148,-0.010000000000000009,84900.0,70000.0,-0.18374558303886923,-0.209658421672556,-0.010000000000000009,0.21285714285714286,98400.0,70000.0,-0.2957317073170732,-0.31808943089430897,-0.010000000000000009,0.4057142857142857,108300.0,70000.0,-0.3601108033240997,-0.38042474607571564,-0.010000000000000009,0.5471428571428572,173900.0,70000.0,-0.60149511213341,-0.6141460609545716,-0.010000000000000009,1.4842857142857142,,,,,,,,,,,,unavailable,False,outside_analysis,retrospective_snapshot,False,False,False,False,-0.12389380530973448,-0.29068577277379737,0.11420325706039992,0.07539398873828847,0.0951134990911491,-0.05971236528857338,0.17512635379061373,2.080708405827209,-0.058489135240871404,-0.21823475048155305,,,,,,,,,,,,0.5923344947735192,0.7700348432055749,True,False,False,False,False,False,False,False,False,,False,False,0,False,False,False,False,False,False,False,False,0,False,-0.12028639618138426,False,-0.038828337874659447,-0.08506546743507504,-0.1703993765924131,0.07665505226480836,0.2229965156794425,False,universe_proxy,0.794425087108014,False,False,pending,False,기술조건 탈락,"탈락: Price Action, AVWAP·위치, 오후 흐름, 상대강도, 변동성"
2026-07-21,300720,market_cap_10000eok_plus,한일시멘트,13710,127,1140669860,1814643694.75,0.6285916421499748,0.6404863372820434,13710,-0.015086206896551713,0.017959770114942528,1008304815390,False,0.0,0.48,0.0,14200.0,12710.0,0.11723052714398108,14200.0,-0.03450704225352108,-0.03450704225352108,15060.0,13590.0,-0.08964143426294824,-0.08964143426294824,0.008830022075055233,0.10816777041942605,15090.0,13590.0,-0.09145129224652082,-0.09145129224652082,0.008830022075055233,0.11037527593818984,15090.0,12710.0,-0.09145129224652082,-0.09145129224652082,0.07867820613690002,0.1872541306058222,17690.0,12710.0,-0.2249858677218768,-0.2249858677218768,0.07867820613690002,0.3918174665617624,,,,,,,,,,,,unavailable,False,outside_analysis,retrospective_snapshot,False,False,False,False,-0.04192872117400415,-0.0021834061135370675,0.039022611232676876,0.03104495548040631,0.040404380850645724,-0.18986632804616732,0.5125233644859813,2.057140337363078,-0.04058357519789957,-0.048171883540105265,,,,,,,,,,,,0.03484320557491289,0.5156794425087108,False,False,False,False,False,False,False,False,False,,False,False,0,False,False,False,False,False,False,False,False,0,False,-0.12028639618138426,False,-0.038828337874659447,-0.0031003832993447,0.11810299006784719,0.4808362369337979,0.7804878048780488,False,universe_proxy,0.024390243902439025,False,False,pending,False,기술조건 탈락,"탈락: 유동성, Price Action, AVWAP·위치, 오후 흐름, 상대강도, 변동성"
2026-07-21,302440,market_cap_10000eok_plus,SK바이오사이언스,33000,127,2757688825,4164908685.0,0.6621246787311016,0.7221228922058593,33000,-0.027982326951399128,0.036818851251840944,2589066249000,False,0.0,0.84,0.0,35200.0,33850.0,0.039881831610044216,35200.0,-0.0625,-0.0625,37450.0,33700.0,-0.11882510013351133,-0.11882510013351133,-0.020771513353115778,0.11127596439169139,38650.0,33700.0,-0.14618369987063384,-0.14618369987063384,-0.020771513353115778,0.14688427299703263,39150.0,33700.0,-0.15708812260536398,-0.15708812260536398,-0.020771513353115778,0.16172106824925817,45100.0,33700.0,-0.2682926829268293,-0.2682926829268293,-0.020771513353115778,0.33827893175074186,,,,,,,,,,,,unavailable,False,outside_analysis,retrospective_snapshot,False,False,False,False,-0.09090909090909094,-0.10569105691056913,0.05054112554112554,0.042554140699682094,0.05380647293725625,-0.14667774086378738,0.39571734475374737,1.5764002144446438,-0.09224959995191762,-0.09089481821069212,,,,,,,,,,,,0.10801393728222997,0.5853658536585366,False,False,False,False,False,False,False,False,False,,False,False,0,False,False,False,False,False,False,False,False,0,False,-0.12028639618138426,False,-0.038828337874659447,-0.05208075303443149,0.014595339270815133,0.20905923344947736,0.5296167247386759,False,universe_proxy,0.15331010452961671,True,False,pending,False,기술조건 탈락,"탈락: 유동성, Price Action, AVWAP·위치, 오후 흐름, 상대강도"
2026-07-21,307950,market_cap_10000eok_plus,현대오토에버,376500,127,27810034250,45572940400.0,0.6102312908912061,0.8224061635954453,376500,0.013458950201884257,0.07671601615074024,10325129223000,False,0.7368421052631579,0.2631578947368421,0.3508771929824561,386000.0,418000.0,-0.07655502392344493,386000.0,-0.07901554404145072,-0.024611398963730546,485500.0,363500.0,-0.22451081359423275,-0.26776519052523173,0.03576341127922977,0.3356258596973865,515000.0,363500.0,-0.2689320388349514,-0.3097087378640777,0.03576341127922977,0.4167812929848693,673000.0,363500.0,-0.44056463595839523,-0.47176820208023773,0.03576341127922977,0.8514442916093535,1066000.0,363500.0,-0.6468105065666041,-0.6665103189493433,0.03576341127922977,1.9325997248968363,,,,,,,,,,,,unavailable,False,outside_analysis,retrospective_snapshot,False,False,False,False,-0.1404109589041096,-0.3966346153846154,0.10842344906089926,0.07281281369202337,0.08345976489920717,0.10901182592399383,0.18446194225721785,0.957796955063541,-0.05123460908224586,-0.09666360245510619,,,,,,,,,,,,0.6515679442508711,0.49825783972125437,True,False,False,False,False,False,False,False,False,,False,False,0,False,False,False,False,False,False,False,False,0,False,-0.12028639618138426,False,-0.038828337874659447,-0.10158262102945015,-0.27634821920323116,0.05226480836236934,0.05226480836236934,False,universe_proxy,0.7456445993031359,False,False,pending,False,기술조건 탈락,"탈락: Price Action, AVWAP·위치, 오후 흐름, 상대강도, 변동성"
2026-07-21,310210,market_cap_10000eok_plus,보로노이,126200,127,15422233200,14423295115.0,1.069258659483513,1.439087318789669,126200,-0.06518518518518523,0.08222222222222222,2324723763800,False,0.2072072072072072,0.14414414414414414,0.2072072072072072,135200.0,157300.0,-0.14049586776859502,135200.0,-0.08357988165680474,-0.06656804733727806,169500.0,134000.0,-0.25545722713864305,-0.26902654867256637,-0.05820895522388059,0.26492537313432835,180800.0,134000.0,-0.30199115044247793,-0.3147123893805309,-0.05820895522388059,0.3492537313432836,209500.0,134000.0,-0.39761336515513124,-0.40859188544152747,-0.05820895522388059,0.5634328358208955,342500.0,134000.0,-0.6315328467153285,-0.6382481751824818,-0.05820895522388059,1.5559701492537314,,,,,,,,,,,,unavailable,False,outside_analysis,retrospective_snapshot,False,False,False,False,-0.153588195841717,-0.370573566084788,0.12751867783563506,0.08353323082306549,0.10373563635275325,-0.05909336120853792,0.1568397691966267,1.7910230120756436,-0.10208667874563715,-0.10208667874563715,,,,,,,,,,,,0.3588850174216028,0.9337979094076655,True,False,False,False,False,False,False,False,False,,False,False,0,False,False,False,False,False,False,False,False,0,False,-0.12028639618138426,False,-0.038828337874659447,-0.11475985796705757,-0.2502871699034037,0.03484320557491289,0.07665505226480836,False,universe_proxy,0.867595818815331,False,False,pending,False,기술조건 탈락,"탈락: Price Action, AVWAP·위치, 오후 흐름, 상대강도, 변동성"
2026-07-21,316140,market_cap_10000eok_plus,우리금융지주,30500,127,59629167250,67682146465.0,0.881017674001158,0.8759470101068844,30500,-0.0016366612111292644,0.03436988543371522,22206735301000,False,0.5714285714285714,0.42857142857142855,0.2857142857142857,30000.0,27500.0,0.09090909090909083,30000.0,-0.0033333333333332993,0.016666666666666607,32900.0,30250.0,-0.07294832826747721,-0.09118541033434646,0.008264462809917328,0.08760330578512397,32900.0,30000.0,-0.07294832826747721,-0.09118541033434646,0.016666666666666607,0.09666666666666666,32900.0,27500.0,-0.07294832826747721,-0.09118541033434646,0.10909090909090913,0.19636363636363635,36250.0,27500.0,-0.1586206896551724,-0.17517241379310344,0.10909090909090913,0.3181818181818182,,,,,,,,,,,,unavailable,False,outside_analysis,retrospective_snapshot,False,False,False,False,-0.022435897435897467,0.021775544388609624,0.048829039812646365,0.039242982293943296,0.04678160405257907,0.04551591128254562,0.4095923261390888,1.3453629894848997,-0.01894769942396224,-0.0058962520731606904,1.0,61.0,15:30,exact_1530,0.0,6.560234935827713,0.16666666666666666,-0.008130081300813052,0.0,0.35550754680214136,밸류업금융,0.7456445993031359,0.8362369337979094,True,False,False,False,False,False,False,False,False,,False,False,0,True,True,False,True,False,True,False,True,2,False,-0.12028639618138426,True,-0.032863849765258246,0.010427952329360779,0.14206194056999388,0.7777777777777778,0.8397212543554007,True,sector_constituent_proxy,0.13588850174216027,False,False,pending,False,기술조건 탈락,"탈락: Price Action, AVWAP·위치, 오후 흐름, 변동성"
2026-07-21,319400,market_cap_10000eok_plus,현대무벡스,18900,127,27341033610,22687594051.75,1.205109433271575,1.494482264443948,18900,0.018867924528301883,0.1320754716981132,2105007137100,False,0.42857142857142855,0.5714285714285714,0.2530612244897959,21100.0,22350.0,-0.055928411633109576,21100.0,-0.15402843601895733,-0.10426540284360186,24200.0,18130.0,-0.21900826446280997,-0.262396694214876,0.042471042471042386,0.3348041919470491,24200.0,18130.0,-0.21900826446280997,-0.262396694214876,0.042471042471042386,0.3348041919470491,32500.0,18130.0,-0.41846153846153844,-0.4507692307692308,0.042471042471042386,0.7926089354660784,48350.0,18130.0,-0.6091003102378489,-0.6308169596690796,0.042471042471042386,1.666850523993381,,,,,,,,,,,,unavailable,False,outside_analysis,retrospective_snapshot,False,False,False,False,-0.11475409836065575,-0.38636363636363635,0.10710506424792139,0.0871850061577191,0.09460980578094878,-0.03281861922345308,0.18673253352152436,1.494482264443948,-0.10470509596925237,-0.006134969325177431,,,,,,,,,,,,0.4738675958188153,0.9477351916376306,True,False,False,False,False,False,False,False,False,,False,False,0,False,False,False,False,False,False,False,False,0,False,-0.12028639618138426,False,-0.038828337874659447,-0.07592576048599631,-0.2660772401822521,0.10801393728222997,0.0627177700348432,False,universe_proxy,0.7386759581881533,False,False,pending,False,기술조건 탈락,"탈락: Price Action, AVWAP·위치, 오후 흐름, 상대강도, 변동성"
2026-07-21,319660,market_cap_10000eok_plus,피에스케이,170000,127,64147258650,131583867675.0,0.4875009359691251,0.5279845517331687,170000,-0.004683840749414525,0.06440281030444965,4924341380000,False,0.6909090909090909,0.23636363636363636,0.6909090909090909,141800.0,159000.0,-0.1081761006289308,141800.0,0.14527503526093088,0.1988716502115655,212000.0,168400.0,-0.19811320754716977,-0.23396226415094334,0.009501187648456089,0.2589073634204275,212000.0,141800.0,-0.19811320754716977,-0.23396226415094334,0.1988716502115655,0.49506346967559944,219500.0,141800.0,-0.2255125284738041,-0.2601366742596811,0.1988716502115655,0.5479548660084627,219500.0,81200.0,-0.2255125284738041,-0.2601366742596811,1.0935960591133007,1.7032019704433496,,,,,,,,,,,,unavailable,False,outside_analysis,retrospective_snapshot,False,False,False,False,-0.07908992416034666,-0.05660377358490565,0.14890756302521008,0.10848921865501826,0.1297390891478474,0.09080698946245147,0.1343115124153499,1.8604484616259656,-0.08055480011094163,-0.10779983668999404,4.0,61.0,15:30,exact_1530,0.0053222945002957545,1.7590727721831656,0.4807692307692308,-0.015634047481181246,0.0,0.19075004794695097,반도체 장비,0.8885017421602788,0.2613240418118467,True,False,False,False,False,False,False,False,False,,False,False,0,True,True,False,True,False,True,False,True,2,False,-0.12028639618138426,True,-0.07326408230546239,-0.005825841854884273,0.06368262259647861,0.375,0.6445993031358885,False,sector_constituent_proxy,0.9407665505226481,False,False,pending,False,기술조건 탈락,"탈락: Price Action, AVWAP·위치, 오후 흐름, 상대강도, 변동성"
2026-07-21,322000,market_cap_10000eok_plus,HD현대에너지솔루션,130000,127,41045312950,25431450210.0,1.613958803413437,1.6306664902169603,130000,0.10450297366185213,0.1911639762107052,1456000000000,False,0.88,0.12,0.2088888888888889,103200.0,103000.0,0.001941747572815622,103200.0,0.06782945736434098,0.2596899224806202,132750.0,103200.0,-0.020715630885122405,-0.16986817325800374,0.2596899224806202,0.2863372093023256,132750.0,103000.0,-0.020715630885122405,-0.16986817325800374,0.2621359223300972,0.28883495145631066,162500.0,103000.0,-0.19999999999999996,-0.3218461538461539,0.2621359223300972,0.5776699029126213,256000.0,103000.0,-0.4921875,-0.56953125,0.2621359223300972,1.4854368932038835,,,,,,,,,,,,unavailable,False,outside_analysis,retrospective_snapshot,False,False,False,False,0.08333333333333326,-0.051094890510948954,0.1317857142857143,0.16206283283494322,0.12941242196126063,0.005221339387060375,0.15176151761517612,1.6306664902169603,0.0955854048851148,0.04585679806918752,,,,,,,,,,,,0.5052264808362369,0.9825783972125436,True,False,False,False,False,False,False,False,False,,True,True,2,False,False,False,False,False,False,False,False,0,False,-0.12028639618138426,False,-0.038828337874659447,0.1221616712079927,0.0691915056704353,0.9686411149825784,0.6585365853658537,True,universe_proxy,0.8850174216027874,False,False,pending,False,기술조건 탈락,"탈락: Price Action, AVWAP·위치, 오후 흐름, 변동성"
2026-07-21,323410,market_cap_10000eok_plus,카카오뱅크,22200,127,21698756375,22007325737.75,0.9859787887711999,0.9689538199988879,22200,-0.01552106430155209,0.037694013303769404,10592073701400,False,0.47058823529411764,0.35294117647058826,0.47058823529411764,20800.0,19110.0,0.08843537414965996,20800.0,0.04807692307692313,0.06730769230769229,23850.0,22050.0,-0.0691823899371069,-0.08595387840670865,0.006802721088435382,0.08163265306122448,23850.0,20800.0,-0.0691823899371069,-0.08595387840670865,0.06730769230769229,0.1466346153846154,23850.0,19110.0,-0.0691823899371069,-0.08595387840670865,0.16169544740973318,0.24803767660910517,26050.0,19110.0,-0.14779270633397312,-0.16314779270633395,0.16169544740973318,0.3631606488749346,,,,,,,,,,,,unavailable,False,outside_analysis,retrospective_snapshot,False,False,False,False,-0.047210300429184504,0.05714285714285716,0.05067567567567568,0.04449445705061456,0.05118802734296275,0.031216806325976787,0.39466666666666667,1.902872973854738,-0.020259921936298664,-0.02666020094556787,,,,,,,,,,,,0.46689895470383275,0.9094076655052264,True,False,False,False,False,False,False,False,False,,False,False,0,False,False,False,False,False,False,False,False,0,False,-0.12028639618138426,False,-0.038828337874659447,-0.008381962554525058,0.17742925332424142,0.44947735191637633,0.8780487804878049,False,universe_proxy,0.156794425087108,True,False,pending,False,기술조건 탈락,"탈락: Price Action, AVWAP·위치, 오후 흐름, 상대강도"
2026-07-21,326030,market_cap_10000eok_plus,SK바이오팜,77600,127,8907466500,12284041277.5,0.725125086995215,0.7823702661638982,77600,0.01041666666666674,0.03515625,6077108200000,False,0.6666666666666666,0.3333333333333333,0.037037037037037035,74000.0,80600.0,-0.08188585607940446,74000.0,0.024324324324324298,0.048648648648648596,84300.0,74000.0,-0.0794780545670225,-0.10083036773428233,0.048648648648648596,0.13918918918918918,86900.0,74000.0,-0.10701956271576529,-0.12773302646720364,0.048648648648648596,0.17432432432432432,93200.0,74000.0,-0.1673819742489271,-0.18669527896995708,0.048648648648648596,0.2594594594594595,106200.0,74000.0,-0.26930320150659137,-0.2862523540489642,0.048648648648648596,0.43513513513513513,,,,,,,,,,,,unavailable,False,outside_analysis,retrospective_snapshot,False,False,False,False,-0.021437578814628044,-0.09239766081871348,0.05458394698085419,0.045958650582864094,0.05734637333428873,-0.17887401167826122,0.36640809443507594,0.9673303489823954,0.0006897212876764147,0.0006897212876764147,,,,,,,,,,,,0.3310104529616725,0.6724738675958188,True,False,False,False,False,False,False,False,False,,True,True,2,False,False,False,False,False,False,False,False,0,False,-0.12028639618138426,False,-0.038828337874659447,0.017390759060031402,0.02788873536267078,0.6411149825783972,0.5749128919860628,False,universe_proxy,0.21951219512195122,True,False,pending,False,기술조건 탈락,"탈락: Price Action, AVWAP·위치, 오후 흐름, 상대강도"
2026-07-21,329180,market_cap_10000eok_plus,HD현대중공업,451500,127,117553788750,175467379663.9,0.6699466816861862,0.8158127385695362,451500,0.006688963210702337,0.03455964325529543,47389993087500,False,0.9354838709677419,0.06451612903225806,0.3870967741935484,453000.0,549000.0,-0.17486338797814205,453000.0,-0.03532008830022071,-0.0033112582781457123,518000.0,445000.0,-0.1283783783783784,-0.1563706563706564,0.014606741573033766,0.16404494382022472,606000.0,445000.0,-0.25495049504950495,-0.27887788778877887,0.014606741573033766,0.36179775280898874,674000.0,445000.0,-0.3301186943620178,-0.3516320474777448,0.014606741573033766,0.5146067415730337,765000.0,445000.0,-0.40980392156862744,-0.42875816993464055,0.014606741573033766,0.7191011235955056,,,,,,,,,,,,unavailable,False,outside_analysis,retrospective_snapshot,False,False,False,False,-0.0738461538461539,-0.29009433962264153,0.0775984812529663,0.058615278700149966,0.06524498123705359,-0.017421828290361874,0.257737003058104,1.635046182221915,-0.03078876115747764,-0.03078876115747764,0.0,61.0,15:30,exact_1530,0.0078125,4.865086664308454,0.8181818181818182,-0.0022099447513812542,0.0,0.31483746012456326,조선,0.9128919860627178,0.5923344947735192,True,False,False,False,False,False,False,False,False,,False,False,0,True,True,False,True,True,True,True,True,4,True,-0.12028639618138426,True,-0.03628117913832196,-0.03756497470783193,-0.16980794344125727,0.3333333333333333,0.2264808362369338,False,sector_constituent_proxy,0.5052264808362369,True,False,pending,False,기술조건 탈락,"탈락: Price Action, AVWAP·위치, 상대강도"
2026-07-21,330590,market_cap_10000eok_plus,롯데리츠,3485,127,353825180,699725473.05,0.5056628544016388,0.5172852139675592,3485,0.0,0.02295552367288379,1007056560740,False,0.6875,0.125,0.6875,3360.0,3450.0,-0.02608695652173909,3360.0,0.02083333333333326,0.03720238095238093,3620.0,3360.0,-0.037292817679558055,-0.0524861878453039,0.03720238095238093,0.07738095238095238,3730.0,3360.0,-0.06568364611260058,-0.08042895442359255,0.03720238095238093,0.11011904761904762,3800.0,3360.0,-0.08289473684210524,-0.09736842105263155,0.03720238095238093,0.13095238095238096,4850.0,3260.0,-0.28144329896907216,-0.29278350515463913,0.0690184049079754,0.48773006134969327,,,,,,,,,,,,unavailable,False,outside_analysis,retrospective_snapshot,False,False,False,False,0.0,-0.05555555555555558,0.043656486985037914,0.03873679789076786,0.04922712981590944,-0.16634050880626228,0.4581220657276996,1.4662262230313217,0.003145519227998328,0.0024800710514560897,,,,,,,,,,,,0.006968641114982578,0.30313588850174217,False,False,False,False,False,False,False,False,False,,True,True,2,False,False,False,False,False,False,False,False,0,False,-0.12028639618138426,False,-0.038828337874659447,0.038828337874659447,0.06473084062582868,0.7961672473867596,0.6480836236933798,True,universe_proxy,0.07317073170731707,False,False,pending,False,기술조건 탈락,"탈락: 유동성, Price Action, AVWAP·위치, 오후 흐름, 변동성"
2026-07-21,336260,market_cap_10000eok_plus,두산퓨얼셀,38400,127,11649953725,25644739473.75,0.4542823972505126,0.6265755932823849,38400,-0.01538461538461533,0.05512820512820513,2514959078400,False,0.7209302325581395,0.27906976744186046,0.6046511627906976,41500.0,40850.0,0.01591187270501826,41500.0,-0.11204819277108435,-0.07469879518072287,48700.0,38000.0,-0.2114989733059548,-0.24332648870636553,0.010526315789473717,0.28157894736842104,56400.0,38000.0,-0.3191489361702128,-0.3466312056737588,0.010526315789473717,0.4842105263157895,64500.0,38000.0,-0.4046511627906977,-0.4286821705426357,0.010526315789473717,0.6973684210526315,108900.0,38000.0,-0.6473829201101928,-0.6616161616161615,0.010526315789473717,1.8657894736842104,,,,,,,,,,,,unavailable,False,outside_analysis,retrospective_snapshot,False,False,False,False,-0.1428571428571429,-0.3885350318471338,0.12583705357142858,0.07663532862842184,0.09258168711331094,0.03917050691244239,0.15893569844789357,1.9781274703788219,-0.08056462712790591,-0.2153547694927157,,,,,,,,,,,,0.5087108013937283,0.1986062717770035,True,False,False,False,False,False,False,False,False,,False,False,0,False,False,False,False,False,False,False,False,0,False,-0.12028639618138426,False,-0.038828337874659447,-0.10402880498248346,-0.2682486356657495,0.04878048780487805,0.05574912891986063,False,universe_proxy,0.8606271777003485,False,False,pending,False,기술조건 탈락,"탈락: Price Action, AVWAP·위치, 오후 흐름, 상대강도, 변동성"
2026-07-21,347850,market_cap_10000eok_plus,디앤디파마텍,61000,127,73912520600,130056905560.0,0.5683090819495276,0.7977682354633469,61000,-0.051321928460342114,0.07465007776049767,2796094149000,False,0.22916666666666666,0.3958333333333333,0.22916666666666666,72600.0,76900.0,-0.0559167750325098,72600.0,-0.17493112947658407,-0.15977961432506882,88100.0,63000.0,-0.30760499432463106,-0.3200908059023837,-0.031746031746031744,0.3984126984126984,92600.0,63000.0,-0.3412526997840173,-0.3531317494600432,-0.031746031746031744,0.46984126984126984,113100.0,63000.0,-0.46065428824049515,-0.4703801945181255,-0.031746031746031744,0.7952380952380952,116600.0,57100.0,-0.47684391080617494,-0.4862778730703259,0.06830122591943955,1.042031523642732,,,,,,,,,,,,unavailable,False,outside_analysis,retrospective_snapshot,False,False,False,False,-0.20779220779220775,-0.43255813953488376,0.16200234192037472,0.09486102739378109,0.11983075058971479,0.10916814601564906,0.1234550054210336,2.426991384593917,-0.22365425031907216,-0.22365425031907216,1.0,61.0,15:30,exact_1530,0.0066006600660066805,3.044362623146582,0.5294117647058824,-0.012944983818770184,0.0,0.16799824734000776,바이오,0.8815331010452961,0.3902439024390244,True,False,False,False,False,False,False,False,False,,False,False,0,True,True,False,True,False,True,False,True,2,False,-0.12028639618138426,True,-0.07871466812464645,-0.1290775396675613,-0.3122717433534995,0.16666666666666666,0.020905923344947737,False,sector_constituent_proxy,0.9616724738675958,False,False,pending,False,기술조건 탈락,"탈락: Price Action, AVWAP·위치, 오후 흐름, 상대강도, 변동성"
2026-07-21,352820,market_cap_10000eok_plus,하이브,198400,127,44594568600,61656212059.25,0.7232777867888769,0.7610029755262204,198400,-0.022660098522167438,0.03940886699507389,8551486201600,False,0.2375,0.575,0.2375,202000.0,174600.0,0.15693012600229106,202000.0,-0.027227722772277252,-0.017821782178217838,228000.0,200000.0,-0.12982456140350873,-0.13815789473684215,-0.008000000000000007,0.14,239500.0,200000.0,-0.17160751565762,-0.17954070981210857,-0.008000000000000007,0.1975,239500.0,174600.0,-0.17160751565762,-0.17954070981210857,0.13631156930125998,0.37170675830469646,278000.0,174600.0,-0.28633093525179854,-0.29316546762589923,0.13631156930125998,0.5922107674684994,,,,,,,,,,,,unavailable,False,outside_analysis,retrospective_snapshot,False,False,False,False,-0.06854460093896708,-0.06854460093896708,0.07268865207373272,0.048095428453996544,0.06787394737785371,0.018836947045222097,0.27514611193660227,3.097374025885257,-0.03507551580020285,-0.09172916659844466,,,,,,,,,,,,0.7142857142857143,0.6655052264808362,True,False,False,False,False,False,False,False,False,,False,False,0,False,False,False,False,False,False,False,False,0,False,-0.12028639618138426,False,-0.038828337874659447,-0.029716263064307635,0.05174179524241718,0.32752613240418116,0.627177700348432,False,universe_proxy,0.4355400696864111,True,False,pending,False,기술조건 탈락,"탈락: Price Action, AVWAP·위치, 오후 흐름, 상대강도"
2026-07-21,353200,market_cap_10000eok_plus,대덕전자,120500,127,140435711600,153021128837.5,0.9177537289581427,0.974554769411333,120500,-0.001657000828500399,0.10770505385252693,5954739462500,False,0.33076923076923076,0.23846153846153847,0.33076923076923076,106300.0,104100.0,0.0211335254562921,106300.0,0.0931326434619002,0.1335841956726247,145700.0,106300.0,-0.17295813315030883,-0.20247083047357584,0.1335841956726247,0.37064910630291625,145700.0,104100.0,-0.17295813315030883,-0.20247083047357584,0.15754082612872233,0.39961575408261285,163000.0,104100.0,-0.26073619631901845,-0.2871165644171779,0.15754082612872233,0.5658021133525456,198000.0,94200.0,-0.39141414141414144,-0.4131313131313131,0.27919320594479835,1.1019108280254777,,,,,,,,,,,,unavailable,False,outside_analysis,retrospective_snapshot,False,False,False,False,0.0588752196836555,-0.22258064516129028,0.13343212803793716,0.13334165802605918,0.11777139019521107,-0.02260199360900461,0.14988893824966681,2.4306528938026752,-0.06084008448193601,-0.0314125610205388,2.0,61.0,15:30,exact_1530,0.005004170141784892,4.567878508973769,0.6086956521739131,-0.007413509060955503,0.0,0.12676797883533208,기판,0.8989547038327527,0.8606271777003485,True,False,False,False,False,False,False,False,False,,False,False,0,True,True,False,True,False,True,False,True,2,False,-0.12028639618138426,False,-0.038828337874659447,0.09770355755831495,-0.10229424897990602,0.9547038327526133,0.3519163763066202,False,universe_proxy,0.8885017421602788,False,False,pending,False,기술조건 탈락,"탈락: Price Action, AVWAP·위치, 오후 흐름, 상대강도, 변동성"
2026-07-21,357780,market_cap_10000eok_plus,솔브레인,280000,127,7118756250,30701469775.0,0.23187021019419582,0.2745691274938508,280000,0.01449275362318847,0.06159420289855073,2177998480000,False,0.7941176470588235,0.20588235294117646,0.5588235294117647,287500.0,293500.0,-0.020442930153321992,287500.0,-0.07304347826086954,-0.02608695652173909,339000.0,273500.0,-0.17404129793510326,-0.21386430678466073,0.02376599634369292,0.23948811700182815,339000.0,273500.0,-0.17404129793510326,-0.21386430678466073,0.02376599634369292,0.23948811700182815,390000.0,273500.0,-0.28205128205128205,-0.31666666666666665,0.02376599634369292,0.4259597806215722,494000.0,273500.0,-0.4331983805668016,-0.4605263157894737,0.02376599634369292,0.8062157221206582,,,,,,,,,,,,unavailable,False,outside_analysis,retrospective_snapshot,False,False,False,False,-0.09238249594813619,-0.2727272727272727,0.10153061224489796,0.07821662856139501,0.0878379197066064,0.012726822830748885,0.1969849246231156,3.0585932682447194,-0.0714657657972031,-0.11863373454937753,,,,,,,,,,,,0.5435540069686411,0.017421602787456445,False,False,False,False,False,False,False,False,False,,False,False,0,False,False,False,False,False,False,False,False,0,False,-0.12028639618138426,False,-0.038828337874659447,-0.05355415807347674,-0.15244087654588845,0.20557491289198607,0.24738675958188153,False,universe_proxy,0.6759581881533101,False,False,pending,False,기술조건 탈락,"탈락: 유동성, Price Action, AVWAP·위치, 오후 흐름, 상대강도, 변동성"
2026-07-21,361610,market_cap_10000eok_plus,SK아이이테크놀로지,13260,127,1691648495,3086892325.5,0.5480102046403562,0.6424468500712026,13260,-0.025000000000000022,0.04191176470588235,1084496946000,False,0.24561403508771928,0.38596491228070173,0.24561403508771928,14150.0,14200.0,-0.0035211267605633756,14150.0,-0.07279151943462903,-0.06289752650176683,15230.0,13540.0,-0.1293499671700591,-0.13854235062376885,-0.020679468242245203,0.12481536189069424,16000.0,13540.0,-0.17125,-0.18000000000000005,-0.020679468242245203,0.18168389955686853,18810.0,13540.0,-0.2950558213716108,-0.3024986709197236,-0.020679468242245203,0.3892171344165436,29750.0,13540.0,-0.5542857142857143,-0.5589915966386554,-0.020679468242245203,1.1971935007385524,,,,,,,,,,,,unavailable,False,outside_analysis,retrospective_snapshot,False,False,False,False,-0.08298755186721996,-0.2612813370473538,0.06997414350355527,0.04267124879650653,0.06950960589807825,-0.1740194979090538,0.28581986143187066,2.0583134110426964,-0.10038072977403656,-0.10138062565530626,,,,,,,,,,,,0.08362369337979095,0.34843205574912894,False,False,False,False,False,False,False,False,False,,False,False,0,False,False,False,False,False,False,False,False,0,False,-0.12028639618138426,False,-0.038828337874659447,-0.04415921399256051,-0.14099494086596953,0.24041811846689895,0.2682926829268293,False,universe_proxy,0.4146341463414634,True,False,pending,False,기술조건 탈락,"탈락: 유동성, Price Action, AVWAP·위치, 오후 흐름, 상대강도"
2026-07-21,373220,market_cap_10000eok_plus,LG에너지솔루션,317000,127,70186886000,149314639200.0,0.47006031274661514,0.519182564219223,317000,-0.0015748031496063408,0.03779527559055118,74178000000000,False,0.4166666666666667,0.5833333333333334,0.2916666666666667,316500.0,309500.0,0.022617124394184174,316500.0,-0.014218009478673022,0.0015797788309637184,349000.0,315500.0,-0.09169054441260749,-0.10601719197707737,0.004754358161648264,0.10618066561014262,362500.0,309500.0,-0.1255172413793103,-0.1393103448275862,0.024232633279483107,0.17124394184168013,407500.0,309500.0,-0.2220858895705522,-0.23435582822085887,0.024232633279483107,0.3166397415185784,497500.0,309500.0,-0.36281407035175883,-0.3728643216080402,0.024232633279483107,0.6074313408723748,,,,,,,,,,,,unavailable,False,outside_analysis,retrospective_snapshot,False,False,False,False,-0.03500761035007616,-0.17769130998702987,0.06365479945921586,0.048099724001415586,0.06765158639959598,-0.21829526645411546,0.31419469026548674,1.5129900720667777,-0.032355454821433205,-0.07954462783704364,1.0,61.0,15:30,exact_1530,0.004754358161648264,3.4190320075920972,0.5,-0.006269592476489061,0.0,0.2306576903158985,2차전지,0.89198606271777,0.23344947735191637,True,False,False,False,False,False,False,False,False,,False,False,0,True,True,False,True,False,True,False,True,2,False,-0.12028639618138426,True,-0.03669766314048911,0.0016900527904129548,-0.05740491380564561,0.75,0.4355400696864111,False,sector_constituent_proxy,0.34146341463414637,True,False,pending,False,기술조건 탈락,"탈락: Price Action, AVWAP·위치, 오후 흐름, 상대강도"
2026-07-21,375500,market_cap_10000eok_plus,DL이앤씨,59000,127,11328217700,29477535235.0,0.3843000308434709,0.4154788384829336,59000,0.01899827288428324,0.037996545768566495,2282923757000,False,0.8181818181818182,0.18181818181818182,0.09090909090909091,57900.0,58100.0,-0.0034423407917383297,57900.0,-0.012089810017271163,0.01899827288428324,65100.0,57100.0,-0.09370199692780334,-0.12135176651305679,0.03327495621716281,0.14010507880910683,68100.0,57100.0,-0.1336270190895742,-0.1600587371512482,0.03327495621716281,0.19264448336252188,76600.0,57100.0,-0.22976501305483032,-0.2532637075718016,0.03327495621716281,0.3415061295971979,106350.0,57100.0,-0.44522802068641276,-0.46215326751292896,0.03327495621716281,0.862521891418564,,,,,,,,,,,,unavailable,False,outside_analysis,retrospective_snapshot,False,False,False,False,-0.021558872305140975,-0.20270270270270274,0.06840193704600485,0.04630358334509237,0.06671201461659633,-0.05952906752056519,0.2923893805309734,2.165173630138922,-0.01137193441925155,-0.05603123908494223,,,,,,,,,,,,0.5261324041811847,0.08362369337979095,False,False,False,False,False,False,False,False,False,,False,False,0,False,False,False,False,False,False,False,False,0,False,-0.12028639618138426,False,-0.038828337874659447,0.017269465569518472,-0.08241630652131848,0.6376306620209059,0.40069686411149824,False,universe_proxy,0.40418118466898956,True,False,pending,False,기술조건 탈락,"탈락: 유동성, Price Action, AVWAP·위치, 오후 흐름, 상대강도"
2026-07-21,377300,market_cap_10000eok_plus,카카오페이,40800,127,8084747625,8936681231.35,0.9046700241067785,0.8850803964534145,40800,0.027707808564231717,0.0491183879093199,5519021100000,False,0.5641025641025641,0.4358974358974359,0.38461538461538464,37550.0,36900.0,0.017615176151761558,37550.0,0.05725699067909451,0.08655126498002663,41850.0,37550.0,-0.02508960573476704,-0.05137395459976102,0.08655126498002663,0.11451398135818908,41850.0,36900.0,-0.02508960573476704,-0.05137395459976102,0.10569105691056913,0.13414634146341464,44100.0,36550.0,-0.07482993197278909,-0.09977324263038545,0.11627906976744184,0.20656634746922026,64200.0,36550.0,-0.36448598130841126,-0.38161993769470404,0.11627906976744184,0.7564979480164159,,,,,,,,,,,,unavailable,False,outside_analysis,retrospective_snapshot,False,False,False,False,0.026415094339622636,-0.03431952662721893,0.054884453781512604,0.05124070142097542,0.05987165976719948,-0.12920317806381276,0.3644019138755981,1.2009010789716787,0.01737531628973632,0.007894872713856804,,,,,,,,,,,,0.26480836236933797,0.8501742160278746,True,False,False,False,False,False,False,False,False,,True,True,2,False,False,False,False,False,False,False,False,0,False,-0.12028639618138426,False,-0.038828337874659447,0.06524343221428208,0.08596686955416533,0.9094076655052264,0.7038327526132404,True,universe_proxy,0.2264808362369338,True,False,pending,False,기술조건 탈락,"탈락: Price Action, AVWAP·위치, 오후 흐름"
2026-07-21,383220,market_cap_10000eok_plus,F&F,75400,127,3806288450,5899980715.0,0.6451357443123439,0.6631097910635958,75400,0.013440860215053752,0.0456989247311828,2888353455000,False,0.7352941176470589,0.2647058823529412,0.47058823529411764,74000.0,75400.0,-0.018567639257294433,74000.0,-0.014864864864864824,0.018918918918918948,82700.0,73900.0,-0.08827085852478844,-0.1185006045949214,0.020297699594046037,0.11907983761840325,83300.0,73900.0,-0.09483793517406958,-0.12484993997599036,0.020297699594046037,0.12719891745602166,83300.0,70800.0,-0.09483793517406958,-0.12484993997599036,0.06497175141242928,0.1765536723163842,89000.0,65500.0,-0.15280898876404492,-0.18089887640449442,0.1511450381679389,0.35877862595419846,,,,,,,,,,,,unavailable,False,outside_analysis,retrospective_snapshot,False,False,False,False,-0.05632040050062581,0.0013280212483399723,0.0649867374005305,0.05201427207632399,0.060478973385445556,0.04295788315973348,0.30775510204081635,1.0143599913018926,-0.03570349058809996,-0.02377436685090073,,,,,,,,,,,,0.17421602787456447,0.5505226480836237,False,False,False,False,False,False,False,False,False,,False,False,0,False,False,False,False,False,False,False,False,0,False,-0.12028639618138426,False,-0.038828337874659447,-0.017492062625966365,0.12161441742972423,0.40069686411149824,0.794425087108014,False,universe_proxy,0.3623693379790941,True,False,pending,False,기술조건 탈락,"탈락: 유동성, Price Action, AVWAP·위치, 오후 흐름, 상대강도"
2026-07-21,395400,market_cap_10000eok_plus,SK리츠,5580,127,1302086545,1287342657.75,1.0114529625513764,1.0206575400021007,5580,-0.02276707530647981,0.03852889667250438,1679678319600,False,0.22727272727272727,0.0,0.22727272727272727,5390.0,5600.0,-0.03749999999999998,5390.0,0.025974025974025983,0.03525046382189245,5940.0,5390.0,-0.06060606060606055,-0.06902356902356899,0.03525046382189245,0.10204081632653061,6000.0,5390.0,-0.06999999999999995,-0.07833333333333337,0.03525046382189245,0.11317254174397032,6000.0,5310.0,-0.06999999999999995,-0.07833333333333337,0.05084745762711873,0.12994350282485875,7200.0,4760.0,-0.22499999999999998,-0.2319444444444444,0.17226890756302526,0.5126050420168067,,,,,,,,,,,,unavailable,False,outside_analysis,retrospective_snapshot,False,False,False,False,-0.017605633802816878,-0.04123711340206182,0.04723502304147465,0.04505464287186744,0.049091277916489706,-0.026909577135216467,0.4234146341463415,1.311277499597614,-0.003418822828358703,-0.00383633341958034,,,,,,,,,,,,0.017421602787456445,0.9233449477351916,False,False,False,False,False,False,False,False,False,,False,False,0,False,False,False,False,False,False,False,False,0,False,-0.12028639618138426,False,-0.038828337874659447,0.02122270407184257,0.07904928277932244,0.662020905923345,0.6759581881533101,True,universe_proxy,0.12195121951219512,False,False,pending,False,기술조건 탈락,"탈락: 유동성, Price Action, AVWAP·위치, 오후 흐름, 변동성"
2026-07-21,402340,market_cap_10000eok_plus,SK스퀘어,1253000,127,838828383000,2073050943971.85,0.4046347174627805,0.5270145959236967,1253000,0.06457094307561606,0.09090909090909091,165343857658000,False,0.9065420560747663,0.09345794392523364,0.2897196261682243,1086000.0,1227000.0,-0.11491442542787289,1086000.0,0.0644567219152854,0.15377532228360957,1439000.0,1086000.0,-0.1292564280750521,-0.19666435024322448,0.15377532228360957,0.3250460405156538,1692000.0,1086000.0,-0.2594562647754137,-0.31678486997635935,0.15377532228360957,0.5580110497237569,2189000.0,1086000.0,-0.4275925079945181,-0.47190497944266785,0.15377532228360957,1.0156537753222836,2189000.0,694000.0,-0.4275925079945181,-0.47190497944266785,0.8054755043227666,2.154178674351585,,,,,,,,,,,,unavailable,False,outside_analysis,retrospective_snapshot,False,False,False,False,0.07924203273040487,-0.36395939086294415,0.1424581005586592,0.09278783722653236,0.11647103597602534,-0.19348172536382913,0.14039215686274512,2.366330350990431,0.01324143065499217,-0.1964470452226652,4.0,61.0,15:30,exact_1530,0.017045454545454586,5.234395424836602,0.7727272727272727,-0.007917656373713333,0.0,0.2222079860226404,반도체 메모리,0.9930313588850174,0.11149825783972125,True,False,False,False,False,False,False,False,False,,True,False,1,True,True,True,True,False,True,True,True,3,True,-0.12028639618138426,True,0.017681728880157177,0.06156030385024769,-0.2436729946815599,1.0,0.09059233449477352,False,sector_constituent_proxy,0.9303135888501742,False,False,pending,False,기술조건 탈락,"탈락: Price Action, 상대강도, 변동성"
2026-07-21,403870,market_cap_10000eok_plus,HPSP,39100,127,89790039025,225756177613.75,0.39773015283162383,0.5049733977753443,39100,-0.010126582278481067,0.05189873417721519,3217930000000,False,0.7560975609756098,0.24390243902439024,0.7073170731707317,39250.0,37950.0,0.03425559947299073,39250.0,-0.043312101910828016,-0.003821656050955413,47750.0,38900.0,-0.18115183246073296,-0.21361256544502616,0.005141388174807249,0.2275064267352185,48500.0,37950.0,-0.1938144329896907,-0.22577319587628863,0.030303030303030276,0.2779973649538867,63500.0,37950.0,-0.38425196850393706,-0.4086614173228347,0.030303030303030276,0.6732542819499341,92000.0,37950.0,-0.575,-0.5918478260869565,0.030303030303030276,1.4242424242424243,,,,,,,,,,,,unavailable,False,outside_analysis,retrospective_snapshot,False,False,False,False,-0.06682577565632464,-0.3483333333333334,0.12952137376689807,0.08164665168603118,0.10558084920604205,-0.02028062086831195,0.15441466854724964,1.409063495791333,-0.07745063248575446,-0.1432560835491905,4.0,61.0,15:30,exact_1530,-0.0012771392081737387,2.6765267268023756,0.375,-0.012626262626262652,0.0,0.16383581445774706,반도체 장비,0.9337979094076655,0.10452961672473868,True,False,False,False,False,False,False,False,False,,False,False,0,True,True,False,False,False,True,False,True,1,False,-0.12028639618138426,True,-0.07326408230546239,0.006438306649137748,-0.22804693715194913,0.875,0.10452961672473868,False,sector_constituent_proxy,0.8710801393728222,False,False,pending,False,기술조건 탈락,"탈락: Price Action, AVWAP·위치, 오후 흐름, 상대강도, 변동성"
2026-07-21,415640,market_cap_10000eok_plus,KB발해인프라,11150,127,839043220,1375208637.5,0.6101206734167273,0.5897477863043787,11150,0.037209302325581506,0.05488372093023256,1366382860200,False,1.0,0.0,0.0,10420.0,9810.0,0.06218144750254839,10420.0,0.013435700575815668,0.07005758157389641,11150.0,10420.0,0.0,-0.05291479820627798,0.07005758157389641,0.07005758157389635,11380.0,10100.0,-0.020210896309314608,-0.07205623901581726,0.10396039603960405,0.12673267326732673,11380.0,9650.0,-0.020210896309314608,-0.07205623901581726,0.15544041450777213,0.17927461139896372,11380.0,9270.0,-0.020210896309314608,-0.07205623901581726,0.202804746494067,0.22761596548004315,,,,,,,,,,,,unavailable,False,outside_analysis,retrospective_snapshot,False,False,False,False,0.05387523629489599,0.1172344689378757,0.047469570787956446,0.04489163693254404,0.04301663205261423,0.10379793172874541,0.42132253711201073,2.586091679463118,0.02935328680778504,0.03069064292336865,,,,,,,,,,,,0.020905923344947737,0.49477351916376305,False,True,True,False,False,False,True,False,True,A|B,True,True,2,False,False,False,False,False,False,False,False,0,False,-0.12028639618138426,False,-0.038828337874659447,0.09270357416955544,0.23752086511925996,0.9442508710801394,0.9407665505226481,True,universe_proxy,0.1254355400696864,False,False,pending,False,기술조건 탈락,"탈락: 유동성, AVWAP·위치, 오후 흐름, 변동성"
2026-07-21,420770,market_cap_10000eok_plus,기가비스,142600,127,8404121150,26986167940.0,0.31142328798536334,0.34955786696330865,142600,-0.002797202797202747,0.0486013986013986,1807563090800,False,0.45323741007194246,0.4892086330935252,0.45323741007194246,143200.0,129600.0,0.1049382716049383,143200.0,-0.026187150837988837,-0.0041899441340782495,177000.0,142900.0,-0.1943502824858757,-0.21214689265536724,-0.0020993701889433503,0.23862841147655703,177000.0,129600.0,-0.1943502824858757,-0.21214689265536724,0.10030864197530853,0.36574074074074076,206000.0,129600.0,-0.3077669902912621,-0.32305825242718444,0.10030864197530853,0.5895061728395061,206000.0,85700.0,-0.3077669902912621,-0.32305825242718444,0.6639439906651108,1.4037339556592765,,,,,,,,,,,,unavailable,False,outside_analysis,retrospective_snapshot,False,False,False,False,-0.11975308641975313,-0.10427135678391963,0.15149769585253456,0.12125855774014652,0.1212532303649787,0.18522516106777642,0.1320152091254753,1.62099315356031,-0.08980012085079947,-0.11032213004983793,,,,,,,,,,,,0.5121951219512195,0.041811846689895474,False,False,False,False,False,False,False,False,False,,False,False,0,False,False,False,False,False,False,False,False,0,False,-0.12028639618138426,False,-0.038828337874659447,-0.08092474854509368,0.016015039397464625,0.08362369337979095,0.5331010452961672,False,universe_proxy,0.9477351916376306,False,False,pending,False,기술조건 탈락,"탈락: 유동성, Price Action, AVWAP·위치, 오후 흐름, 상대강도, 변동성"
2026-07-21,439260,market_cap_10000eok_plus,대한조선,43650,127,1998084200,3744190582.5,0.5336491708885922,0.6222507894433015,43650,0.004602991944764101,0.04833141542002301,1662573064500,False,0.7380952380952381,0.2619047619047619,0.40476190476190477,43200.0,48800.0,-0.11475409836065575,43200.0,-0.02546296296296291,0.01041666666666674,49350.0,43200.0,-0.11550151975683887,-0.14690982776089156,0.01041666666666674,0.1423611111111111,52900.0,43200.0,-0.17485822306238186,-0.20415879017013228,0.01041666666666674,0.22453703703703703,60900.0,43200.0,-0.28325123152709364,-0.3087027914614121,0.01041666666666674,0.4097222222222222,97600.0,43200.0,-0.552766393442623,-0.5686475409836065,0.01041666666666674,1.2592592592592593,,,,,,,,,,,,unavailable,False,outside_analysis,retrospective_snapshot,False,False,False,False,-0.060279870828848225,-0.2448096885813149,0.05899198167239404,0.050792401325858806,0.05699788079009849,-0.1026319138816878,0.33902912621359227,1.389759006776411,-0.02630631897665736,-0.02630631897665736,,,,,,,,,,,,0.09407665505226481,0.3240418118466899,False,False,False,False,False,False,False,False,False,,False,False,0,False,False,False,False,False,False,False,False,0,False,-0.12028639618138426,False,-0.038828337874659447,-0.02145153295418878,-0.12452329239993065,0.3832752613240418,0.29965156794425085,False,universe_proxy,0.27526132404181186,True,False,pending,False,기술조건 탈락,"탈락: 유동성, Price Action, AVWAP·위치, 오후 흐름, 상대강도"
2026-07-21,440110,market_cap_10000eok_plus,파두,77600,127,51302180150,76504271930.0,0.6705792873493464,0.7474046371789461,77600,0.08379888268156432,0.10614525139664804,3887870735200,False,0.9210526315789473,0.07894736842105263,0.11842105263157894,68200.0,63900.0,0.06729264475743357,68200.0,0.035190615835777095,0.1378299120234605,81300.0,68200.0,-0.045510455104551095,-0.13161131611316113,0.1378299120234605,0.19208211143695014,81300.0,63900.0,-0.045510455104551095,-0.13161131611316113,0.21439749608763692,0.27230046948356806,118800.0,63900.0,-0.3468013468013468,-0.4057239057239057,0.21439749608763692,0.8591549295774648,129400.0,58300.0,-0.4003091190108191,-0.45440494590417313,0.33104631217838776,1.2195540308747856,,,,,,,,,,,,unavailable,False,outside_analysis,retrospective_snapshot,False,False,False,False,0.09915014164305958,-0.3304572907679033,0.11110088365243004,0.11006195388662063,0.11260635913616876,-0.07331549871677767,0.18001657000828503,1.6116897562621324,0.047314592847665704,-0.03958019786563216,,,,,,,,,,,반도체 설계,0.7735191637630662,0.5958188153310104,True,False,False,False,False,False,False,False,False,,True,False,1,False,False,False,False,False,False,False,False,0,False,-0.12028639618138426,False,-0.038828337874659447,0.13797847951771902,-0.21017089458651905,0.9790940766550522,0.13937282229965156,False,universe_proxy,0.7665505226480837,False,False,pending,False,기술조건 탈락,"탈락: Price Action, AVWAP·위치, 오후 흐름, 상대강도, 변동성"
2026-07-21,443060,market_cap_10000eok_plus,HD현대마린솔루션,184300,127,29780911900,34546963072.3,0.8620413851624065,0.9679224575396351,184300,-0.06966178697627456,0.07470974255426552,8262806678000,False,0.22972972972972974,0.25,0.22972972972972974,186200.0,203000.0,-0.08275862068965523,186200.0,-0.0284640171858217,-0.010204081632653073,210500.0,186200.0,-0.12446555819477434,-0.14061757719714962,-0.010204081632653073,0.13050483351235231,220000.0,186200.0,-0.16227272727272724,-0.17772727272727273,-0.010204081632653073,0.18152524167561762,235500.0,186200.0,-0.2174097664543524,-0.23184713375796173,-0.010204081632653073,0.2647690655209452,287000.0,186200.0,-0.35783972125435537,-0.3696864111498258,-0.010204081632653073,0.5413533834586466,,,,,,,,,,,,unavailable,False,outside_analysis,retrospective_snapshot,False,False,False,False,-0.04803719008264462,-0.12028639618138426,0.07398651267343617,0.06637110398517117,0.06742134718275941,-0.04280169952228441,0.27031953902566785,1.118873515623553,-0.058003204072927694,-0.05856013607024857,,,,,,,,,,,,0.5714285714285714,0.818815331010453,True,False,False,False,False,False,False,False,False,,False,False,0,False,False,False,False,False,False,False,False,0,False,-0.12028639618138426,False,-0.038828337874659447,-0.009208852207985174,0.0,0.4425087108013937,0.5017421602787456,False,universe_proxy,0.44947735191637633,True,False,pending,False,기술조건 탈락,"탈락: Price Action, AVWAP·위치, 오후 흐름, 상대강도"
2026-07-21,450080,market_cap_10000eok_plus,에코프로머티,33400,127,10033711825,18292021593.45,0.548529410690881,0.686148407286836,33400,0.0,0.04940119760479042,2365183258000,False,0.8484848484848485,0.15151515151515152,0.36363636363636365,34150.0,34400.0,-0.007267441860465129,34150.0,-0.06295754026354317,-0.02196193265007318,40850.0,33200.0,-0.182374541003672,-0.21664626682986532,0.006024096385542244,0.23042168674698796,40850.0,33200.0,-0.182374541003672,-0.21664626682986532,0.006024096385542244,0.23042168674698796,53700.0,33200.0,-0.3780260707635009,-0.404096834264432,0.006024096385542244,0.6174698795180723,88800.0,33200.0,-0.6238738738738738,-0.6396396396396397,0.006024096385542244,1.6746987951807228,,,,,,,,,,,,unavailable,False,outside_analysis,retrospective_snapshot,False,False,False,False,-0.10094212651413192,-0.35521235521235517,0.09366980325064157,0.07527201778012528,0.08382748916554315,-0.04240462563815872,0.21351598173515982,1.6711832578133643,-0.05667870292717947,-0.12050242226323027,,,,,,,,,,,,0.4355400696864111,0.3519163763066202,True,False,False,False,False,False,False,False,False,,False,False,0,False,False,False,False,False,False,False,False,0,False,-0.12028639618138426,False,-0.038828337874659447,-0.06211378863947248,-0.2349259590309709,0.16376306620209058,0.0975609756097561,False,universe_proxy,0.6202090592334495,False,False,pending,False,기술조건 탈락,"탈락: Price Action, AVWAP·위치, 오후 흐름, 상대강도, 변동성"
2026-07-21,454910,market_cap_10000eok_plus,두산로보틱스,63900,127,37097047150,45992442430.0,0.8065900654539342,1.0568090497976,63900,0.03398058252427183,0.0970873786407767,4141996722000,False,0.7,0.3,0.21666666666666667,64000.0,82300.0,-0.2223572296476306,64000.0,-0.06718749999999996,-0.0015625000000000222,76600.0,61200.0,-0.16579634464751958,-0.22062663185378595,0.044117647058823595,0.25163398692810457,85300.0,61200.0,-0.2508792497069168,-0.30011723329425555,0.044117647058823595,0.3937908496732026,101800.0,61200.0,-0.37229862475442044,-0.4135559921414538,0.044117647058823595,0.6633986928104575,170000.0,61200.0,-0.6241176470588236,-0.6488235294117647,0.044117647058823595,1.7777777777777777,,,,,,,,,,,,unavailable,False,outside_analysis,retrospective_snapshot,False,False,False,False,-0.0884450784593438,-0.36354581673306774,0.09512631343617259,0.07416461173896276,0.07823545588802307,-0.05890157251754258,0.21024676850763807,1.06243052046312,-0.03176567471699043,-0.06827610234723236,,,,,,,,,,,,0.6550522648083623,0.7735191637630662,True,False,False,False,False,False,False,False,False,,False,False,0,False,False,False,False,False,False,False,False,0,False,-0.12028639618138426,False,-0.038828337874659447,-0.04961674058468435,-0.24325942055168348,0.2229965156794425,0.09407665505226481,False,universe_proxy,0.6376306620209059,False,False,pending,False,기술조건 탈락,"탈락: Price Action, AVWAP·위치, 오후 흐름, 상대강도, 변동성"
2026-07-21,457190,market_cap_10000eok_plus,이수스페셜티케미컬,54800,127,7544165550,9973707225.0,0.7564053545796758,0.9388534224129588,54800,0.018587360594795488,0.06133828996282528,1655994185600,False,0.9393939393939394,0.06060606060606061,0.3939393939393939,56900.0,58700.0,-0.030664395229982988,56900.0,-0.0913884007029877,-0.03690685413005268,67300.0,53300.0,-0.18573551263001487,-0.2317979197622585,0.02814258911819878,0.2626641651031895,68200.0,53300.0,-0.19648093841642233,-0.24193548387096775,0.02814258911819878,0.2795497185741088,81400.0,53300.0,-0.32678132678132676,-0.3648648648648649,0.02814258911819878,0.5272045028142589,131800.0,53300.0,-0.5842185128983308,-0.6077389984825493,0.02814258911819878,1.472795497185741,,,,,,,,,,,,unavailable,False,outside_analysis,retrospective_snapshot,False,False,False,False,-0.10163934426229504,-0.2965340179717587,0.08993743482794578,0.06267800235671706,0.07937678356320702,-0.024058839351134842,0.2223768115942029,1.646126289004955,-0.04481393619089247,-0.143065478195731,,,,,,,,,,,,0.27526132404181186,0.7073170731707317,True,False,False,False,False,False,False,False,False,,False,False,0,False,False,False,False,False,False,False,False,0,False,-0.12028639618138426,False,-0.038828337874659447,-0.06281100638763559,-0.17624762179037445,0.156794425087108,0.21602787456445993,False,universe_proxy,0.5923344947735192,False,False,pending,False,기술조건 탈락,"탈락: Price Action, AVWAP·위치, 오후 흐름, 상대강도, 변동성"
2026-07-21,458870,market_cap_10000eok_plus,씨어스,27950,127,4664040900,10567555561.25,0.4413547554083838,0.54875349417935,27950,-0.026132404181184676,0.06794425087108014,1063769733000,False,0.23076923076923078,0.4358974358974359,0.23076923076923078,31200.0,33150.0,-0.05882352941176472,31200.0,-0.11858974358974361,-0.10416666666666663,36700.0,28300.0,-0.23841961852861038,-0.2506811989100818,-0.012367491166077715,0.2968197879858657,37800.0,28300.0,-0.2605820105820106,-0.27248677248677244,-0.012367491166077715,0.33568904593639576,42850.0,28300.0,-0.34772462077012833,-0.35822637106184363,-0.012367491166077715,0.5141342756183745,55400.0,26600.0,-0.4954873646209387,-0.5036101083032491,0.050751879699248104,1.0827067669172932,,,,,,,,,,,,unavailable,False,outside_analysis,retrospective_snapshot,False,False,False,False,-0.15174506828528078,-0.0880913539967374,0.11078456427293637,0.0762054473812904,0.10149813562857934,-0.08985005344424679,0.18053056516724336,2.471431448247978,-0.12563866271730706,-0.21291641331204458,,,,,,,,,,,,0.289198606271777,0.18118466898954705,True,False,False,False,False,False,False,False,False,,False,False,0,False,False,False,False,False,False,False,False,0,False,-0.12028639618138426,False,-0.038828337874659447,-0.11291673041062134,0.03219504218464686,0.03832752613240418,0.5818815331010453,False,universe_proxy,0.759581881533101,False,False,pending,False,기술조건 탈락,"탈락: Price Action, AVWAP·위치, 오후 흐름, 상대강도, 변동성"
2026-07-21,462870,market_cap_10000eok_plus,시프트업,31350,127,1621442650,3943848233.75,0.4111321110493784,0.444831854126221,31350,-0.006339144215530945,0.03803486529318542,1841558251500,False,0.4583333333333333,0.5416666666666666,0.3333333333333333,31200.0,30400.0,0.026315789473684292,31200.0,-0.012820512820512775,0.004807692307692291,35550.0,31100.0,-0.11814345991561181,-0.13361462728551332,0.008038585209003246,0.14308681672025725,36600.0,31100.0,-0.14344262295081966,-0.1584699453551912,0.008038585209003246,0.17684887459807075,36600.0,30400.0,-0.14344262295081966,-0.1584699453551912,0.03125,0.20394736842105263,36650.0,27900.0,-0.1446111869031378,-0.15961800818553884,0.12365591397849451,0.31362007168458783,,,,,,,,,,,,unavailable,False,outside_analysis,retrospective_snapshot,False,False,False,False,-0.08199121522693997,-0.02941176470588236,0.058213716108452954,0.040684380008183904,0.05720568161247073,-0.04357465046558906,0.34356164383561644,1.4964911622862682,-0.044260760680650546,-0.044260760680650546,,,,,,,,,,,,0.10104529616724739,0.1254355400696864,False,False,False,False,False,False,False,False,False,,False,False,0,False,False,False,False,False,False,False,False,0,False,-0.12028639618138426,False,-0.038828337874659447,-0.043162877352280526,0.0908746314755019,0.24738675958188153,0.7247386759581882,False,universe_proxy,0.25435540069686413,True,False,pending,False,기술조건 탈락,"탈락: 유동성, Price Action, AVWAP·위치, 오후 흐름, 상대강도"
2026-07-21,475150,market_cap_10000eok_plus,SK이터닉스,55900,127,416007374150,255049035277.5,1.6310878168873415,1.407884269993181,55900,0.0,0.10196779964221825,1904345523600,False,0.19298245614035087,0.8070175438596491,0.10526315789473684,40050.0,36450.0,0.09876543209876543,40050.0,0.3682896379525593,0.3957553058676655,58500.0,43550.0,-0.0444444444444444,-0.06324786324786325,0.28358208955223874,0.34328358208955223,58500.0,40050.0,-0.0444444444444444,-0.06324786324786325,0.3957553058676655,0.4606741573033708,62000.0,36450.0,-0.09838709677419355,-0.11612903225806448,0.53360768175583,0.700960219478738,64200.0,30100.0,-0.12928348909657317,-0.14641744548286606,0.8571428571428572,1.132890365448505,,,,,,,,,,,,unavailable,False,outside_analysis,retrospective_snapshot,False,False,False,False,0.1633714880332986,0.3940149625935163,0.11934577050856121,0.13067846173655095,0.14547034511703835,-0.21328858578041043,0.16758029978586725,3.1722661988595395,0.09410892531518322,0.0746603149174212,5.0,61.0,15:30,exact_1530,-0.007104795737122527,2.3545832051676405,0.16666666666666666,-0.017574692442882234,0.0,0.061100900314895915,에너지,0.9547038327526133,0.9860627177700348,True,False,False,False,False,False,False,False,False,,True,True,2,True,True,True,False,False,True,False,True,1,False,-0.12028639618138426,True,-0.012690355329949221,0.17606184336324782,0.5143013587749006,1.0,1.0,True,sector_constituent_proxy,0.8292682926829268,False,False,pending,False,기술조건 탈락,"탈락: Price Action, 오후 흐름, 변동성"
2026-07-21,483650,market_cap_10000eok_plus,달바글로벌,236000,127,57137678500,36331915595.0,1.572658021584287,1.474127105612648,236000,0.0875576036866359,0.1313364055299539,2946380940000,False,0.7894736842105263,0.21052631578947367,0.017543859649122806,193000.0,202500.0,-0.04691358024691361,193000.0,0.10621761658031081,0.2227979274611398,222500.0,193000.0,0.06067415730337089,-0.04044943820224722,0.2227979274611398,0.15284974093264247,237500.0,193000.0,-0.0063157894736841635,-0.1010526315789474,0.2227979274611398,0.23056994818652848,258500.0,192100.0,-0.08704061895551263,-0.17408123791102514,0.22852680895367006,0.3456533055700156,274500.0,175500.0,-0.14025500910746813,-0.2222222222222222,0.3447293447293447,0.5641025641025641,,,,,,,,,,,,unavailable,False,outside_analysis,retrospective_snapshot,False,False,False,False,0.1829573934837092,0.17705735660847877,0.08725786924939467,0.07404724157224099,0.0965362745649767,-0.2373299051367257,0.2292056885189039,1.7343210644301252,0.09757765201909452,0.08429092961379481,,,,,,,,,,,화장품,0.5853658536585366,0.9790940766550522,True,False,True,False,False,False,True,False,True,B,True,True,2,False,False,False,False,False,False,False,False,0,False,-0.12028639618138426,False,-0.038828337874659447,0.22178573135836865,0.297343752789863,0.9965156794425087,0.9686411149825784,True,universe_proxy,0.5714285714285714,False,False,pending,False,기술조건 탈락,"탈락: AVWAP·위치, 오후 흐름, 변동성"
2026-07-21,489790,market_cap_10000eok_plus,한화비전,45000,127,9635727400,16382831425.0,0.5881600774635328,0.6633416497294281,45000,0.008968609865470878,0.04540358744394619,2271977550000,False,0.691358024691358,0.30864197530864196,0.49382716049382713,40000.0,41900.0,-0.04534606205250602,40000.0,0.09000000000000008,0.125,49000.0,40000.0,-0.08163265306122447,-0.11020408163265305,0.125,0.225,50700.0,40000.0,-0.1124260355029586,-0.14003944773175547,0.125,0.2675,69200.0,40000.0,-0.3497109826589595,-0.36994219653179194,0.125,0.73,92500.0,40000.0,-0.5135135135135135,-0.5286486486486486,0.125,1.3125,,,,,,,,,,,,unavailable,False,outside_analysis,retrospective_snapshot,False,False,False,False,0.034482758620689724,-0.31506849315068497,0.08908730158730159,0.07436897118686174,0.07871151664490646,-0.07257834757834747,0.2244988864142539,1.4711599903507455,-0.0006500270238964934,-0.01910456051696785,,,,,,,,,,,,0.40418118466898956,0.4425087108013937,True,False,False,False,False,False,False,False,False,,False,False,0,False,False,False,False,False,False,False,False,0,False,-0.12028639618138426,False,-0.038828337874659447,0.07331109649534917,-0.1947820969693007,0.9303135888501742,0.17421602787456447,False,universe_proxy,0.5888501742160279,False,False,pending,False,기술조건 탈락,"탈락: Price Action, AVWAP·위치, 오후 흐름, 상대강도, 변동성"
2026-07-21,950160,market_cap_10000eok_plus,코오롱티슈진,42900,127,1380049800,37913684780.0,0.03639978039612746,0.06894401562103877,42900,-0.2990196078431373,0.0,3645219864000,True,,,,82000.0,89600.0,-0.0848214285714286,82000.0,-0.4768292682926829,-0.4768292682926829,92800.0,55400.0,-0.5377155172413793,-0.5377155172413793,-0.22563176895306858,0.6750902527075813,96800.0,55400.0,-0.5568181818181819,-0.5568181818181819,-0.22563176895306858,0.7472924187725631,106200.0,55400.0,-0.596045197740113,-0.596045197740113,-0.22563176895306858,0.9169675090252708,149000.0,55400.0,-0.7120805369127516,-0.7120805369127516,-0.22563176895306858,1.6895306859205776,,,,,,,,,,,,unavailable,False,outside_analysis,retrospective_snapshot,False,False,False,False,-0.4399477806788512,-0.577755905511811,0.2722277722277722,0.14230944061311282,0.11174819432816627,1.2166823305775467,0.07346788990825688,4.123311530994631,-0.43464882370151603,-0.33638788806852327,,,,,,,,,,,,0.6027874564459931,0.003484320557491289,False,False,False,False,False,False,False,False,False,,False,False,0,False,False,False,False,False,False,False,False,0,False,-0.12028639618138426,False,-0.038828337874659447,-0.40111944280419176,-0.45746950933042674,0.003484320557491289,0.003484320557491289,False,universe_proxy,1.0,False,False,pending,False,기술조건 탈락,"탈락: 유동성, Price Action, AVWAP·위치, 오후 흐름, 상대강도, 변동성"
